timestamp,interface,connection_type,latency,packet_loss,jitter,download_bandwidth,upload_bandwidth,signal_strength,bytes_sent,bytes_received,packets_sent,packets_received,traffic_rate,network_utilization,data_source,heuristic_quality_label
2026-10-06T21:25:49.943559+00:00,Wi-Fi,Wi-Fi,19.77,0.0,2.85,82.1,21.05,89.4,23153494,101313194,30961,112760,12591.15,18.86,synthetic_demo,GOOD
2026-10-06T21:25:54.943559+00:00,Ethernet0,Ethernet,241.7,51.8,55.02,1.19,0.77,,23632120,102058129,31359,113380,238.98,73.97,synthetic_demo,POOR
2026-10-06T21:25:59.943559+00:00,Ethernet0,Ethernet,122.44,2.53,20.84,8.69,4.88,,26680260,107491841,33899,117908,1656.61,86.8,synthetic_demo,MODERATE
2026-10-06T21:26:04.943559+00:00,Wi-Fi,Wi-Fi,67.6,2.66,16.25,13.13,8.37,39.7,31910576,115696937,38257,124745,2624.1,62.37,synthetic_demo,POOR
2026-10-06T21:26:09.943559+00:00,Ethernet0,Ethernet,10.53,0.0,1.88,155.22,60.23,,69555582,212711647,69627,205590,26300.73,8.81,synthetic_demo,GOOD
2026-10-06T21:26:14.943559+00:00,Ethernet0,Ethernet,9.04,0.0,2.13,144.94,50.15,,100900475,303302106,95747,281082,23815.5,29.44,synthetic_demo,GOOD
2026-10-06T21:26:19.943559+00:00,Ethernet0,Ethernet,9.56,0.0,1.08,151.01,56.36,,136122538,397681754,125098,359731,25312.83,16.83,synthetic_demo,GOOD
2026-10-06T21:26:24.943559+00:00,Wi-Fi,Wi-Fi,134.15,8.04,44.02,9.63,1.97,41.6,137351435,403698032,126122,364744,1415.07,64.12,synthetic_demo,POOR
2026-10-06T21:26:29.943559+00:00,Wi-Fi,Wi-Fi,72.97,2.22,4.54,22.39,4.7,44.7,140288110,417689128,128569,376403,3306.21,51.69,synthetic_demo,MODERATE
2026-10-06T21:26:34.943559+00:00,Wi-Fi,Wi-Fi,83.46,2.29,18.36,13.94,1.08,73.8,140960573,426404589,129129,383665,1833.58,89.99,synthetic_demo,MODERATE
2026-10-06T21:26:39.943559+00:00,Ethernet0,Ethernet,13.27,0.0,0.45,148.85,47.37,,170568405,519437146,153802,461192,23953.2,27.79,synthetic_demo,GOOD
2026-10-06T21:26:44.943559+00:00,Wi-Fi,Wi-Fi,160.21,46.92,54.15,1.96,0.37,21.3,170800777,520663443,153995,462213,284.9,76.15,synthetic_demo,POOR
2026-10-06T21:26:49.943559+00:00,Wi-Fi,Wi-Fi,123.23,10.06,35.07,5.26,3.32,31.4,172876035,523948907,155724,464950,1047.02,81.71,synthetic_demo,POOR
2026-10-06T21:26:54.943559+00:00,Ethernet0,Ethernet,9.81,0.0,0.29,133.09,49.86,,204037916,607127993,181692,534265,22332.22,10.88,synthetic_demo,GOOD
2026-10-06T21:26:59.943559+00:00,Ethernet0,Ethernet,13.7,0.0,0.47,146.02,60.07,,241579139,698392371,212976,610318,25157.34,34.67,synthetic_demo,GOOD
2026-10-06T21:27:04.943559+00:00,Ethernet0,Ethernet,15.21,0.0,1.67,161.76,56.2,,276702506,799490569,242245,694566,26605.77,20.29,synthetic_demo,GOOD
2026-10-06T21:27:09.943559+00:00,Wi-Fi,Wi-Fi,20.95,0.0,1.41,68.03,26.24,76.8,293101840,842009386,255911,729998,11507.45,10.63,synthetic_demo,GOOD
2026-10-06T21:27:14.943559+00:00,Wi-Fi,Wi-Fi,107.03,0.81,18.43,17.15,8.33,44.3,298309803,852728203,260250,738930,3110.7,52.66,synthetic_demo,MODERATE
2026-10-06T21:27:19.943559+00:00,Wi-Fi,Wi-Fi,27.65,0.0,6.26,66.57,27.4,86.8,315432805,894335933,274519,773603,11470.85,27.06,synthetic_demo,GOOD
2026-10-06T21:27:24.943559+00:00,Wi-Fi,Wi-Fi,27.66,0.0,2.33,77.23,29.35,78.1,333778888,942606653,289807,813828,13011.09,39.26,synthetic_demo,GOOD
2026-10-06T21:27:29.943559+00:00,Wi-Fi,Wi-Fi,93.98,0.96,9.77,13.03,3.27,44.8,335822462,950748216,291509,820612,1989.28,54.26,synthetic_demo,MODERATE
2026-10-06T21:27:34.943559+00:00,Ethernet0,Ethernet,10.22,0.0,0.1,139.32,51.51,,368015655,1037820212,318336,893171,23293.98,30.09,synthetic_demo,GOOD
2026-10-06T21:27:39.943559+00:00,Wi-Fi,Wi-Fi,40.38,0.0,0.56,95.4,21.96,88.7,381740635,1097446298,329773,942859,14326.38,17.35,synthetic_demo,GOOD
2026-10-06T21:27:44.943559+00:00,Wi-Fi,Wi-Fi,19.93,0.0,10.53,64.78,29.84,78.1,400390091,1137933358,345314,976598,11550.1,15.1,synthetic_demo,MODERATE
2026-10-06T21:27:49.943559+00:00,Wi-Fi,Wi-Fi,29.97,0.0,8.32,95.61,20.74,80.6,413351382,1197688805,356115,1026394,14202.49,39.48,synthetic_demo,MODERATE
2026-10-06T21:27:54.943559+00:00,Wi-Fi,Wi-Fi,124.26,1.2,16.6,18.44,4.34,62.3,416064659,1209212606,358376,1035997,2780.68,98.27,synthetic_demo,MODERATE
2026-10-06T21:27:59.943559+00:00,Ethernet0,Ethernet,13.59,0.0,0.62,138.61,48.76,,446539525,1295844483,383771,1108190,22872.41,19.9,synthetic_demo,GOOD
2026-10-06T21:28:04.943559+00:00,Wi-Fi,Wi-Fi,69.92,1.55,10.17,22.03,7.21,38.1,451044263,1309610400,387524,1119661,3568.49,52.83,synthetic_demo,MODERATE
2026-10-06T21:28:09.943559+00:00,Wi-Fi,Wi-Fi,54.45,2.9,13.13,12.59,7.21,42.3,455548479,1317479793,391277,1126218,2416.72,43.7,synthetic_demo,MODERATE
2026-10-06T21:28:14.943559+00:00,Ethernet0,Ethernet,9.76,0.0,2.28,156.07,63.32,,495123955,1415022757,424256,1207503,26780.95,32.34,synthetic_demo,GOOD
2026-10-06T21:28:19.943559+00:00,Wi-Fi,Wi-Fi,37.78,2.16,12.89,11.21,6.84,48.0,499400159,1422031348,427819,1213343,2204.06,70.34,synthetic_demo,MODERATE
2026-10-06T21:28:24.943559+00:00,Ethernet0,Ethernet,14.5,0.0,3.78,151.96,41.01,,525031330,1517005269,449178,1292487,23555.68,27.22,synthetic_demo,GOOD
2026-10-06T21:28:29.943559+00:00,Ethernet0,Ethernet,13.47,0.0,2.39,178.28,45.51,,553477937,1628432610,472883,1385343,27319.13,18.91,synthetic_demo,GOOD
2026-10-06T21:28:34.943559+00:00,Wi-Fi,Wi-Fi,251.93,30.19,54.23,1.42,0.64,23.3,553877064,1629319925,473215,1386082,251.26,95.09,synthetic_demo,POOR
2026-10-06T21:28:39.943559+00:00,Wi-Fi,Wi-Fi,227.66,20.42,52.24,2.44,0.85,20.0,554408571,1630844565,473657,1387352,401.59,99.44,synthetic_demo,POOR
2026-10-06T21:28:44.943559+00:00,Wi-Fi,Wi-Fi,141.59,5.23,41.83,1.8,2.59,26.3,556025610,1631969432,475004,1388289,535.53,69.23,synthetic_demo,POOR
2026-10-06T21:28:49.943559+00:00,Wi-Fi,Wi-Fi,23.97,0.0,3.17,63.9,18.33,94.4,567479951,1671909077,484549,1421572,10037.89,16.82,synthetic_demo,GOOD
2026-10-06T21:28:54.943559+00:00,Ethernet0,Ethernet,12.6,0.0,1.88,175.06,53.27,,600772797,1781323237,512293,1512750,27872.46,31.03,synthetic_demo,GOOD
2026-10-06T21:28:59.943559+00:00,Wi-Fi,Wi-Fi,68.32,3.71,14.06,11.39,4.78,68.0,603763146,1788443902,514784,1518683,1974.81,97.15,synthetic_demo,MODERATE
2026-10-06T21:29:04.943559+00:00,Wi-Fi,Wi-Fi,24.36,0.0,1.29,78.33,22.94,82.2,618101516,1837398769,526732,1559478,12361.96,37.4,synthetic_demo,GOOD
2026-10-06T21:29:09.943559+00:00,Ethernet0,Ethernet,10.18,0.0,0.72,93.41,29.28,,636399686,1895780658,541980,1608129,14976.57,16.02,synthetic_demo,GOOD
2026-10-06T21:29:14.943559+00:00,Wi-Fi,Wi-Fi,20.24,0.0,4.96,80.84,13.9,90.4,645085870,1946308200,549218,1650235,11565.18,19.43,synthetic_demo,GOOD
2026-10-06T21:29:19.943559+00:00,Ethernet0,Ethernet,12.72,0.0,1.29,147.06,47.79,,674954354,2038218134,574108,1726826,23784.85,23.54,synthetic_demo,GOOD
2026-10-06T21:29:24.943559+00:00,Wi-Fi,Wi-Fi,137.43,8.32,11.01,8.05,1.89,34.3,676132602,2043249177,575089,1731018,1212.75,51.84,synthetic_demo,POOR
2026-10-06T21:29:29.943559+00:00,Wi-Fi,Wi-Fi,27.83,0.29,2.32,50.54,25.28,92.1,691930297,2074837703,588253,1757341,9255.12,15.89,synthetic_demo,GOOD
2026-10-06T21:29:34.943559+00:00,Wi-Fi,Wi-Fi,56.13,1.69,19.69,17.38,5.94,80.6,695642727,2085698498,591346,1766391,2846.33,90.85,synthetic_demo,MODERATE
2026-10-06T21:29:39.943559+00:00,Wi-Fi,Wi-Fi,24.13,0.0,2.72,70.1,22.22,88.1,709531962,2129511034,602920,1802901,11269.88,42.23,synthetic_demo,GOOD
2026-10-06T21:29:44.943559+00:00,Wi-Fi,Wi-Fi,75.44,3.41,4.48,30.25,6.31,36.3,713476118,2148419201,606206,1818657,4463.34,56.3,synthetic_demo,POOR
2026-10-06T21:29:49.943559+00:00,Wi-Fi,Wi-Fi,82.96,1.22,2.64,7.95,2.35,38.3,714943385,2153384981,607428,1822795,1256.45,57.63,synthetic_demo,MODERATE
2026-10-06T21:29:54.943559+00:00,Ethernet0,Ethernet,14.62,0.0,1.64,160.17,48.11,,745013946,2253491050,632486,1906216,25425.12,32.37,synthetic_demo,GOOD
2026-10-06T21:29:59.943559+00:00,Wi-Fi,Wi-Fi,251.62,38.85,68.52,0.17,0.28,19.2,745191648,2253595311,632634,1906302,55.07,88.86,synthetic_demo,POOR
2026-10-06T21:30:04.943559+00:00,Ethernet0,Ethernet,83.79,2.58,28.74,11.32,2.78,,746929625,2260669346,634082,1912197,1721.1,95.5,synthetic_demo,POOR
2026-10-06T21:30:09.943559+00:00,Ethernet0,Ethernet,136.28,34.83,54.67,2.16,0.7,,747367124,2262017271,634446,1913320,348.72,96.47,synthetic_demo,POOR
2026-10-06T21:30:14.943559+00:00,Wi-Fi,Wi-Fi,146.96,4.95,29.29,5.02,2.74,31.3,749079964,2265156526,635873,1915936,947.67,67.92,synthetic_demo,POOR
2026-10-06T21:30:19.943559+00:00,Wi-Fi,Wi-Fi,93.8,1.69,13.05,15.99,3.32,42.7,751153633,2275149360,637601,1924263,2356.74,72.04,synthetic_demo,MODERATE
2026-10-06T21:30:24.943559+00:00,Ethernet0,Ethernet,255.32,35.94,55.05,0.24,0.3,,751340608,2275299216,637756,1924387,65.79,83.08,synthetic_demo,POOR
2026-10-06T21:30:29.943559+00:00,Ethernet0,Ethernet,10.07,0.0,1.92,167.79,65.44,,792238719,2380168481,671837,2011778,28470.19,21.86,synthetic_demo,GOOD
2026-10-06T21:30:34.943559+00:00,Ethernet0,Ethernet,12.21,0.0,0.18,151.69,39.31,,816805878,2474974315,692309,2090782,23315.04,13.07,synthetic_demo,GOOD
2026-10-06T21:30:39.943559+00:00,Ethernet0,Ethernet,12.22,0.0,5.2,141.52,42.65,,843459322,2563423017,714520,2164489,22480.89,21.55,synthetic_demo,GOOD
2026-10-06T21:30:44.943559+00:00,Wi-Fi,Wi-Fi,24.87,0.0,17.28,47.69,21.47,95.9,856878779,2593228389,725702,2189326,8442.35,16.69,synthetic_demo,MODERATE
2026-10-06T21:30:49.943559+00:00,Wi-Fi,Wi-Fi,18.04,0.14,0.92,100.56,26.57,81.2,873482253,2656079345,739538,2241701,15518.44,38.4,synthetic_demo,GOOD
2026-10-06T21:30:54.943559+00:00,Wi-Fi,Wi-Fi,25.65,0.22,0.22,90.43,27.51,89.9,890675018,2712599054,753865,2288800,14396.97,43.91,synthetic_demo,GOOD
2026-10-06T21:30:59.943559+00:00,Wi-Fi,Wi-Fi,149.01,8.38,34.02,6.23,0.98,27.5,891284437,2716490462,754372,2292042,879.07,70.74,synthetic_demo,POOR
2026-10-06T21:31:04.943559+00:00,Wi-Fi,Wi-Fi,36.7,0.08,2.03,69.99,24.33,84.8,906490123,2760233385,767043,2328494,11513.4,35.01,synthetic_demo,GOOD
2026-10-06T21:31:09.943559+00:00,Wi-Fi,Wi-Fi,27.6,0.0,1.07,54.29,22.82,97.2,920752137,2794165272,778928,2356770,9412.87,14.57,synthetic_demo,GOOD
2026-10-06T21:31:14.943559+00:00,Wi-Fi,Wi-Fi,69.85,1.17,14.65,14.1,7.22,36.6,925265104,2802976588,782688,2364112,2602.4,56.61,synthetic_demo,MODERATE
2026-10-06T21:31:19.943559+00:00,Ethernet0,Ethernet,13.47,0.0,2.89,163.34,46.63,,954408494,2905062492,806974,2449183,25630.72,28.49,synthetic_demo,GOOD
2026-10-06T21:31:24.943559+00:00,Wi-Fi,Wi-Fi,139.83,10.84,32.41,10.3,2.58,39.5,956022669,2911498590,808319,2454546,1572.32,84.33,synthetic_demo,POOR
2026-10-06T21:31:29.943559+00:00,Ethernet0,Ethernet,10.87,0.0,0.38,162.64,43.77,,983380496,3013150101,831117,2539255,25197.14,10.61,synthetic_demo,GOOD
2026-10-06T21:31:34.943559+00:00,Wi-Fi,Wi-Fi,218.76,52.87,70.87,1.43,0.91,28.5,983947089,3014044531,831589,2540000,285.36,70.27,synthetic_demo,POOR
2026-10-06T21:31:39.943559+00:00,Wi-Fi,Wi-Fi,133.94,3.49,13.76,21.1,2.72,64.7,985648128,3027234094,833006,2550991,2908.32,96.27,synthetic_demo,MODERATE
2026-10-06T21:31:44.943559+00:00,Ethernet0,Ethernet,9.83,0.0,1.05,149.78,48.16,,1015747216,3120848254,858088,2629002,24162.74,15.02,synthetic_demo,GOOD
2026-10-06T21:31:49.943559+00:00,Ethernet0,Ethernet,9.17,0.0,1.32,132.37,64.04,,1055773253,3203580442,891443,2697945,23976.22,6.59,synthetic_demo,GOOD
2026-10-06T21:31:54.943559+00:00,Wi-Fi,Wi-Fi,108.19,5.88,20.72,2.55,2.26,32.1,1057183302,3205176345,892618,2699274,587.1,74.4,synthetic_demo,POOR
2026-10-06T21:31:59.943559+00:00,Ethernet0,Ethernet,70.95,2.57,9.03,13.84,4.34,,1059895650,3213826480,894878,2706482,2219.23,88.79,synthetic_demo,MODERATE
2026-10-06T21:32:04.943559+00:00,Wi-Fi,Wi-Fi,139.75,3.64,23.25,10.52,4.32,76.7,1062596095,3220404131,897128,2711963,1812.13,90.74,synthetic_demo,MODERATE
2026-10-06T21:32:09.943559+00:00,Wi-Fi,Wi-Fi,103.16,1.84,32.07,16.12,3.49,78.7,1064780255,3230477732,898948,2720357,2394.09,88.81,synthetic_demo,POOR
2026-10-06T21:32:14.943559+00:00,Ethernet0,Ethernet,11.17,0.0,1.31,139.8,73.82,,1110915964,3317850721,937394,2793167,26075.92,15.98,synthetic_demo,GOOD
2026-10-06T21:32:19.943559+00:00,Wi-Fi,Wi-Fi,29.14,0.0,2.22,85.87,25.31,82.1,1126732077,3371516544,950574,2837888,13570.69,40.43,synthetic_demo,GOOD
2026-10-06T21:32:24.943559+00:00,Ethernet0,Ethernet,10.06,0.02,1.96,166.22,44.86,,1154770198,3475402332,973939,2924459,25766.39,20.05,synthetic_demo,GOOD
2026-10-06T21:32:29.943559+00:00,Wi-Fi,Wi-Fi,93.04,9.94,29.75,3.21,4.94,41.4,1157854984,3477410846,976509,2926132,994.79,56.01,synthetic_demo,POOR
2026-10-06T21:32:34.943559+00:00,Wi-Fi,Wi-Fi,53.53,2.92,17.66,29.01,4.53,37.8,1160686142,3495541421,978868,2941240,4094.09,63.3,synthetic_demo,POOR
2026-10-06T21:32:39.943559+00:00,Wi-Fi,Wi-Fi,33.34,0.0,3.06,85.15,23.65,88.5,1175469416,3548758408,991187,2985587,13281.3,12.99,synthetic_demo,GOOD
2026-10-06T21:32:44.943559+00:00,Ethernet0,Ethernet,15.95,0.0,1.02,143.81,47.0,,1204842373,3638637660,1015664,3060486,23291.45,17.32,synthetic_demo,GOOD
2026-10-06T21:32:49.943559+00:00,Wi-Fi,Wi-Fi,27.55,0.0,6.8,87.29,27.12,77.0,1221792027,3693194284,1029788,3105949,13966.07,40.27,synthetic_demo,GOOD
2026-10-06T21:32:54.943559+00:00,Wi-Fi,Wi-Fi,20.17,0.0,1.62,66.92,20.91,78.1,1234861769,3735020155,1040679,3140803,10721.8,20.37,synthetic_demo,GOOD
2026-10-06T21:32:59.943559+00:00,Ethernet0,Ethernet,75.99,2.24,30.77,8.88,4.41,,1237617164,3740572606,1042975,3145430,1622.63,89.65,synthetic_demo,POOR
2026-10-06T21:33:04.943559+00:00,Wi-Fi,Wi-Fi,83.35,2.73,20.46,14.71,3.33,46.1,1239697335,3749767961,1044708,3153092,2202.25,58.47,synthetic_demo,MODERATE
2026-10-06T21:33:09.943559+00:00,Wi-Fi,Wi-Fi,160.34,9.42,37.15,4.87,3.11,25.3,1241643071,3752811390,1046329,3155628,974.45,63.04,synthetic_demo,POOR
2026-10-06T21:33:14.943559+00:00,Wi-Fi,Wi-Fi,19.53,0.0,2.35,85.16,19.6,93.5,1253894475,3806035219,1056538,3199981,12788.13,29.67,synthetic_demo,GOOD
2026-10-06T21:33:19.943559+00:00,Ethernet0,Ethernet,14.06,0.0,2.48,174.49,55.98,,1288884038,3915089989,1085695,3290859,28133.66,27.36,synthetic_demo,GOOD
2026-10-06T21:33:24.943559+00:00,Wi-Fi,Wi-Fi,58.25,1.85,31.26,11.32,4.12,76.5,1291458638,3922167182,1087840,3296756,1885.12,97.65,synthetic_demo,POOR
2026-10-06T21:33:29.943559+00:00,Wi-Fi,Wi-Fi,132.76,1.65,28.01,14.21,3.61,62.2,1293717419,3931051105,1089722,3304159,2176.31,91.13,synthetic_demo,POOR
2026-10-06T21:33:34.943559+00:00,Wi-Fi,Wi-Fi,96.64,1.19,19.87,13.52,9.81,36.8,1299851541,3939500424,1094833,3311200,2848.33,51.81,synthetic_demo,MODERATE
2026-10-06T21:33:39.943559+00:00,Wi-Fi,Wi-Fi,66.92,3.69,20.74,17.49,2.52,74.1,1301428613,3950429110,1096147,3320307,2442.53,98.21,synthetic_demo,MODERATE
2026-10-06T21:33:44.943559+00:00,Wi-Fi,Wi-Fi,22.74,0.1,8.36,91.26,26.05,86.0,1317710810,4007468468,1109715,3367839,14320.62,44.81,synthetic_demo,MODERATE
2026-10-06T21:33:49.943559+00:00,Wi-Fi,Wi-Fi,64.64,3.48,16.09,8.34,4.61,46.2,1320589173,4012682764,1112113,3372184,1580.6,50.65,synthetic_demo,MODERATE
2026-10-06T21:33:54.943559+00:00,Wi-Fi,Wi-Fi,31.13,0.0,21.42,72.25,19.97,78.7,1333071922,4057838295,1122515,3409813,11257.48,15.74,synthetic_demo,MODERATE
2026-10-06T21:33:59.943559+00:00,Ethernet0,Ethernet,9.56,0.0,2.36,158.7,46.95,,1362412734,4157026774,1146965,3492470,25103.38,14.85,synthetic_demo,GOOD
2026-10-06T21:34:04.943559+00:00,Ethernet0,Ethernet,9.37,0.0,0.51,158.56,46.71,,1391603425,4256124453,1171290,3575051,25056.32,34.68,synthetic_demo,GOOD
2026-10-06T21:34:09.943559+00:00,Ethernet0,Ethernet,16.19,0.0,0.66,162.4,14.18,,1400465533,4357626312,1178675,3659635,21555.46,14.48,synthetic_demo,GOOD
2026-10-06T21:34:14.943559+00:00,Wi-Fi,Wi-Fi,87.28,3.32,16.88,20.45,6.71,46.0,1404659315,4370406150,1182169,3670284,3315.16,68.91,synthetic_demo,MODERATE
2026-10-06T21:34:19.943559+00:00,Wi-Fi,Wi-Fi,20.85,0.0,1.89,50.93,21.86,87.1,1418320297,4402236571,1193553,3696809,8885.04,12.0,synthetic_demo,GOOD
2026-10-06T21:34:24.943559+00:00,Wi-Fi,Wi-Fi,69.15,0.83,14.05,9.02,8.73,49.8,1423774333,4407871145,1198098,3701504,2165.74,54.92,synthetic_demo,MODERATE
2026-10-06T21:34:29.943559+00:00,Wi-Fi,Wi-Fi,124.37,7.0,42.72,3.85,1.89,27.6,1424954651,4410274822,1199081,3703507,700.0,58.24,synthetic_demo,POOR
2026-10-06T21:34:34.943559+00:00,Ethernet0,Ethernet,15.6,0.0,2.94,146.86,68.53,,1467788468,4502061863,1234775,3779996,26293.14,20.61,synthetic_demo,GOOD
2026-10-06T21:34:39.943559+00:00,Wi-Fi,Wi-Fi,28.04,0.0,0.72,66.64,20.46,96.4,1480573562,4543713763,1245429,3814705,10632.23,13.12,synthetic_demo,GOOD
2026-10-06T21:34:44.943559+00:00,Ethernet0,Ethernet,160.54,3.57,31.46,5.95,2.0,,1481826025,4547432440,1246472,3817803,970.93,93.39,synthetic_demo,POOR
2026-10-06T21:34:49.943559+00:00,Ethernet0,Ethernet,6.56,0.0,0.39,171.84,35.24,,1503848127,4654833727,1264823,3907304,25278.01,13.26,synthetic_demo,GOOD
2026-10-06T21:34:54.943559+00:00,Ethernet0,Ethernet,12.6,0.0,3.6,164.66,31.07,,1523268363,4757746905,1281006,3993064,23893.24,16.79,synthetic_demo,GOOD
2026-10-06T21:34:59.943559+00:00,Wi-Fi,Wi-Fi,26.56,0.0,2.59,75.06,27.96,76.9,1540744856,4804659170,1295569,4032157,12575.93,31.7,synthetic_demo,GOOD
2026-10-06T21:35:04.943559+00:00,Ethernet0,Ethernet,14.27,0.0,0.32,141.84,55.87,,1575662339,4893309526,1324666,4106032,24134.34,12.97,synthetic_demo,GOOD
2026-10-06T21:35:09.943559+00:00,Ethernet0,Ethernet,206.28,24.26,49.26,2.36,0.94,,1576246804,4894786819,1325153,4107263,402.69,76.21,synthetic_demo,POOR
2026-10-06T21:35:14.943559+00:00,Wi-Fi,Wi-Fi,65.84,7.19,32.34,2.43,2.93,43.6,1578075538,4896304804,1326676,4108527,653.66,63.42,synthetic_demo,POOR
2026-10-06T21:35:19.943559+00:00,Wi-Fi,Wi-Fi,73.18,1.98,7.72,15.47,3.37,36.0,1580182824,4905973826,1328432,4116584,2300.06,48.08,synthetic_demo,MODERATE
2026-10-06T21:35:24.943559+00:00,Wi-Fi,Wi-Fi,162.77,10.51,31.43,9.55,2.34,29.0,1581646464,4911943802,1329651,4121558,1451.88,57.54,synthetic_demo,POOR
2026-10-06T21:35:29.943559+00:00,Wi-Fi,Wi-Fi,132.9,6.69,27.85,2.62,2.22,33.2,1583030976,4913582105,1330804,4122923,590.39,82.7,synthetic_demo,POOR
2026-10-06T21:35:34.943559+00:00,Ethernet0,Ethernet,13.92,0.04,1.25,141.16,51.11,,1614974015,5001808993,1357423,4196445,23470.69,17.09,synthetic_demo,GOOD
2026-10-06T21:35:39.943559+00:00,Wi-Fi,Wi-Fi,181.83,9.29,42.08,4.11,1.72,33.5,1616050568,5004380266,1358320,4198587,712.47,54.51,synthetic_demo,POOR
2026-10-06T21:35:44.943559+00:00,Wi-Fi,Wi-Fi,74.27,1.45,18.3,17.93,9.17,41.2,1621784727,5015584412,1363098,4207923,3308.26,68.42,synthetic_demo,MODERATE
2026-10-06T21:35:49.943559+00:00,Wi-Fi,Wi-Fi,148.63,4.85,40.26,10.55,2.38,27.7,1623273310,5022175871,1364338,4213415,1578.13,58.0,synthetic_demo,POOR
2026-10-06T21:35:54.943559+00:00,Wi-Fi,Wi-Fi,129.06,7.85,48.37,7.86,0.01,38.5,1623279560,5027087787,1364343,4217508,960.58,74.59,synthetic_demo,POOR
2026-10-06T21:35:59.943559+00:00,Wi-Fi,Wi-Fi,25.21,0.0,9.22,83.97,18.13,77.9,1634611156,5079568390,1373785,4261241,12463.32,39.49,synthetic_demo,MODERATE
2026-10-06T21:36:04.943559+00:00,Ethernet0,Ethernet,14.42,0.0,1.62,121.77,48.63,,1665006175,5155677702,1399114,4324665,20801.63,23.05,synthetic_demo,GOOD
2026-10-06T21:36:09.943559+00:00,Ethernet0,Ethernet,11.68,0.0,0.86,136.97,57.03,,1700650815,5241281762,1428817,4396001,23681.39,28.14,synthetic_demo,GOOD
2026-10-06T21:36:14.943559+00:00,Wi-Fi,Wi-Fi,27.67,0.08,2.31,67.75,29.21,84.9,1718906379,5283622851,1444029,4431285,11835.28,26.47,synthetic_demo,GOOD
2026-10-06T21:36:19.943559+00:00,Wi-Fi,Wi-Fi,127.05,11.46,30.58,11.4,2.86,43.2,1720693188,5290746446,1445518,4437221,1740.31,62.1,synthetic_demo,POOR
2026-10-06T21:36:24.943559+00:00,Wi-Fi,Wi-Fi,120.29,5.9,33.11,7.51,2.63,32.0,1722334774,5295442536,1446885,4441134,1237.83,63.19,synthetic_demo,POOR
2026-10-06T21:36:29.943559+00:00,Ethernet0,Ethernet,10.14,0.0,2.46,136.77,41.44,,1748232595,5380923267,1468466,4512367,21753.62,20.13,synthetic_demo,GOOD
2026-10-06T21:36:34.943559+00:00,Wi-Fi,Wi-Fi,62.77,3.1,14.1,17.34,8.58,46.0,1753597670,5391760746,1472936,4521398,3164.56,68.59,synthetic_demo,MODERATE
2026-10-06T21:36:39.943559+00:00,Wi-Fi,Wi-Fi,21.25,0.0,4.72,72.59,37.5,75.9,1777037984,5437131814,1492469,4559207,13439.72,44.45,synthetic_demo,GOOD
2026-10-06T21:36:44.943559+00:00,Ethernet0,Ethernet,9.36,0.0,0.5,142.93,66.89,,1818845414,5526460742,1527308,4633647,25612.57,18.37,synthetic_demo,GOOD
2026-10-06T21:36:49.943559+00:00,Ethernet0,Ethernet,16.17,0.0,0.46,183.97,26.86,,1835630063,5641439371,1541295,4729462,25735.02,24.91,synthetic_demo,GOOD
2026-10-06T21:36:54.943559+00:00,Wi-Fi,Wi-Fi,22.54,0.0,0.49,94.92,24.14,91.8,1850715596,5700764904,1553866,4778899,14533.41,10.71,synthetic_demo,GOOD
2026-10-06T21:36:59.943559+00:00,Wi-Fi,Wi-Fi,271.93,36.92,56.13,2.33,0.51,19.8,1851034100,5702222209,1554131,4780113,346.84,73.59,synthetic_demo,POOR
2026-10-06T21:37:04.943559+00:00,Wi-Fi,Wi-Fi,30.24,0.0,0.85,75.47,28.45,90.6,1868815580,5749392442,1568948,4819421,12685.88,37.25,synthetic_demo,GOOD
2026-10-06T21:37:09.943559+00:00,Wi-Fi,Wi-Fi,80.46,0.6,10.01,10.7,5.98,38.7,1872554848,5756076891,1572064,4824991,2035.88,52.78,synthetic_demo,MODERATE
2026-10-06T21:37:14.943559+00:00,Wi-Fi,Wi-Fi,89.96,2.41,23.35,13.19,2.09,75.9,1873860111,5764319489,1573151,4831859,1864.82,92.79,synthetic_demo,MODERATE
2026-10-06T21:37:19.943559+00:00,Wi-Fi,Wi-Fi,20.8,0.0,1.7,93.25,35.94,75.4,1896324170,5822603572,1591871,4880429,15771.12,32.89,synthetic_demo,GOOD
2026-10-06T21:37:24.943559+00:00,Ethernet0,Ethernet,228.31,28.94,58.37,0.41,0.39,,1896567224,5822856725,1592073,4880639,96.92,87.77,synthetic_demo,POOR
2026-10-06T21:37:29.943559+00:00,Ethernet0,Ethernet,265.09,16.96,61.14,0.12,0.24,,1896718054,5822932973,1592198,4880702,44.35,98.77,synthetic_demo,POOR
2026-10-06T21:37:34.943559+00:00,Wi-Fi,Wi-Fi,23.62,0.0,0.91,82.29,23.37,84.6,1911326494,5874365803,1604371,4923562,12898.69,35.21,synthetic_demo,GOOD
2026-10-06T21:37:39.943559+00:00,Wi-Fi,Wi-Fi,24.16,0.0,2.18,86.53,25.92,88.2,1927525867,5928446878,1617870,4968629,13726.65,41.76,synthetic_demo,GOOD
2026-10-06T21:37:44.943559+00:00,Wi-Fi,Wi-Fi,22.93,0.0,2.29,71.55,29.85,86.1,1946182432,5973165390,1633417,5005894,12377.94,12.47,synthetic_demo,GOOD
2026-10-06T21:37:49.943559+00:00,Wi-Fi,Wi-Fi,20.32,0.0,1.0,57.24,34.97,78.7,1968038253,6008941865,1651630,5035707,11256.31,27.03,synthetic_demo,GOOD
2026-10-06T21:37:54.943559+00:00,Ethernet0,Ethernet,10.86,0.0,3.02,179.77,61.12,,2006235891,6121296798,1683461,5129336,29404.8,8.79,synthetic_demo,GOOD
2026-10-06T21:37:59.943559+00:00,Wi-Fi,Wi-Fi,60.19,3.3,19.32,23.72,7.65,39.4,2011018680,6136122038,1687446,5141690,3829.69,55.51,synthetic_demo,POOR
2026-10-06T21:38:04.943559+00:00,Wi-Fi,Wi-Fi,101.67,0.81,17.91,22.72,4.88,45.4,2014069247,6150321061,1689988,5153522,3369.06,56.16,synthetic_demo,MODERATE
2026-10-06T21:38:09.943559+00:00,Ethernet0,Ethernet,13.9,0.0,0.79,115.14,64.48,,2054367974,6222284216,1723570,5213491,21926.15,26.33,synthetic_demo,GOOD
2026-10-06T21:38:14.943559+00:00,Wi-Fi,Wi-Fi,29.69,0.34,1.84,61.86,20.97,86.1,2067474850,6260948193,1734492,5245710,10111.49,41.04,synthetic_demo,GOOD
2026-10-06T21:38:19.943559+00:00,Wi-Fi,Wi-Fi,183.25,5.23,25.28,6.75,1.99,40.4,2068717260,6265165762,1735527,5249224,1066.4,57.37,synthetic_demo,POOR
2026-10-06T21:38:24.943559+00:00,Ethernet0,Ethernet,8.03,0.0,2.27,150.17,42.73,,2095421502,6359023113,1757780,5327438,23547.19,32.67,synthetic_demo,GOOD
2026-10-06T21:38:29.943559+00:00,Ethernet0,Ethernet,13.81,0.0,0.72,199.95,50.46,,2126959041,6483990802,1784061,5431577,30567.43,21.8,synthetic_demo,GOOD
2026-10-06T21:38:34.943559+00:00,Wi-Fi,Wi-Fi,31.42,0.0,5.03,21.92,19.58,92.6,2139195779,6497689010,1794258,5442992,5065.42,42.64,synthetic_demo,GOOD
2026-10-06T21:38:39.943559+00:00,Ethernet0,Ethernet,246.14,31.61,55.85,0.37,0.94,,2139781584,6497920423,1794746,5443184,159.61,75.51,synthetic_demo,POOR
2026-10-06T21:38:44.943559+00:00,Ethernet0,Ethernet,9.2,0.0,0.78,175.1,45.02,,2167921130,6607359745,1818195,5534383,26870.87,18.69,synthetic_demo,GOOD
2026-10-06T21:38:49.943559+00:00,Wi-Fi,Wi-Fi,112.05,1.41,9.77,16.72,7.0,77.9,2172298645,6617807893,1821842,5543089,2895.64,98.13,synthetic_demo,MODERATE
2026-10-06T21:38:54.943559+00:00,Ethernet0,Ethernet,98.0,3.51,16.78,11.35,3.96,,2174774881,6624902186,1823905,5549000,1869.24,91.19,synthetic_demo,MODERATE
2026-10-06T21:38:59.943559+00:00,Ethernet0,Ethernet,12.15,0.0,0.96,137.92,59.74,,2212110669,6711103949,1855018,5620834,24128.43,24.86,synthetic_demo,GOOD
2026-10-06T21:39:04.943559+00:00,Wi-Fi,Wi-Fi,118.96,3.29,9.38,13.07,4.19,81.6,2214731258,6719272028,1857201,5627640,2107.16,87.28,synthetic_demo,MODERATE
2026-10-06T21:39:09.943559+00:00,Wi-Fi,Wi-Fi,23.27,0.0,5.76,71.73,26.92,95.8,2231557129,6764106224,1871222,5665001,12042.98,21.22,synthetic_demo,GOOD
2026-10-06T21:39:14.943559+00:00,Wi-Fi,Wi-Fi,62.45,0.63,15.37,15.4,9.44,40.1,2237459822,6773729198,1876140,5673020,3032.36,46.66,synthetic_demo,MODERATE
2026-10-06T21:39:19.943559+00:00,Wi-Fi,Wi-Fi,66.04,1.95,8.93,9.79,3.79,54.3,2239826728,6779848920,1878112,5678119,1657.54,62.46,synthetic_demo,MODERATE
2026-10-06T21:39:24.943559+00:00,Wi-Fi,Wi-Fi,73.88,3.13,13.09,14.56,5.44,50.2,2243225321,6788946110,1880944,5685699,2440.58,61.21,synthetic_demo,MODERATE
2026-10-06T21:39:29.943559+00:00,Ethernet0,Ethernet,10.43,0.0,1.46,151.98,50.2,,2274602928,6883932782,1907092,5764854,24680.52,21.35,synthetic_demo,GOOD
2026-10-06T21:39:34.943559+00:00,Wi-Fi,Wi-Fi,83.7,6.63,28.16,6.61,1.98,28.2,2275841743,6888062057,1908124,5768295,1048.46,84.24,synthetic_demo,POOR
2026-10-06T21:39:39.943559+00:00,Wi-Fi,Wi-Fi,20.12,0.0,2.01,95.86,18.22,78.0,2287229335,6947977422,1917613,5818224,13926.36,25.06,synthetic_demo,GOOD
2026-10-06T21:39:44.943559+00:00,Ethernet0,Ethernet,13.43,0.18,2.68,143.37,59.67,,2324520236,7037584529,1948688,5892896,24784.77,5.94,synthetic_demo,GOOD
2026-10-06T21:39:49.943559+00:00,Ethernet0,Ethernet,10.31,0.0,1.12,130.37,35.95,,2346990130,7119067954,1967412,5960798,20303.38,6.99,synthetic_demo,GOOD
2026-10-06T21:39:54.943559+00:00,Wi-Fi,Wi-Fi,60.4,3.35,24.87,19.23,2.75,44.6,2348710901,7131086986,1968845,5970813,2683.56,64.6,synthetic_demo,MODERATE
2026-10-06T21:39:59.943559+00:00,Wi-Fi,Wi-Fi,92.76,3.07,17.68,13.23,2.05,65.4,2349989484,7139357010,1969910,5977704,1864.96,97.06,synthetic_demo,MODERATE
2026-10-06T21:40:04.943559+00:00,Ethernet0,Ethernet,12.07,0.0,0.4,163.96,54.57,,2384097760,7241831685,1998333,6063099,26676.36,33.32,synthetic_demo,GOOD
2026-10-06T21:40:09.943559+00:00,Wi-Fi,Wi-Fi,116.96,1.69,14.47,29.65,2.51,44.1,2385663732,7260365105,1999637,6078543,3925.66,56.48,synthetic_demo,MODERATE
2026-10-06T21:40:14.943559+00:00,Ethernet0,Ethernet,12.24,0.0,4.24,144.3,48.94,,2416250018,7350554643,2025125,6153700,23589.03,19.89,synthetic_demo,GOOD
2026-10-06T21:40:19.943559+00:00,Wi-Fi,Wi-Fi,49.87,2.78,15.84,19.77,5.52,49.1,2419702225,7362911765,2028001,6163997,3087.76,55.88,synthetic_demo,MODERATE
2026-10-06T21:40:24.943559+00:00,Ethernet0,Ethernet,14.94,0.0,0.7,152.73,77.03,,2467846147,7458371098,2068120,6243546,28047.51,10.67,synthetic_demo,GOOD
2026-10-06T21:40:29.943559+00:00,Ethernet0,Ethernet,103.08,2.89,16.53,13.04,2.58,,2469459400,7466520806,2069464,6250337,1906.83,86.1,synthetic_demo,MODERATE
2026-10-06T21:40:34.943559+00:00,Wi-Fi,Wi-Fi,26.3,0.0,1.55,62.78,25.88,84.9,2485634870,7505757468,2082943,6283034,10822.68,16.12,synthetic_demo,GOOD
2026-10-06T21:40:39.943559+00:00,Ethernet0,Ethernet,331.71,29.64,63.98,0.33,0.98,,2486245543,7505962076,2083451,6283204,159.23,78.59,synthetic_demo,POOR
2026-10-06T21:40:44.943559+00:00,Ethernet0,Ethernet,16.65,0.16,1.15,131.07,47.64,,2516017737,7587883630,2108261,6351471,21815.19,9.87,synthetic_demo,GOOD
2026-10-06T21:40:49.943559+00:00,Wi-Fi,Wi-Fi,24.4,0.0,3.48,85.09,33.85,84.3,2537176192,7641064496,2125893,6395788,14519.4,22.73,synthetic_demo,GOOD
2026-10-06T21:40:54.943559+00:00,Ethernet0,Ethernet,13.66,0.0,0.29,127.89,35.43,,2559322517,7720994177,2144348,6462396,19936.72,18.4,synthetic_demo,GOOD
2026-10-06T21:40:59.943559+00:00,Wi-Fi,Wi-Fi,333.29,52.13,98.91,0.83,0.22,11.7,2559461715,7721513818,2144463,6462829,128.68,91.42,synthetic_demo,POOR
2026-10-06T21:41:04.943559+00:00,Wi-Fi,Wi-Fi,100.2,5.97,22.93,10.72,1.1,32.4,2560148608,7728211892,2145035,6468410,1442.38,53.52,synthetic_demo,POOR
2026-10-06T21:41:09.943559+00:00,Wi-Fi,Wi-Fi,12.69,0.0,3.27,56.42,29.8,85.6,2578775413,7763474584,2160557,6497795,10525.29,16.77,synthetic_demo,GOOD
2026-10-06T21:41:14.943559+00:00,Wi-Fi,Wi-Fi,90.29,1.78,17.12,13.34,2.66,61.9,2580435416,7771811820,2161940,6504742,1952.59,86.88,synthetic_demo,MODERATE
2026-10-06T21:41:19.943559+00:00,Wi-Fi,Wi-Fi,87.4,9.81,44.28,1.15,2.38,38.0,2581923402,7772528443,2163179,6505339,430.59,54.07,synthetic_demo,POOR
2026-10-06T21:41:24.943559+00:00,Wi-Fi,Wi-Fi,26.93,1.3,21.96,23.89,6.55,55.0,2586017042,7787459191,2166590,6517781,3715.7,61.27,synthetic_demo,MODERATE
2026-10-06T21:41:29.943559+00:00,Wi-Fi,Wi-Fi,47.18,1.27,12.59,4.4,5.3,53.3,2589328569,7790211495,2169349,6520074,1184.34,52.89,synthetic_demo,MODERATE
2026-10-06T21:41:34.943559+00:00,Ethernet0,Ethernet,8.5,0.0,1.58,119.59,34.29,,2610758866,7864957910,2187207,6582362,18784.51,29.54,synthetic_demo,GOOD
2026-10-06T21:41:39.943559+00:00,Ethernet0,Ethernet,14.7,0.17,1.08,148.6,24.78,,2626244629,7957830155,2200111,6659755,21163.67,25.02,synthetic_demo,GOOD
2026-10-06T21:41:44.943559+00:00,Wi-Fi,Wi-Fi,65.36,5.54,25.25,5.47,0.01,33.1,2626250879,7961249904,2200116,6662604,669.14,73.75,synthetic_demo,POOR
2026-10-06T21:41:49.943559+00:00,Wi-Fi,Wi-Fi,152.7,8.99,31.13,5.64,2.09,32.9,2627559462,7964776617,2201206,6665542,944.39,61.79,synthetic_demo,POOR
2026-10-06T21:41:54.943559+00:00,Wi-Fi,Wi-Fi,96.77,0.74,16.05,21.88,3.8,45.9,2629935656,7978448706,2203186,6676935,3134.43,69.15,synthetic_demo,MODERATE
2026-10-06T21:41:59.943559+00:00,Wi-Fi,Wi-Fi,28.22,0.0,1.19,76.23,28.36,94.2,2647661872,8026092351,2217957,6716638,12767.55,44.84,synthetic_demo,GOOD
2026-10-06T21:42:04.943559+00:00,Wi-Fi,Wi-Fi,25.83,0.05,2.82,66.5,29.23,80.5,2665930120,8067655176,2233180,6751273,11685.76,37.54,synthetic_demo,GOOD
2026-10-06T21:42:09.943559+00:00,Wi-Fi,Wi-Fi,113.09,2.57,5.8,8.64,5.98,75.3,2669669651,8073056472,2236296,6755774,1785.32,93.2,synthetic_demo,MODERATE
2026-10-06T21:42:14.943559+00:00,Wi-Fi,Wi-Fi,208.08,6.45,39.08,6.0,0.46,41.8,2669954379,8076808553,2236533,6758900,788.44,74.55,synthetic_demo,POOR
2026-10-06T21:42:19.943559+00:00,Wi-Fi,Wi-Fi,113.96,7.53,43.66,2.29,1.57,26.2,2670937687,8078239809,2237352,6760092,471.59,70.68,synthetic_demo,POOR
2026-10-06T21:42:24.943559+00:00,Ethernet0,Ethernet,88.5,3.32,27.67,13.03,4.18,,2673547919,8086382202,2239527,6766877,2100.12,90.72,synthetic_demo,POOR
2026-10-06T21:42:29.943559+00:00,Wi-Fi,Wi-Fi,66.09,2.39,25.27,9.96,5.57,45.2,2677026775,8092606988,2242426,6772064,1895.24,58.5,synthetic_demo,POOR
2026-10-06T21:42:34.943559+00:00,Ethernet0,Ethernet,13.51,0.0,0.18,165.9,50.03,,2708292414,8196296823,2268480,6858472,26358.49,31.82,synthetic_demo,GOOD
2026-10-06T21:42:39.943559+00:00,Ethernet0,Ethernet,16.52,0.0,0.1,163.72,28.46,,2726081597,8298620045,2283304,6943741,23459.45,9.44,synthetic_demo,GOOD
2026-10-06T21:42:44.943559+00:00,Wi-Fi,Wi-Fi,145.25,9.86,19.98,6.72,2.49,38.4,2727635540,8302819778,2284598,6947240,1123.76,63.8,synthetic_demo,POOR
2026-10-06T21:42:49.943559+00:00,Wi-Fi,Wi-Fi,114.83,1.75,16.96,18.99,9.49,36.5,2733568232,8314690363,2289541,6957132,3477.2,46.72,synthetic_demo,MODERATE
2026-10-06T21:42:54.943559+00:00,Ethernet0,Ethernet,13.25,0.0,0.19,165.07,59.39,,2770685254,8417862058,2320471,7043108,27400.14,10.3,synthetic_demo,GOOD
2026-10-06T21:42:59.943559+00:00,Ethernet0,Ethernet,8.94,0.0,3.52,173.05,37.83,,2794326480,8526020159,2340172,7133239,25742.06,10.64,synthetic_demo,GOOD
2026-10-06T21:43:04.943559+00:00,Ethernet0,Ethernet,76.58,1.88,17.58,6.26,3.13,,2796283335,8529931769,2341802,7136498,1146.18,91.28,synthetic_demo,MODERATE
2026-10-06T21:43:09.943559+00:00,Ethernet0,Ethernet,14.85,0.0,0.86,133.26,52.0,,2828780900,8613218142,2368883,7205903,22614.05,9.72,synthetic_demo,GOOD
2026-10-06T21:43:14.943559+00:00,Ethernet0,Ethernet,14.74,0.0,1.08,165.81,53.06,,2861940888,8716852154,2396516,7292264,26717.58,18.21,synthetic_demo,GOOD
2026-10-06T21:43:19.943559+00:00,Wi-Fi,Wi-Fi,79.99,1.97,17.0,8.19,7.94,54.7,2866900819,8721968732,2400649,7296527,1968.07,63.36,synthetic_demo,MODERATE
2026-10-06T21:43:24.943559+00:00,Wi-Fi,Wi-Fi,142.15,1.16,11.45,11.83,3.38,68.3,2869012035,8729359908,2402408,7302686,1855.94,91.14,synthetic_demo,POOR
2026-10-06T21:43:29.943559+00:00,Wi-Fi,Wi-Fi,125.07,2.44,15.76,9.54,2.46,74.8,2870552287,8735320017,2403691,7307652,1464.91,86.01,synthetic_demo,MODERATE
2026-10-06T21:43:34.943559+00:00,Ethernet0,Ethernet,13.47,0.0,1.89,164.57,47.21,,2900059264,8838174332,2428280,7393363,25851.81,24.27,synthetic_demo,GOOD
2026-10-06T21:43:39.943559+00:00,Wi-Fi,Wi-Fi,171.59,2.74,22.01,18.13,1.98,76.1,2901298312,8849506515,2429312,7402806,2455.32,94.7,synthetic_demo,POOR
2026-10-06T21:43:44.943559+00:00,Ethernet0,Ethernet,9.85,0.0,0.63,156.82,65.0,,2941925028,8947521713,2463167,7484485,27078.5,31.49,synthetic_demo,GOOD
2026-10-06T21:43:49.943559+00:00,Wi-Fi,Wi-Fi,33.83,0.0,4.15,116.79,36.61,86.1,2964803165,9020515931,2482232,7545313,18725.07,13.28,synthetic_demo,GOOD
2026-10-06T21:43:54.943559+00:00,Ethernet0,Ethernet,128.1,3.09,14.12,7.63,3.49,,2966983187,9025282100,2484048,7549284,1356.68,93.3,synthetic_demo,MODERATE
2026-10-06T21:43:59.943559+00:00,Wi-Fi,Wi-Fi,85.69,3.31,10.83,28.42,3.86,40.5,2969393114,9043045636,2486056,7564086,3940.13,74.88,synthetic_demo,MODERATE
2026-10-06T21:44:04.943559+00:00,Wi-Fi,Wi-Fi,180.58,10.13,18.63,10.01,3.55,35.7,2971611013,9049301868,2487904,7569299,1655.1,79.43,synthetic_demo,POOR
2026-10-06T21:44:09.943559+00:00,Wi-Fi,Wi-Fi,119.61,2.03,19.83,5.81,4.4,73.9,2974358751,9052932364,2490193,7572324,1245.75,98.03,synthetic_demo,MODERATE
2026-10-06T21:44:14.943559+00:00,Wi-Fi,Wi-Fi,74.19,0.52,16.99,19.47,7.41,45.8,2978987892,9065102629,2494050,7582465,3281.13,58.46,synthetic_demo,MODERATE
2026-10-06T21:44:19.943559+00:00,Ethernet0,Ethernet,11.69,0.0,0.1,164.12,52.28,,3011662836,9167680516,2521279,7667946,26416.57,11.26,synthetic_demo,GOOD
2026-10-06T21:44:24.943559+00:00,Wi-Fi,Wi-Fi,22.06,0.0,0.54,78.46,20.52,85.7,3024489853,9216717492,2531968,7708810,12082.81,30.98,synthetic_demo,GOOD
2026-10-06T21:44:29.943559+00:00,Wi-Fi,Wi-Fi,30.31,0.0,4.06,90.61,18.67,78.6,3036160920,9273351437,2541693,7756004,13340.82,34.08,synthetic_demo,GOOD
2026-10-06T21:44:34.943559+00:00,Ethernet0,Ethernet,11.48,0.0,2.07,129.38,55.52,,3070860696,9354213621,2570609,7823389,22570.7,31.75,synthetic_demo,GOOD
2026-10-06T21:44:39.943559+00:00,Wi-Fi,Wi-Fi,222.8,42.62,51.95,1.81,0.68,22.5,3071283478,9355346103,2570961,7824332,303.76,78.48,synthetic_demo,POOR
2026-10-06T21:44:44.943559+00:00,Wi-Fi,Wi-Fi,21.14,0.0,0.33,75.48,34.08,91.3,3092585372,9402523486,2588712,7863646,13374.86,18.71,synthetic_demo,GOOD
2026-10-06T21:44:49.943559+00:00,Wi-Fi,Wi-Fi,94.0,4.69,19.59,9.27,1.43,42.9,3093478382,9408317057,2589456,7868473,1305.97,68.14,synthetic_demo,POOR
2026-10-06T21:44:54.943559+00:00,Wi-Fi,Wi-Fi,65.31,3.14,14.77,5.17,5.71,53.5,3097045960,9411545379,2592428,7871163,1327.32,40.85,synthetic_demo,MODERATE
2026-10-06T21:44:59.943559+00:00,Ethernet0,Ethernet,65.67,2.2,23.8,17.16,5.3,,3100357044,9422271749,2595187,7880101,2741.69,85.01,synthetic_demo,MODERATE
2026-10-06T21:45:04.943559+00:00,Wi-Fi,Wi-Fi,59.54,0.61,10.65,13.7,5.31,37.1,3103676310,9430831528,2597953,7887234,2320.13,65.18,synthetic_demo,MODERATE
2026-10-06T21:45:09.943559+00:00,Wi-Fi,Wi-Fi,66.21,0.56,18.21,17.05,4.16,39.6,3106278786,9441487011,2600121,7896113,2589.45,58.06,synthetic_demo,MODERATE
2026-10-06T21:45:14.943559+00:00,Wi-Fi,Wi-Fi,25.72,0.0,1.44,88.07,32.9,85.4,3126839529,9496532552,2617254,7941984,14766.85,39.99,synthetic_demo,GOOD
2026-10-06T21:45:19.943559+00:00,Ethernet0,Ethernet,10.47,0.0,0.61,132.32,51.32,,3158917636,9579232566,2643985,8010900,22417.6,11.01,synthetic_demo,GOOD
2026-10-06T21:45:24.943559+00:00,Wi-Fi,Wi-Fi,120.12,1.44,20.16,20.95,2.59,77.3,3160537366,9592328448,2645334,8021813,2874.14,90.36,synthetic_demo,MODERATE
2026-10-06T21:45:29.943559+00:00,Wi-Fi,Wi-Fi,25.97,0.0,0.21,90.8,31.58,89.1,3180273715,9649075323,2661780,8069102,14938.13,39.13,synthetic_demo,GOOD
2026-10-06T21:45:34.943559+00:00,Ethernet0,Ethernet,11.64,0.0,0.19,169.63,56.69,,3215707566,9755092622,2691308,8157449,27627.18,13.87,synthetic_demo,GOOD
2026-10-06T21:45:39.943559+00:00,Wi-Fi,Wi-Fi,20.75,1.73,14.25,14.94,5.25,38.9,3218986168,9764428463,2694040,8165228,2463.76,41.94,synthetic_demo,MODERATE
2026-10-06T21:45:44.943559+00:00,Ethernet0,Ethernet,8.31,0.0,0.32,170.45,37.36,,3242337611,9870959872,2713499,8254004,25367.74,5.25,synthetic_demo,GOOD
2026-10-06T21:45:49.943559+00:00,Ethernet0,Ethernet,171.47,16.44,89.38,1.67,0.42,,3242598671,9872003038,2713716,8254873,254.73,89.42,synthetic_demo,POOR
2026-10-06T21:45:54.943559+00:00,Wi-Fi,Wi-Fi,333.37,17.43,87.4,2.23,0.15,26.5,3242692063,9873397264,2713793,8256034,290.55,76.3,synthetic_demo,POOR
2026-10-06T21:45:59.943559+00:00,Wi-Fi,Wi-Fi,69.85,7.46,23.06,1.08,2.01,41.0,3243949702,9874069676,2714841,8256594,376.96,65.45,synthetic_demo,POOR
2026-10-06T21:46:04.943559+00:00,Wi-Fi,Wi-Fi,19.02,0.0,5.67,73.69,34.4,80.9,3265449309,9920128256,2732757,8294976,13194.96,40.97,synthetic_demo,GOOD
2026-10-06T21:46:09.943559+00:00,Ethernet0,Ethernet,8.43,0.0,2.44,157.88,52.91,,3298519326,10018801671,2760315,8377203,25731.14,16.84,synthetic_demo,GOOD
2026-10-06T21:46:14.943559+00:00,Wi-Fi,Wi-Fi,221.82,54.63,70.3,0.22,0.05,14.9,3298551969,10018938120,2760342,8377316,33.03,90.42,synthetic_demo,POOR
2026-10-06T21:46:19.943559+00:00,Wi-Fi,Wi-Fi,13.16,0.0,0.36,101.51,19.68,91.4,3310851204,10082378974,2770591,8430183,14792.99,16.25,synthetic_demo,GOOD
2026-10-06T21:46:24.943559+00:00,Wi-Fi,Wi-Fi,209.75,51.98,62.47,1.95,0.62,16.7,3311236758,10083595349,2770912,8431196,312.88,77.88,synthetic_demo,POOR
2026-10-06T21:46:29.943559+00:00,Wi-Fi,Wi-Fi,371.89,31.17,59.53,1.24,0.4,22.8,3311483844,10084370887,2771117,8431842,199.73,97.04,synthetic_demo,POOR
2026-10-06T21:46:34.943559+00:00,Wi-Fi,Wi-Fi,121.45,5.56,21.03,10.25,2.77,43.6,3313217118,10090776659,2772561,8437180,1589.66,59.76,synthetic_demo,POOR
2026-10-06T21:46:39.943559+00:00,Wi-Fi,Wi-Fi,22.0,0.0,2.26,77.09,29.84,78.5,3331864549,10138960912,2788100,8477333,13053.06,11.35,synthetic_demo,GOOD
2026-10-06T21:46:44.943559+00:00,Wi-Fi,Wi-Fi,27.47,0.0,1.13,73.62,19.59,88.8,3344108566,10184973707,2798303,8515676,11378.28,11.08,synthetic_demo,GOOD
2026-10-06T21:46:49.943559+00:00,Wi-Fi,Wi-Fi,166.86,11.87,30.16,2.88,2.42,43.1,3345621744,10186774393,2799563,8517176,647.24,68.07,synthetic_demo,POOR
2026-10-06T21:46:54.943559+00:00,Wi-Fi,Wi-Fi,29.05,0.0,0.67,88.51,28.33,80.1,3363325717,10242093527,2814316,8563275,14262.33,25.35,synthetic_demo,GOOD
2026-10-06T21:46:59.943559+00:00,Ethernet0,Ethernet,9.45,0.0,2.3,178.61,47.71,,3393145726,10353723061,2839166,8656299,27626.86,30.16,synthetic_demo,GOOD
2026-10-06T21:47:04.943559+00:00,Wi-Fi,Wi-Fi,51.18,1.32,18.39,13.66,5.3,40.5,3396459106,10362262241,2841927,8663414,2314.95,47.33,synthetic_demo,MODERATE
2026-10-06T21:47:09.943559+00:00,Wi-Fi,Wi-Fi,287.94,19.31,71.92,2.31,0.59,17.3,3396827886,10363708599,2842234,8664619,354.52,92.7,synthetic_demo,POOR
2026-10-06T21:47:14.943559+00:00,Wi-Fi,Wi-Fi,107.95,3.35,22.2,20.3,2.82,65.5,3398590725,10376393045,2843703,8675189,2821.74,94.48,synthetic_demo,MODERATE
2026-10-06T21:47:19.943559+00:00,Wi-Fi,Wi-Fi,71.96,2.35,22.73,23.74,5.79,45.0,3402208111,10391232938,2846717,8687555,3604.94,69.46,synthetic_demo,MODERATE
2026-10-06T21:47:24.943559+00:00,Ethernet0,Ethernet,11.03,0.0,0.78,176.12,44.83,,3430227817,10501308840,2870066,8779284,26971.8,20.73,synthetic_demo,GOOD
2026-10-06T21:47:29.943559+00:00,Wi-Fi,Wi-Fi,87.38,2.92,21.59,9.85,5.11,50.9,3433423737,10507465684,2872729,8784414,1826.71,43.46,synthetic_demo,MODERATE
2026-10-06T21:47:34.943559+00:00,Wi-Fi,Wi-Fi,225.57,53.48,57.09,2.45,0.3,10.8,3433614275,10508997785,2872887,8785690,336.45,91.15,synthetic_demo,POOR
2026-10-06T21:47:39.943559+00:00,Ethernet0,Ethernet,11.89,0.0,0.16,147.13,48.35,,3463832521,10600952040,2898068,8862318,23861.82,33.81,synthetic_demo,GOOD
2026-10-06T21:47:44.943559+00:00,Wi-Fi,Wi-Fi,94.47,1.69,18.12,10.98,4.56,44.6,3466681308,10607816487,2900441,8868038,1897.12,59.31,synthetic_demo,MODERATE
2026-10-06T21:47:49.943559+00:00,Wi-Fi,Wi-Fi,87.62,11.61,39.34,5.96,1.66,31.7,3467717116,10611541487,2901304,8871142,929.85,65.72,synthetic_demo,POOR
2026-10-06T21:47:54.943559+00:00,Ethernet0,Ethernet,50.54,3.05,11.51,15.63,4.76,,3470691885,10621311484,2903782,8879283,2489.21,88.5,synthetic_demo,MODERATE
2026-10-06T21:47:59.943559+00:00,Ethernet0,Ethernet,55.75,2.36,30.28,8.72,3.36,,3472791756,10626759286,2905531,8883822,1474.15,87.99,synthetic_demo,POOR
2026-10-06T21:48:04.943559+00:00,Wi-Fi,Wi-Fi,143.57,3.66,30.92,20.39,1.92,84.4,3473992934,10639506116,2906531,8894444,2724.22,92.45,synthetic_demo,POOR
2026-10-06T21:48:09.943559+00:00,Wi-Fi,Wi-Fi,23.72,0.0,5.08,54.94,18.67,86.4,3485658881,10673846036,2916252,8923060,8985.52,35.98,synthetic_demo,GOOD
2026-10-06T21:48:14.943559+00:00,Wi-Fi,Wi-Fi,27.19,0.0,2.08,60.44,33.64,81.5,3506682481,10711623686,2933771,8954541,11484.62,35.59,synthetic_demo,GOOD
2026-10-06T21:48:19.943559+00:00,Wi-Fi,Wi-Fi,111.61,8.47,26.75,8.64,0.57,27.4,3507036352,10717023809,2934065,8959041,1123.83,72.92,synthetic_demo,POOR
2026-10-06T21:48:24.943559+00:00,Wi-Fi,Wi-Fi,122.2,10.34,37.04,7.08,2.08,32.5,3508338177,10721448151,2935149,8962727,1118.39,73.85,synthetic_demo,POOR
2026-10-06T21:48:29.943559+00:00,Wi-Fi,Wi-Fi,129.67,11.73,25.59,0.59,2.33,27.4,3509795346,10721816118,2936363,8963033,356.47,74.62,synthetic_demo,POOR
2026-10-06T21:48:34.943559+00:00,Wi-Fi,Wi-Fi,90.05,11.63,46.76,5.3,2.55,30.0,3511387924,10725129061,2937690,8965793,958.11,68.7,synthetic_demo,POOR
2026-10-06T21:48:39.943559+00:00,Wi-Fi,Wi-Fi,86.45,1.65,10.7,26.12,5.07,54.3,3514554706,10741452063,2940328,8979395,3806.6,44.43,synthetic_demo,MODERATE
2026-10-06T21:48:44.943559+00:00,Wi-Fi,Wi-Fi,62.43,1.63,1.91,15.06,5.7,48.7,3518117329,10750862422,2943296,8987236,2533.79,55.27,synthetic_demo,MODERATE
2026-10-06T21:48:49.943559+00:00,Wi-Fi,Wi-Fi,125.16,2.36,25.69,15.83,1.91,67.2,3519308380,10760753979,2944288,8995478,2164.57,88.3,synthetic_demo,POOR
2026-10-06T21:48:54.943559+00:00,Wi-Fi,Wi-Fi,66.21,3.31,12.02,4.48,6.67,52.5,3523478340,10763556003,2947762,8997813,1361.72,53.82,synthetic_demo,MODERATE
2026-10-06T21:48:59.943559+00:00,Wi-Fi,Wi-Fi,94.41,1.89,13.28,7.27,5.49,74.4,3526912065,10768101048,2950623,9001600,1558.35,85.92,synthetic_demo,MODERATE
2026-10-06T21:49:04.943559+00:00,Wi-Fi,Wi-Fi,129.72,2.06,21.03,7.17,5.21,63.2,3530170608,10772581649,2953338,9005333,1511.55,85.82,synthetic_demo,MODERATE
2026-10-06T21:49:09.943559+00:00,Wi-Fi,Wi-Fi,105.26,5.81,27.17,0.01,2.99,35.1,3532041442,10772587899,2954897,9005338,366.62,69.7,synthetic_demo,POOR
2026-10-06T21:49:14.943559+00:00,Wi-Fi,Wi-Fi,19.32,0.0,6.15,59.48,23.58,87.7,3546778035,10809764099,2967177,9036318,10139.22,22.58,synthetic_demo,GOOD
2026-10-06T21:49:19.943559+00:00,Wi-Fi,Wi-Fi,28.77,0.0,2.67,53.5,25.61,85.4,3562782182,10843201687,2980513,9064182,9656.59,37.89,synthetic_demo,GOOD
2026-10-06T21:49:24.943559+00:00,Ethernet0,Ethernet,9.87,0.0,1.82,153.83,55.39,,3597403444,10939342790,3009364,9144299,25539.52,9.58,synthetic_demo,GOOD
2026-10-06T21:49:29.943559+00:00,Wi-Fi,Wi-Fi,99.46,2.63,6.28,12.47,3.79,46.8,3599772536,10947136590,3011338,9150793,1984.94,71.96,synthetic_demo,MODERATE
2026-10-06T21:49:34.943559+00:00,Ethernet0,Ethernet,13.65,0.0,3.82,124.63,67.87,,3642188767,11025027940,3046684,9215702,23497.57,30.8,synthetic_demo,GOOD
2026-10-06T21:49:39.943559+00:00,Wi-Fi,Wi-Fi,31.34,0.07,4.26,82.37,31.53,91.0,3661893149,11076509934,3063104,9258603,13903.59,21.99,synthetic_demo,GOOD
2026-10-06T21:49:44.943559+00:00,Wi-Fi,Wi-Fi,43.41,0.82,15.73,13.78,9.38,45.2,3667758582,11085121020,3067991,9265778,2827.45,54.79,synthetic_demo,MODERATE
2026-10-06T21:49:49.943559+00:00,Wi-Fi,Wi-Fi,25.72,0.0,0.1,69.47,29.04,88.5,3685905602,11128540213,3083113,9301960,12024.65,39.66,synthetic_demo,GOOD
2026-10-06T21:49:54.943559+00:00,Wi-Fi,Wi-Fi,68.21,0.72,14.79,21.01,6.02,48.9,3689669471,11141669605,3086249,9312901,3299.47,42.48,synthetic_demo,MODERATE
2026-10-06T21:49:59.943559+00:00,Ethernet0,Ethernet,13.44,0.0,1.44,136.78,47.78,,3719528982,11227158425,3111131,9384141,22528.97,29.86,synthetic_demo,GOOD
2026-10-06T21:50:04.943559+00:00,Ethernet0,Ethernet,12.17,0.0,0.45,130.98,56.96,,3755128557,11309021507,3140797,9452360,22941.93,6.21,synthetic_demo,GOOD
2026-10-06T21:50:09.943559+00:00,Wi-Fi,Wi-Fi,116.49,7.03,27.08,6.84,0.01,34.5,3755134807,11313296592,3140802,9455922,836.2,59.47,synthetic_demo,POOR
2026-10-06T21:50:14.943559+00:00,Wi-Fi,Wi-Fi,25.41,0.0,1.06,69.46,26.96,94.7,3771982336,11356709228,3154841,9492099,11769.56,27.32,synthetic_demo,GOOD
2026-10-06T21:50:19.943559+00:00,Ethernet0,Ethernet,13.45,0.0,1.79,144.39,35.97,,3794464422,11446952952,3173576,9567302,22016.76,6.95,synthetic_demo,GOOD
2026-10-06T21:50:24.943559+00:00,Wi-Fi,Wi-Fi,72.2,3.21,15.61,17.35,8.22,49.9,3799604547,11457797430,3177859,9576339,3121.99,61.68,synthetic_demo,MODERATE
2026-10-06T21:50:29.943559+00:00,Ethernet0,Ethernet,152.55,2.29,19.63,11.91,5.06,,3802767576,11465242788,3180494,9582543,2071.95,91.48,synthetic_demo,POOR
2026-10-06T21:50:34.943559+00:00,Ethernet0,Ethernet,13.46,0.0,0.3,160.33,55.03,,3837162952,11565446099,3209156,9666045,26288.81,27.59,synthetic_demo,GOOD
2026-10-06T21:50:39.943559+00:00,Wi-Fi,Wi-Fi,74.31,2.93,14.82,14.94,8.09,36.0,3842216128,11574780505,3213366,9673823,2810.07,69.84,synthetic_demo,POOR
2026-10-06T21:50:44.943559+00:00,Ethernet0,Ethernet,13.16,0.0,0.33,126.98,40.35,,3867437578,11654142696,3234383,9739958,20426.49,20.93,synthetic_demo,GOOD
2026-10-06T21:50:49.943559+00:00,Ethernet0,Ethernet,11.28,0.0,0.91,154.9,65.94,,3908651190,11750955679,3268727,9820635,26958.32,18.42,synthetic_demo,GOOD
2026-10-06T21:50:54.943559+00:00,Wi-Fi,Wi-Fi,77.07,2.87,10.6,19.62,5.57,42.9,3912131456,11763215107,3271627,9830851,3074.16,66.02,synthetic_demo,MODERATE
2026-10-06T21:50:59.943559+00:00,Wi-Fi,Wi-Fi,51.44,2.24,9.29,15.67,6.8,43.5,3916383286,11773011000,3275170,9839014,2743.7,58.02,synthetic_demo,MODERATE
2026-10-06T21:51:04.943559+00:00,Wi-Fi,Wi-Fi,45.95,1.01,19.56,20.53,5.88,54.5,3920058718,11785842438,3278232,9849706,3224.0,51.66,synthetic_demo,MODERATE
2026-10-06T21:51:09.943559+00:00,Ethernet0,Ethernet,58.95,1.25,16.49,12.81,5.02,,3923197852,11793850836,3280847,9856379,2177.25,93.26,synthetic_demo,MODERATE
2026-10-06T21:51:14.943559+00:00,Wi-Fi,Wi-Fi,288.13,53.63,54.98,2.34,0.6,20.8,3923575455,11795310638,3281161,9857595,358.87,83.63,synthetic_demo,POOR
2026-10-06T21:51:19.943559+00:00,Wi-Fi,Wi-Fi,87.02,1.13,3.11,19.16,6.73,42.0,3927782197,11807283081,3284666,9867572,3160.0,55.83,synthetic_demo,MODERATE
2026-10-06T21:51:24.943559+00:00,Wi-Fi,Wi-Fi,24.8,0.0,0.15,80.6,32.28,92.5,3947955429,11857659959,3301477,9909552,13779.32,15.25,synthetic_demo,GOOD
2026-10-06T21:51:29.943559+00:00,Ethernet0,Ethernet,85.27,1.03,16.77,10.43,2.86,,3949740662,11864176503,3302964,9914982,1621.44,86.64,synthetic_demo,MODERATE
2026-10-06T21:51:34.943559+00:00,Wi-Fi,Wi-Fi,23.62,0.0,0.2,69.91,23.43,75.5,3964383115,11907872643,3315166,9951395,11394.26,32.42,synthetic_demo,GOOD
2026-10-06T21:51:39.943559+00:00,Wi-Fi,Wi-Fi,17.02,0.0,0.94,83.96,19.32,84.6,3976456708,11960345198,3325227,9995122,12606.67,16.29,synthetic_demo,GOOD
2026-10-06T21:51:44.943559+00:00,Ethernet0,Ethernet,13.56,0.0,0.19,186.21,56.59,,4011825053,12076724292,3354700,10092104,29638.17,8.45,synthetic_demo,GOOD
2026-10-06T21:51:49.943559+00:00,Ethernet0,Ethernet,14.71,0.0,0.87,124.61,65.36,,4052676032,12154608153,3388742,10157007,23190.4,33.7,synthetic_demo,GOOD
2026-10-06T21:51:54.943559+00:00,Wi-Fi,Wi-Fi,281.66,59.8,45.55,0.71,0.46,20.4,4052966618,12155049647,3388984,10157374,142.98,78.85,synthetic_demo,POOR
2026-10-06T21:51:59.943559+00:00,Wi-Fi,Wi-Fi,119.35,5.78,14.71,7.16,2.7,26.7,4054655780,12159522928,3390391,10161101,1203.6,72.75,synthetic_demo,POOR
2026-10-06T21:52:04.943559+00:00,Ethernet0,Ethernet,114.31,3.61,21.41,15.74,5.17,,4057884158,12169363068,3393081,10169301,2552.44,86.28,synthetic_demo,MODERATE
2026-10-06T21:52:09.943559+00:00,Wi-Fi,Wi-Fi,17.13,0.0,4.99,76.22,24.52,96.6,4073210805,12217000713,3405853,10208999,12297.71,16.5,synthetic_demo,GOOD
2026-10-06T21:52:14.943559+00:00,Ethernet0,Ethernet,9.22,0.0,7.75,124.99,52.11,,4105778399,12295121793,3432992,10274099,21618.88,14.48,synthetic_demo,GOOD
2026-10-06T21:52:19.943559+00:00,Ethernet0,Ethernet,7.61,0.0,5.38,136.1,54.73,,4139985558,12380182426,3461497,10344982,23294.49,5.01,synthetic_demo,GOOD
2026-10-06T21:52:24.943559+00:00,Wi-Fi,Wi-Fi,21.49,0.0,7.43,61.93,22.06,90.0,4153773789,12418886155,3472987,10377235,10252.34,34.94,synthetic_demo,GOOD
2026-10-06T21:52:29.943559+00:00,Wi-Fi,Wi-Fi,52.64,1.26,20.82,25.15,5.71,44.0,4157340222,12434602745,3475959,10390332,3766.22,54.85,synthetic_demo,MODERATE
2026-10-06T21:52:34.943559+00:00,Wi-Fi,Wi-Fi,146.49,1.06,5.25,17.85,3.56,77.0,4159567921,12445758381,3477815,10399628,2613.93,93.89,synthetic_demo,POOR
2026-10-06T21:52:39.943559+00:00,Ethernet0,Ethernet,111.22,3.2,19.6,4.15,4.69,,4162499944,12448350158,3480258,10401787,1078.87,86.91,synthetic_demo,POOR
2026-10-06T21:52:44.943559+00:00,Wi-Fi,Wi-Fi,24.62,0.0,2.64,90.01,30.17,90.2,4181356537,12504608901,3495971,10448669,14670.96,23.93,synthetic_demo,GOOD
2026-10-06T21:52:49.943559+00:00,Ethernet0,Ethernet,269.6,51.14,34.27,0.33,0.92,,4181930821,12504814936,3496449,10448840,152.41,72.73,synthetic_demo,POOR
2026-10-06T21:52:54.943559+00:00,Ethernet0,Ethernet,63.19,2.16,33.77,8.46,4.22,,4184568912,12510105263,3498647,10453248,1548.52,95.81,synthetic_demo,POOR
2026-10-06T21:52:59.943559+00:00,Wi-Fi,Wi-Fi,61.39,2.98,19.06,19.99,11.87,53.4,4191988169,12522599957,3504829,10463660,3889.44,71.5,synthetic_demo,MODERATE
2026-10-06T21:53:04.943559+00:00,Wi-Fi,Wi-Fi,54.44,1.84,11.43,8.96,2.98,40.4,4193847796,12528200158,3506378,10468326,1457.0,70.14,synthetic_demo,MODERATE
2026-10-06T21:53:09.943559+00:00,Wi-Fi,Wi-Fi,21.02,0.27,0.57,67.41,24.1,81.2,4208911812,12570329635,3518931,10503433,11170.6,36.89,synthetic_demo,GOOD
2026-10-06T21:53:14.943559+00:00,Ethernet0,Ethernet,11.34,0.0,0.95,157.32,53.46,,4242325045,12668651634,3546775,10585367,25729.54,20.39,synthetic_demo,GOOD
2026-10-06T21:53:19.943559+00:00,Wi-Fi,Wi-Fi,27.46,0.0,5.64,74.97,24.94,95.9,4257913652,12715505017,3559765,10624411,12195.7,35.91,synthetic_demo,GOOD
2026-10-06T21:53:24.943559+00:00,Ethernet0,Ethernet,46.28,2.46,24.9,8.19,6.72,,4262111930,12720625655,3563263,10628678,1820.1,95.0,synthetic_demo,MODERATE
2026-10-06T21:53:29.943559+00:00,Ethernet0,Ethernet,11.92,0.0,0.79,150.67,39.03,,4286506460,12814794713,3583591,10707152,23156.95,24.21,synthetic_demo,GOOD
2026-10-06T21:53:34.943559+00:00,Ethernet0,Ethernet,14.06,0.0,0.81,145.01,46.32,,4315453648,12905423535,3607713,10782676,23354.69,33.51,synthetic_demo,GOOD
2026-10-06T21:53:39.943559+00:00,Ethernet0,Ethernet,15.0,0.12,0.49,150.18,45.78,,4344064835,12999283390,3631555,10860892,23920.13,25.6,synthetic_demo,GOOD
2026-10-06T21:53:44.943559+00:00,Ethernet0,Ethernet,13.77,0.0,0.38,148.23,45.46,,4372478013,13091926587,3655232,10938094,23643.82,13.68,synthetic_demo,GOOD
2026-10-06T21:53:49.943559+00:00,Wi-Fi,Wi-Fi,153.82,7.93,37.53,10.62,3.57,41.5,4374710761,13098562478,3657092,10943623,1732.16,64.88,synthetic_demo,POOR
2026-10-06T21:53:54.943559+00:00,Wi-Fi,Wi-Fi,117.88,2.26,10.07,8.54,3.81,78.0,4377092136,13103902528,3659076,10948073,1508.09,87.99,synthetic_demo,MODERATE
2026-10-06T21:53:59.943559+00:00,Wi-Fi,Wi-Fi,23.12,0.0,2.63,55.43,20.81,87.4,4390100243,13138544869,3669916,10976941,9306.73,17.12,synthetic_demo,GOOD
2026-10-06T21:54:04.943559+00:00,Ethernet0,Ethernet,6.73,0.0,3.19,110.71,35.19,,4412093082,13207738168,3688243,11034602,17809.79,6.07,synthetic_demo,GOOD
2026-10-06T21:54:09.943559+00:00,Wi-Fi,Wi-Fi,39.9,0.0,3.68,73.33,22.23,93.6,4425987741,13253569796,3699821,11072795,11665.29,43.15,synthetic_demo,GOOD
2026-10-06T21:54:14.943559+00:00,Wi-Fi,Wi-Fi,21.4,0.0,2.07,62.04,22.88,91.3,4440290676,13292346052,3711740,11105108,10367.03,28.68,synthetic_demo,GOOD
2026-10-06T21:54:19.943559+00:00,Ethernet0,Ethernet,10.79,0.0,0.62,159.23,32.78,,4460780159,13391865027,3728814,11188040,23439.15,7.61,synthetic_demo,GOOD
2026-10-06T21:54:24.943559+00:00,Wi-Fi,Wi-Fi,28.99,0.0,0.62,103.07,20.75,81.1,4473746146,13456281350,3739618,11241720,15113.73,10.42,synthetic_demo,GOOD
2026-10-06T21:54:29.943559+00:00,Wi-Fi,Wi-Fi,37.21,0.0,2.67,81.56,37.65,96.3,4497277170,13507254413,3759227,11284197,14551.58,38.99,synthetic_demo,GOOD
2026-10-06T21:54:34.943559+00:00,Wi-Fi,Wi-Fi,55.13,1.47,11.06,12.77,9.39,45.1,4503143827,13515235257,3764115,11290847,2704.59,42.37,synthetic_demo,MODERATE
2026-10-06T21:54:39.943559+00:00,Wi-Fi,Wi-Fi,75.61,2.67,11.91,23.39,4.35,52.8,4505861536,13529854675,3766379,11303029,3386.16,69.58,synthetic_demo,MODERATE
2026-10-06T21:54:44.943559+00:00,Ethernet0,Ethernet,16.62,0.0,1.76,149.77,60.31,,4543553159,13623460736,3797788,11381034,25644.08,14.4,synthetic_demo,GOOD
2026-10-06T21:54:49.943559+00:00,Wi-Fi,Wi-Fi,21.08,0.0,6.02,85.67,21.66,79.9,4557093654,13677001785,3809071,11425651,13101.86,22.46,synthetic_demo,GOOD
2026-10-06T21:54:54.943559+00:00,Wi-Fi,Wi-Fi,106.13,1.35,17.76,13.6,5.4,42.7,4560467621,13685501227,3811882,11432733,2319.03,74.37,synthetic_demo,MODERATE
2026-10-06T21:54:59.943559+00:00,Wi-Fi,Wi-Fi,42.45,1.67,23.46,27.27,2.8,36.1,4562216699,13702545868,3813339,11446936,3670.65,58.08,synthetic_demo,MODERATE
2026-10-06T21:55:04.943559+00:00,Wi-Fi,Wi-Fi,68.22,8.29,19.56,7.35,1.29,44.2,4563024478,13707139294,3814012,11450763,1054.92,79.91,synthetic_demo,POOR
2026-10-06T21:55:09.943559+00:00,Wi-Fi,Wi-Fi,93.84,1.92,21.71,6.1,5.42,64.1,4566412110,13710953037,3816835,11453941,1406.52,96.26,synthetic_demo,MODERATE
2026-10-06T21:55:14.943559+00:00,Ethernet0,Ethernet,12.14,0.0,0.2,126.72,46.42,,4595424669,13790152404,3841012,11519940,21135.14,12.64,synthetic_demo,GOOD
2026-10-06T21:55:19.943559+00:00,Ethernet0,Ethernet,12.98,0.0,4.43,116.97,57.33,,4631258095,13863261386,3870873,11580864,21277.81,15.17,synthetic_demo,GOOD
2026-10-06T21:55:24.943559+00:00,Wi-Fi,Wi-Fi,60.52,0.93,12.85,22.84,7.59,44.4,4636004101,13877535192,3874828,11592758,3714.81,57.35,synthetic_demo,MODERATE
2026-10-06T21:55:29.943559+00:00,Ethernet0,Ethernet,16.76,0.0,0.14,164.29,53.04,,4669151627,13980216825,3902450,11678326,26529.13,6.73,synthetic_demo,GOOD
2026-10-06T21:55:34.943559+00:00,Wi-Fi,Wi-Fi,83.65,1.81,11.41,11.8,5.45,45.1,4672558320,13987590315,3905288,11684470,2105.5,44.43,synthetic_demo,MODERATE
2026-10-06T21:55:39.943559+00:00,Wi-Fi,Wi-Fi,200.88,36.64,67.8,2.48,0.7,26.8,4672997268,13989140838,3905653,11685762,388.57,82.45,synthetic_demo,POOR
2026-10-06T21:55:44.943559+00:00,Wi-Fi,Wi-Fi,70.0,1.71,13.41,15.43,7.93,48.1,4677953230,13998782160,3909782,11693796,2851.03,64.83,synthetic_demo,MODERATE
2026-10-06T21:55:49.943559+00:00,Wi-Fi,Wi-Fi,16.03,0.0,1.26,91.25,23.16,90.0,4692428903,14055811646,3921845,11741320,13965.85,21.52,synthetic_demo,GOOD
2026-10-06T21:55:54.943559+00:00,Wi-Fi,Wi-Fi,89.05,1.67,10.87,10.49,9.2,45.2,4698176285,14062368121,3926634,11746783,2403.1,73.02,synthetic_demo,MODERATE
2026-10-06T21:55:59.943559+00:00,Wi-Fi,Wi-Fi,21.76,0.2,2.63,91.75,26.16,80.6,4714526580,14119712007,3940259,11794569,14393.39,40.67,synthetic_demo,GOOD
2026-10-06T21:56:04.943559+00:00,Wi-Fi,Wi-Fi,78.9,1.82,17.69,15.12,5.94,48.8,4718238764,14129163106,3943352,11802444,2570.95,56.86,synthetic_demo,MODERATE
2026-10-06T21:56:09.943559+00:00,Wi-Fi,Wi-Fi,335.6,37.76,72.46,2.06,0.87,22.3,4718781237,14130451259,3943804,11803517,357.54,70.38,synthetic_demo,POOR
2026-10-06T21:56:14.943559+00:00,Wi-Fi,Wi-Fi,21.41,0.0,3.14,100.64,28.27,78.1,4736449465,14193350076,3958527,11855932,15735.75,33.5,synthetic_demo,GOOD
2026-10-06T21:56:19.943559+00:00,Wi-Fi,Wi-Fi,228.26,56.61,38.11,0.61,0.61,18.9,4736828130,14193734026,3958842,11856251,148.95,71.03,synthetic_demo,POOR
2026-10-06T21:56:24.943559+00:00,Wi-Fi,Wi-Fi,82.94,6.9,37.88,8.89,2.95,31.2,4738669310,14199288423,3960376,11860879,1444.45,53.49,synthetic_demo,POOR
2026-10-06T21:56:29.943559+00:00,Ethernet0,Ethernet,14.68,0.0,2.67,149.9,53.99,,4772411583,14292974590,3988494,11938950,24888.37,5.29,synthetic_demo,GOOD
2026-10-06T21:56:34.943559+00:00,Ethernet0,Ethernet,10.96,0.0,0.12,133.21,48.4,,4802658685,14376228444,4013699,12008328,22168.16,32.38,synthetic_demo,GOOD
2026-10-06T21:56:39.943559+00:00,Ethernet0,Ethernet,13.32,0.0,2.11,182.16,63.53,,4842367770,14490077382,4046789,12103202,29991.8,24.14,synthetic_demo,GOOD
2026-10-06T21:56:44.943559+00:00,Ethernet0,Ethernet,14.18,0.0,1.98,191.71,54.38,,4876354168,14609895014,4075110,12203050,30039.85,11.47,synthetic_demo,GOOD
2026-10-06T21:56:49.943559+00:00,Ethernet0,Ethernet,12.81,0.0,0.99,175.81,50.55,,4907949163,14719775773,4101439,12294617,27631.98,18.31,synthetic_demo,GOOD
2026-10-06T21:56:54.943559+00:00,Ethernet0,Ethernet,93.3,2.72,22.23,10.67,4.48,,4910747351,14726445561,4103770,12300175,1849.21,93.32,synthetic_demo,MODERATE
2026-10-06T21:56:59.943559+00:00,Ethernet0,Ethernet,9.11,0.0,5.87,156.45,36.36,,4933471688,14824226869,4122706,12381659,23536.26,10.14,synthetic_demo,GOOD
2026-10-06T21:57:04.943559+00:00,Wi-Fi,Wi-Fi,22.34,0.0,2.82,64.54,26.21,95.6,4949855926,14864564834,4136359,12415273,11078.56,23.62,synthetic_demo,GOOD
2026-10-06T21:57:09.943559+00:00,Wi-Fi,Wi-Fi,121.4,7.43,12.74,8.3,1.59,40.6,4950847241,14869751812,4137185,12419595,1206.7,82.58,synthetic_demo,POOR
2026-10-06T21:57:14.943559+00:00,Ethernet0,Ethernet,13.15,0.0,2.61,119.55,50.12,,4982173301,14944472633,4163290,12481862,20712.28,15.18,synthetic_demo,GOOD
2026-10-06T21:57:19.943559+00:00,Wi-Fi,Wi-Fi,131.75,6.92,41.68,7.2,3.05,30.3,4984079581,14948970743,4164878,12485610,1250.86,68.18,synthetic_demo,POOR
2026-10-06T21:57:24.943559+00:00,Wi-Fi,Wi-Fi,26.62,0.0,0.1,104.3,28.43,88.6,5001851320,15014156122,4179687,12539931,16202.56,35.77,synthetic_demo,GOOD
2026-10-06T21:57:29.943559+00:00,Ethernet0,Ethernet,10.22,0.0,1.36,152.34,46.16,,5030698898,15109370174,4203726,12619276,24230.79,17.89,synthetic_demo,GOOD
2026-10-06T21:57:34.943559+00:00,Ethernet0,Ethernet,103.83,1.92,28.13,17.37,5.76,,5034301857,15120225230,4206728,12628321,2823.83,94.08,synthetic_demo,POOR
2026-10-06T21:57:39.943559+00:00,Wi-Fi,Wi-Fi,59.57,2.41,13.7,18.17,4.13,53.9,5036884164,15131581835,4208879,12637784,2722.44,68.63,synthetic_demo,MODERATE
2026-10-06T21:57:44.943559+00:00,Wi-Fi,Wi-Fi,186.83,8.91,24.21,4.04,1.69,30.9,5037941063,15134109543,4209759,12639890,700.12,68.02,synthetic_demo,POOR
2026-10-06T21:57:49.943559+00:00,Wi-Fi,Wi-Fi,46.86,3.74,22.37,15.46,3.28,75.8,5039993991,15143772767,4211469,12647942,2288.31,89.77,synthetic_demo,MODERATE
2026-10-06T21:57:54.943559+00:00,Wi-Fi,Wi-Fi,193.7,6.76,31.35,14.17,0.34,32.3,5040205169,15152628295,4211644,12655321,1770.84,52.94,synthetic_demo,POOR
2026-10-06T21:57:59.943559+00:00,Wi-Fi,Wi-Fi,28.1,0.1,0.23,76.54,23.51,81.3,5054899556,15200465596,4223889,12695185,12213.22,40.5,synthetic_demo,GOOD
2026-10-06T21:58:04.943559+00:00,Ethernet0,Ethernet,7.16,0.0,0.72,147.01,40.21,,5080028929,15292348577,4244830,12771754,22853.98,34.91,synthetic_demo,GOOD
2026-10-06T21:58:09.943559+00:00,Wi-Fi,Wi-Fi,114.9,1.98,15.67,17.58,3.74,78.0,5082368469,15303338630,4246779,12780912,2603.44,86.5,synthetic_demo,MODERATE
2026-10-06T21:58:14.943559+00:00,Wi-Fi,Wi-Fi,178.66,10.85,23.6,8.06,1.56,44.5,5083346100,15308377202,4247593,12785110,1175.04,58.99,synthetic_demo,POOR
2026-10-06T21:58:19.943559+00:00,Wi-Fi,Wi-Fi,197.93,16.35,75.13,2.39,0.54,26.4,5083684162,15309869388,4247874,12786353,357.47,86.41,synthetic_demo,POOR
2026-10-06T21:58:24.943559+00:00,Wi-Fi,Wi-Fi,15.33,0.13,2.57,64.27,21.53,79.6,5097139859,15350038933,4259087,12819827,10473.68,42.29,synthetic_demo,GOOD
2026-10-06T21:58:29.943559+00:00,Wi-Fi,Wi-Fi,27.05,0.0,2.11,82.91,16.74,86.6,5107602614,15401857244,4267805,12863008,12164.27,11.07,synthetic_demo,GOOD
2026-10-06T21:58:34.943559+00:00,Wi-Fi,Wi-Fi,102.83,3.48,18.71,18.13,0.56,78.5,5107952043,15413186350,4268096,12872448,2280.96,95.98,synthetic_demo,MODERATE
2026-10-06T21:58:39.943559+00:00,Wi-Fi,Wi-Fi,26.51,0.0,3.85,65.94,19.49,85.8,5120134906,15454399038,4278248,12906791,10428.82,21.58,synthetic_demo,GOOD
2026-10-06T21:58:44.943559+00:00,Ethernet0,Ethernet,197.28,32.96,48.95,2.45,0.26,,5120300273,15455931409,4278385,12908067,331.59,88.36,synthetic_demo,POOR
2026-10-06T21:58:49.943559+00:00,Wi-Fi,Wi-Fi,109.02,8.16,30.84,6.37,3.9,42.4,5122735828,15459913987,4280414,12911385,1253.54,60.11,synthetic_demo,POOR
2026-10-06T21:58:54.943559+00:00,Wi-Fi,Wi-Fi,30.93,0.0,1.18,46.63,21.5,81.7,5136175504,15489056888,4291613,12935670,8316.91,15.06,synthetic_demo,GOOD
2026-10-06T21:58:59.943559+00:00,Ethernet0,Ethernet,122.44,1.62,23.41,12.4,7.76,,5141026280,15496804036,4295655,12942125,2460.53,91.45,synthetic_demo,MODERATE
2026-10-06T21:59:04.943559+00:00,Wi-Fi,Wi-Fi,162.19,2.33,23.11,12.13,3.88,76.4,5143449504,15504387644,4297674,12948444,1954.46,97.53,synthetic_demo,POOR
2026-10-06T21:59:09.943559+00:00,Ethernet0,Ethernet,14.48,0.0,4.9,185.51,35.21,,5165454528,15620331279,4316011,13045063,26943.1,26.29,synthetic_demo,GOOD
2026-10-06T21:59:14.943559+00:00,Wi-Fi,Wi-Fi,139.95,6.51,48.74,6.84,3.49,38.2,5167635527,15624608586,4317828,13048627,1261.39,61.3,synthetic_demo,POOR
2026-10-06T21:59:19.943559+00:00,Wi-Fi,Wi-Fi,122.35,1.71,13.11,28.44,6.17,43.2,5171492132,15642382330,4321041,13063438,4224.68,52.43,synthetic_demo,MODERATE
2026-10-06T21:59:24.943559+00:00,Wi-Fi,Wi-Fi,78.17,8.58,15.4,5.39,5.12,27.7,5174690682,15645749586,4323706,13066244,1282.38,67.36,synthetic_demo,POOR
2026-10-06T21:59:29.943559+00:00,Wi-Fi,Wi-Fi,24.71,0.0,2.79,74.24,19.8,95.9,5187068459,15692148328,4334020,13104909,11479.79,32.33,synthetic_demo,GOOD
2026-10-06T21:59:34.943559+00:00,Wi-Fi,Wi-Fi,194.06,10.27,36.04,5.65,2.32,28.4,5188517442,15695681935,4335227,13107853,973.16,59.48,synthetic_demo,POOR
2026-10-06T21:59:39.943559+00:00,Wi-Fi,Wi-Fi,26.44,0.0,0.95,72.18,23.24,79.6,5203040301,15740793470,4347329,13145445,11647.34,18.12,synthetic_demo,GOOD
2026-10-06T21:59:44.943559+00:00,Ethernet0,Ethernet,12.73,0.09,0.79,177.55,53.36,,5236392037,15851763563,4375122,13237920,28187.86,26.06,synthetic_demo,GOOD
2026-10-06T21:59:49.943559+00:00,Wi-Fi,Wi-Fi,109.2,9.91,39.19,11.46,1.92,37.0,5237590106,15858925635,4376120,13243888,1632.84,66.67,synthetic_demo,POOR
2026-10-06T21:59:54.943559+00:00,Ethernet0,Ethernet,13.62,0.0,0.12,189.67,50.12,,5268914358,15977471055,4402223,13342675,29271.42,28.76,synthetic_demo,GOOD
2026-10-06T21:59:59.943559+00:00,Wi-Fi,Wi-Fi,29.17,0.0,0.2,77.54,23.38,82.6,5283524061,16025932730,4414397,13383059,12318.63,28.79,synthetic_demo,GOOD
2026-10-06T22:00:04.943559+00:00,Ethernet0,Ethernet,236.67,53.09,68.09,0.74,0.9,,5284089361,16026394796,4414868,13383444,200.66,97.82,synthetic_demo,POOR
2026-10-06T22:00:09.943559+00:00,Wi-Fi,Wi-Fi,361.31,55.06,76.55,1.24,0.17,28.6,5284193394,16027171209,4414954,13384091,171.96,83.62,synthetic_demo,POOR
2026-10-06T22:00:14.943559+00:00,Wi-Fi,Wi-Fi,60.92,2.7,14.59,17.87,5.98,48.8,5287932186,16038337325,4418069,13393396,2911.11,51.72,synthetic_demo,MODERATE
2026-10-06T22:00:19.943559+00:00,Wi-Fi,Wi-Fi,56.05,2.59,20.38,24.28,7.73,44.8,5292761482,16053514611,4422093,13406043,3907.54,55.76,synthetic_demo,MODERATE
2026-10-06T22:00:24.943559+00:00,Wi-Fi,Wi-Fi,24.92,0.0,1.1,76.83,22.91,80.7,5307077221,16101535639,4434022,13446060,12175.15,20.65,synthetic_demo,GOOD
2026-10-06T22:00:29.943559+00:00,Wi-Fi,Wi-Fi,21.42,0.0,0.56,91.82,22.72,85.4,5321275040,16158924694,4445853,13493884,13981.81,27.74,synthetic_demo,GOOD
2026-10-06T22:00:34.943559+00:00,Wi-Fi,Wi-Fi,26.69,0.0,3.01,59.25,20.14,78.4,5333861607,16195954195,4456341,13524741,9690.64,20.12,synthetic_demo,GOOD
2026-10-06T22:00:39.943559+00:00,Wi-Fi,Wi-Fi,172.59,2.07,23.95,8.29,5.87,67.3,5337527321,16201133645,4459395,13529057,1727.57,92.58,synthetic_demo,POOR
2026-10-06T22:00:44.943559+00:00,Wi-Fi,Wi-Fi,105.47,3.64,16.59,10.18,4.37,81.2,5340256968,16207494977,4461669,13534358,1775.58,95.25,synthetic_demo,MODERATE
2026-10-06T22:00:49.943559+00:00,Ethernet0,Ethernet,99.08,1.62,30.51,23.77,5.09,,5343436178,16222352597,4464318,13546739,3522.82,92.54,synthetic_demo,POOR
2026-10-06T22:00:54.943559+00:00,Ethernet0,Ethernet,117.25,3.64,24.11,10.91,3.3,,5345501226,16229174084,4466038,13552423,1735.65,91.93,synthetic_demo,MODERATE
2026-10-06T22:00:59.943559+00:00,Ethernet0,Ethernet,12.05,0.0,0.22,174.21,58.52,,5382073670,16338057515,4496515,13643159,28409.35,9.94,synthetic_demo,GOOD
2026-10-06T22:01:04.943559+00:00,Wi-Fi,Wi-Fi,20.45,0.0,0.92,94.87,20.23,83.5,5394715703,16397349539,4507050,13692569,14049.62,29.43,synthetic_demo,GOOD
2026-10-06T22:01:09.943559+00:00,Ethernet0,Ethernet,15.63,0.0,0.35,124.6,52.7,,5427655753,16475221641,4534500,13757462,21643.0,17.86,synthetic_demo,GOOD
2026-10-06T22:01:14.943559+00:00,Wi-Fi,Wi-Fi,92.9,1.05,11.91,11.34,7.19,50.3,5432150624,16482308433,4538245,13763367,2262.04,55.44,synthetic_demo,MODERATE
2026-10-06T22:01:19.943559+00:00,Wi-Fi,Wi-Fi,29.72,0.0,1.47,83.43,18.88,97.4,5443951976,16534454424,4548079,13806821,12489.72,20.87,synthetic_demo,GOOD
2026-10-06T22:01:24.943559+00:00,Wi-Fi,Wi-Fi,204.35,8.56,27.56,7.39,2.61,26.2,5445582685,16539074895,4549437,13810671,1220.93,84.94,synthetic_demo,POOR
2026-10-06T22:01:29.943559+00:00,Wi-Fi,Wi-Fi,27.86,0.0,5.82,80.96,23.44,95.2,5460230568,16589672207,4561643,13852835,12743.2,17.06,synthetic_demo,GOOD
2026-10-06T22:01:34.943559+00:00,Ethernet0,Ethernet,10.01,0.0,2.33,143.68,53.14,,5493445184,16679471169,4589321,13927667,24026.09,30.63,synthetic_demo,GOOD
2026-10-06T22:01:39.943559+00:00,Ethernet0,Ethernet,12.53,0.0,0.82,189.35,43.8,,5520822456,16797815428,4612135,14026287,28461.24,20.15,synthetic_demo,GOOD
2026-10-06T22:01:44.943559+00:00,Ethernet0,Ethernet,83.56,3.26,24.67,17.46,3.05,,5522731697,16808729244,4613726,14035381,2504.5,85.7,synthetic_demo,MODERATE
2026-10-06T22:01:49.943559+00:00,Wi-Fi,Wi-Fi,86.48,3.12,14.45,16.9,4.46,52.5,5525516456,16819288918,4616046,14044180,2606.33,50.43,synthetic_demo,MODERATE
2026-10-06T22:01:54.943559+00:00,Ethernet0,Ethernet,16.16,0.06,1.29,162.6,27.58,,5542754603,16920916162,4630411,14128869,23215.9,31.3,synthetic_demo,GOOD
2026-10-06T22:01:59.943559+00:00,Ethernet0,Ethernet,11.43,0.0,1.19,158.0,57.82,,5578892274,17019666162,4660525,14211160,26345.25,16.34,synthetic_demo,GOOD
2026-10-06T22:02:04.943559+00:00,Wi-Fi,Wi-Fi,82.65,1.03,15.72,0.01,4.77,67.5,5581873806,17019672412,4663009,14211165,583.55,87.34,synthetic_demo,POOR
2026-10-06T22:02:09.943559+00:00,Ethernet0,Ethernet,7.58,0.0,0.4,121.89,51.62,,5614138700,17095856388,4689896,14274651,21181.42,20.25,synthetic_demo,GOOD
2026-10-06T22:02:14.943559+00:00,Wi-Fi,Wi-Fi,151.14,10.15,22.76,5.75,1.01,26.4,5614770739,17099453180,4690422,14277648,825.94,70.94,synthetic_demo,POOR
2026-10-06T22:02:19.943559+00:00,Wi-Fi,Wi-Fi,162.95,3.59,41.55,20.83,5.96,70.0,5618495171,17112474471,4693525,14288499,3270.65,98.29,synthetic_demo,POOR
2026-10-06T22:02:24.943559+00:00,Ethernet0,Ethernet,10.18,0.0,0.85,168.85,54.01,,5652250315,17218004587,4721654,14376440,27204.15,10.67,synthetic_demo,GOOD
2026-10-06T22:02:29.943559+00:00,Ethernet0,Ethernet,13.02,0.0,0.52,128.88,39.5,,5676937472,17298554714,4742226,14443565,20554.16,26.77,synthetic_demo,GOOD
2026-10-06T22:02:34.943559+00:00,Wi-Fi,Wi-Fi,209.16,36.42,34.78,0.21,0.97,24.3,5677544999,17298684069,4742732,14443672,143.92,79.7,synthetic_demo,POOR
2026-10-06T22:02:39.943559+00:00,Wi-Fi,Wi-Fi,22.3,0.0,0.47,46.49,26.7,80.9,5694232607,17327741978,4756638,14467886,8934.67,23.31,synthetic_demo,GOOD
2026-10-06T22:02:44.943559+00:00,Wi-Fi,Wi-Fi,23.53,0.0,3.26,94.33,19.45,75.5,5706387021,17386700228,4766766,14517017,13889.19,35.75,synthetic_demo,GOOD
2026-10-06T22:02:49.943559+00:00,Wi-Fi,Wi-Fi,182.79,11.66,31.43,0.01,2.2,34.3,5707759148,17386706478,4767909,14517022,269.21,74.15,synthetic_demo,POOR
2026-10-06T22:02:54.943559+00:00,Ethernet0,Ethernet,221.99,19.77,64.34,0.37,0.33,,5707963311,17386937339,4768079,14517214,84.97,88.43,synthetic_demo,POOR
2026-10-06T22:02:59.943559+00:00,Ethernet0,Ethernet,252.53,15.25,67.13,0.55,0.14,,5708053773,17387279314,4768154,14517498,84.46,80.9,synthetic_demo,POOR
2026-10-06T22:03:04.943559+00:00,Ethernet0,Ethernet,106.29,1.5,19.39,9.94,7.19,,5712545544,17393489022,4771897,14522672,2090.13,91.93,synthetic_demo,MODERATE
2026-10-06T22:03:09.943559+00:00,Wi-Fi,Wi-Fi,27.79,0.0,2.18,73.67,26.99,96.4,5729414488,17439535272,4785954,14561043,12288.12,23.23,synthetic_demo,GOOD
2026-10-06T22:03:14.943559+00:00,Ethernet0,Ethernet,16.13,0.0,0.14,119.37,57.88,,5765590249,17514143514,4816100,14623216,21637.5,9.81,synthetic_demo,GOOD
2026-10-06T22:03:19.943559+00:00,Ethernet0,Ethernet,85.94,2.96,22.43,7.29,4.7,,5768529505,17518700447,4818549,14627013,1464.1,91.57,synthetic_demo,MODERATE
2026-10-06T22:03:24.943559+00:00,Wi-Fi,Wi-Fi,79.77,1.69,23.92,23.91,2.83,53.8,5770297197,17533645695,4820022,14639467,3264.25,63.51,synthetic_demo,MODERATE
2026-10-06T22:03:29.943559+00:00,Wi-Fi,Wi-Fi,24.63,0.0,0.3,63.14,30.08,84.6,5789097000,17573107217,4835688,14672351,11379.17,25.43,synthetic_demo,GOOD
2026-10-06T22:03:34.943559+00:00,Wi-Fi,Wi-Fi,120.88,9.26,19.5,7.12,0.71,34.4,5789543559,17577554190,4836060,14676056,955.77,61.69,synthetic_demo,POOR
2026-10-06T22:03:39.943559+00:00,Ethernet0,Ethernet,8.74,0.0,0.24,149.34,44.83,,5817560040,17670891811,4859407,14753837,23701.97,33.63,synthetic_demo,GOOD
2026-10-06T22:03:44.943559+00:00,Wi-Fi,Wi-Fi,28.97,0.0,5.26,95.24,25.06,91.0,5833222110,17730414952,4872458,14803439,14684.61,30.54,synthetic_demo,GOOD
2026-10-06T22:03:49.943559+00:00,Ethernet0,Ethernet,9.55,0.0,0.11,156.84,69.17,,5876454979,17828441277,4908485,14885127,27589.69,16.37,synthetic_demo,GOOD
2026-10-06T22:03:54.943559+00:00,Wi-Fi,Wi-Fi,30.77,0.0,2.06,52.12,23.2,77.4,5890956545,17861013608,4920569,14912270,9194.12,12.15,synthetic_demo,GOOD
2026-10-06T22:03:59.943559+00:00,Ethernet0,Ethernet,14.98,0.0,0.72,175.01,40.66,,5916370584,17970392194,4941747,15003418,26326.68,27.28,synthetic_demo,GOOD
2026-10-06T22:04:04.943559+00:00,Ethernet0,Ethernet,12.91,0.0,0.22,115.58,46.42,,5945380561,18042628724,4965921,15063615,19774.71,15.67,synthetic_demo,GOOD
2026-10-06T22:04:09.943559+00:00,Ethernet0,Ethernet,8.94,0.0,1.07,157.57,44.11,,5972946869,18141110000,4988892,15145682,24618.67,16.91,synthetic_demo,GOOD
2026-10-06T22:04:14.943559+00:00,Wi-Fi,Wi-Fi,60.3,1.99,8.0,10.72,4.52,43.0,5975774924,18147809862,4991248,15151265,1860.92,40.67,synthetic_demo,MODERATE
2026-10-06T22:04:19.943559+00:00,Ethernet0,Ethernet,145.68,3.28,26.67,6.18,3.95,,5978244898,18151675365,4993306,15154486,1237.4,95.32,synthetic_demo,POOR
2026-10-06T22:04:24.943559+00:00,Wi-Fi,Wi-Fi,54.22,3.21,19.09,20.53,7.62,53.8,5983004614,18164505314,4997272,15165177,3435.48,65.28,synthetic_demo,MODERATE
2026-10-06T22:04:29.943559+00:00,Wi-Fi,Wi-Fi,202.23,32.53,53.47,1.88,0.42,16.6,5983265314,18165680218,4997489,15166156,280.39,87.86,synthetic_demo,POOR
2026-10-06T22:04:34.943559+00:00,Wi-Fi,Wi-Fi,19.58,0.0,0.34,69.55,18.78,79.6,5995004110,18209146823,5007271,15202378,10782.3,42.77,synthetic_demo,GOOD
2026-10-06T22:04:39.943559+00:00,Wi-Fi,Wi-Fi,29.79,0.18,0.1,78.53,6.56,82.4,5999102968,18258229221,5010686,15243279,10386.96,14.63,synthetic_demo,GOOD
2026-10-06T22:04:44.943559+00:00,Wi-Fi,Wi-Fi,187.68,10.37,21.2,13.32,2.83,29.0,6000874735,18266552077,5012162,15250214,1971.61,60.06,synthetic_demo,POOR
2026-10-06T22:04:49.943559+00:00,Ethernet0,Ethernet,10.76,0.0,1.1,136.67,56.47,,6036170276,18351969219,5041574,15321394,23576.7,10.87,synthetic_demo,GOOD
2026-10-06T22:04:54.943559+00:00,Ethernet0,Ethernet,244.56,51.78,30.91,0.73,0.09,,6036224832,18352425544,5041619,15321774,99.78,79.16,synthetic_demo,POOR
2026-10-06T22:04:59.943559+00:00,Ethernet0,Ethernet,12.99,0.0,0.1,164.24,40.31,,6061418262,18455075012,5062613,15407315,24969.32,28.48,synthetic_demo,GOOD
2026-10-06T22:05:04.943559+00:00,Wi-Fi,Wi-Fi,196.32,22.2,78.17,1.06,0.6,29.0,6061793867,18455734736,5062926,15407864,202.21,72.06,synthetic_demo,POOR
2026-10-06T22:05:09.943559+00:00,Ethernet0,Ethernet,6.83,0.0,0.1,151.79,59.45,,6098952065,18550602176,5093891,15486920,25786.26,21.62,synthetic_demo,GOOD
2026-10-06T22:05:14.943559+00:00,Wi-Fi,Wi-Fi,115.66,7.88,22.03,2.82,3.1,44.3,6100891890,18552366481,5095507,15488390,723.46,65.35,synthetic_demo,POOR
2026-10-06T22:05:19.943559+00:00,Wi-Fi,Wi-Fi,67.31,1.68,13.79,24.89,2.95,49.9,6102738496,18567925744,5097045,15501356,3399.58,58.62,synthetic_demo,MODERATE
2026-10-06T22:05:24.943559+00:00,Ethernet0,Ethernet,254.72,50.13,65.49,2.02,0.38,,6102975247,18569188325,5097242,15502408,292.84,75.18,synthetic_demo,POOR
2026-10-06T22:05:29.943559+00:00,Ethernet0,Ethernet,9.69,0.09,0.65,123.38,52.34,,6135689272,18646303209,5124503,15566670,21450.96,30.79,synthetic_demo,GOOD
2026-10-06T22:05:34.943559+00:00,Wi-Fi,Wi-Fi,58.23,1.94,11.29,9.0,5.99,40.4,6139431711,18651928705,5127621,15571357,1829.67,45.94,synthetic_demo,MODERATE
2026-10-06T22:05:39.943559+00:00,Ethernet0,Ethernet,229.24,47.13,78.13,1.87,0.18,,6139545062,18653095108,5127715,15572329,249.95,98.99,synthetic_demo,POOR
2026-10-06T22:05:44.943559+00:00,Wi-Fi,Wi-Fi,65.0,1.06,17.72,16.79,9.31,50.7,6145360998,18663587227,5132561,15581072,3185.17,66.12,synthetic_demo,MODERATE
2026-10-06T22:05:49.943559+00:00,Wi-Fi,Wi-Fi,107.16,0.56,19.51,24.19,3.18,35.2,6147349849,18678705928,5134218,15593670,3341.32,41.15,synthetic_demo,MODERATE
2026-10-06T22:05:54.943559+00:00,Ethernet0,Ethernet,76.06,2.93,28.21,9.37,5.49,,6150782247,18684563339,5137078,15598551,1814.42,85.5,synthetic_demo,POOR
2026-10-06T22:05:59.943559+00:00,Wi-Fi,Wi-Fi,24.02,0.0,2.03,83.19,21.35,81.2,6164127141,18736560198,5148198,15641881,12762.06,18.5,synthetic_demo,GOOD
2026-10-06T22:06:04.943559+00:00,Wi-Fi,Wi-Fi,89.07,3.48,16.66,10.0,5.51,47.7,6167567971,18742810892,5151065,15647089,1892.88,66.63,synthetic_demo,MODERATE
2026-10-06T22:06:09.943559+00:00,Wi-Fi,Wi-Fi,81.66,3.46,17.75,14.04,3.97,43.4,6170046866,18751585786,5153130,15654401,2198.01,67.78,synthetic_demo,MODERATE
2026-10-06T22:06:14.943559+00:00,Wi-Fi,Wi-Fi,117.31,7.99,33.65,6.04,3.64,32.3,6172320123,18755359264,5155024,15657545,1181.0,63.75,synthetic_demo,POOR
2026-10-06T22:06:19.943559+00:00,Ethernet0,Ethernet,8.42,0.0,4.17,180.85,52.43,,6205091842,18868393468,5182333,15751740,28477.72,7.68,synthetic_demo,GOOD
2026-10-06T22:06:24.943559+00:00,Wi-Fi,Wi-Fi,25.05,0.1,2.19,52.78,38.55,96.3,6229186628,18901379902,5202411,15779228,11148.68,32.59,synthetic_demo,GOOD
2026-10-06T22:06:29.943559+00:00,Wi-Fi,Wi-Fi,265.99,56.87,45.53,0.41,0.69,21.2,6229619141,18901638665,5202771,15779443,135.01,93.69,synthetic_demo,POOR
2026-10-06T22:06:34.943559+00:00,Wi-Fi,Wi-Fi,155.98,10.04,21.98,6.26,1.47,40.5,6230536477,18905551714,5203535,15782703,943.43,83.5,synthetic_demo,POOR
2026-10-06T22:06:39.943559+00:00,Wi-Fi,Wi-Fi,28.52,0.0,2.72,42.62,21.85,83.1,6244190920,18932192258,5214913,15804903,7870.11,32.27,synthetic_demo,GOOD
2026-10-06T22:06:44.943559+00:00,Wi-Fi,Wi-Fi,91.11,1.1,20.67,26.81,5.94,44.5,6247903091,18948946697,5218006,15818865,3997.38,58.78,synthetic_demo,MODERATE
2026-10-06T22:06:49.943559+00:00,Wi-Fi,Wi-Fi,28.47,0.0,6.77,92.5,23.55,91.8,6262620461,19006757900,5230270,15867041,14165.74,38.39,synthetic_demo,GOOD
2026-10-06T22:06:54.943559+00:00,Ethernet0,Ethernet,13.11,0.0,7.17,170.8,39.81,,6287502523,19113508623,5251005,15955999,25709.53,8.46,synthetic_demo,GOOD
2026-10-06T22:06:59.943559+00:00,Wi-Fi,Wi-Fi,30.53,0.0,2.68,70.56,36.09,97.4,6310059607,19157606286,5269802,15992747,13018.51,11.95,synthetic_demo,GOOD
2026-10-06T22:07:04.943559+00:00,Wi-Fi,Wi-Fi,25.29,0.0,5.96,62.65,24.82,87.9,6325570930,19196760761,5282728,16025375,10676.91,21.62,synthetic_demo,GOOD
2026-10-06T22:07:09.943559+00:00,Wi-Fi,Wi-Fi,78.88,2.06,14.04,9.96,5.36,53.2,6328921147,19202983928,5285519,16030560,1869.8,46.11,synthetic_demo,MODERATE
2026-10-06T22:07:14.943559+00:00,Ethernet0,Ethernet,12.36,0.0,0.35,113.33,42.04,,6355196332,19273812605,5307414,16089583,18965.6,6.75,synthetic_demo,GOOD
2026-10-06T22:07:19.943559+00:00,Wi-Fi,Wi-Fi,249.59,47.43,23.45,1.46,0.4,28.7,6355444568,19274723732,5307620,16090342,226.44,71.65,synthetic_demo,POOR
2026-10-06T22:07:24.943559+00:00,Ethernet0,Ethernet,314.74,55.11,47.16,0.81,0.73,,6355901565,19275230121,5308000,16090763,188.16,72.53,synthetic_demo,POOR
2026-10-06T22:07:29.943559+00:00,Ethernet0,Ethernet,125.08,3.01,18.54,13.14,5.44,,6359303911,19283439732,5310835,16097604,2267.96,96.63,synthetic_demo,MODERATE
2026-10-06T22:07:34.943559+00:00,Wi-Fi,Wi-Fi,98.31,0.62,14.71,16.67,6.38,53.3,6363292816,19293861238,5314159,16106288,2814.53,53.7,synthetic_demo,MODERATE
2026-10-06T22:07:39.943559+00:00,Wi-Fi,Wi-Fi,19.25,0.0,0.1,84.63,23.65,77.2,6378073229,19346754492,5326476,16150365,13217.51,31.22,synthetic_demo,GOOD
2026-10-06T22:07:44.943559+00:00,Wi-Fi,Wi-Fi,159.62,5.42,31.22,0.96,1.5,42.4,6379010829,19347352813,5327257,16150863,299.98,71.17,synthetic_demo,POOR
2026-10-06T22:07:49.943559+00:00,Ethernet0,Ethernet,83.25,2.25,22.49,11.12,3.52,,6381210851,19354303572,5329090,16156655,1787.26,85.04,synthetic_demo,MODERATE
2026-10-06T22:07:54.943559+00:00,Ethernet0,Ethernet,10.37,0.0,1.7,143.47,53.6,,6414712263,19443970477,5357007,16231377,24056.31,33.16,synthetic_demo,GOOD
2026-10-06T22:07:59.943559+00:00,Wi-Fi,Wi-Fi,153.95,4.9,21.99,3.43,0.79,35.2,6415208499,19446117172,5357420,16233165,516.2,65.41,synthetic_demo,POOR
2026-10-06T22:08:04.943559+00:00,Wi-Fi,Wi-Fi,103.99,8.34,21.71,10.73,1.31,32.0,6416029336,19452820554,5358104,16238751,1469.57,75.96,synthetic_demo,POOR
2026-10-06T22:08:09.943559+00:00,Ethernet0,Ethernet,214.42,45.01,62.18,1.47,0.51,,6416348119,19453739088,5358369,16239516,241.66,86.5,synthetic_demo,POOR
2026-10-06T22:08:14.943559+00:00,Wi-Fi,Wi-Fi,66.65,2.58,17.85,13.31,3.13,61.7,6418302436,19462056768,5359997,16246447,2006.25,98.67,synthetic_demo,MODERATE
2026-10-06T22:08:19.943559+00:00,Wi-Fi,Wi-Fi,82.98,3.37,14.56,13.87,5.87,51.6,6421972902,19470724052,5363055,16253669,2409.72,73.27,synthetic_demo,MODERATE
2026-10-06T22:08:24.943559+00:00,Wi-Fi,Wi-Fi,18.19,0.0,1.31,50.82,29.43,95.9,6440367083,19502483648,5378383,16280135,9795.66,40.46,synthetic_demo,GOOD
2026-10-06T22:08:29.943559+00:00,Ethernet0,Ethernet,180.29,16.5,39.81,2.06,0.48,,6440665748,19503769879,5378631,16281206,309.55,79.75,synthetic_demo,POOR
2026-10-06T22:08:34.943559+00:00,Wi-Fi,Wi-Fi,181.57,5.43,30.79,5.6,2.58,29.3,6442275190,19507272420,5379972,16284124,998.43,63.08,synthetic_demo,POOR
2026-10-06T22:08:39.943559+00:00,Ethernet0,Ethernet,9.5,0.0,0.97,139.68,62.55,,6481369598,19594575328,5412550,16356876,24686.98,27.78,synthetic_demo,GOOD
2026-10-06T22:08:44.943559+00:00,Ethernet0,Ethernet,13.72,0.0,1.96,145.76,55.42,,6516008366,19685674207,5441415,16432791,24558.13,20.1,synthetic_demo,GOOD
2026-10-06T22:08:49.943559+00:00,Wi-Fi,Wi-Fi,23.15,0.0,0.58,71.4,26.5,90.5,6532573206,19730296386,5455219,16469976,11950.59,10.19,synthetic_demo,GOOD
2026-10-06T22:08:54.943559+00:00,Wi-Fi,Wi-Fi,161.87,11.89,19.43,9.87,1.68,36.3,6533624356,19736463641,5456094,16475115,1409.84,53.49,synthetic_demo,POOR
2026-10-06T22:08:59.943559+00:00,Ethernet0,Ethernet,270.04,21.33,59.71,1.93,0.64,,6534023345,19737672280,5456426,16476122,313.99,76.96,synthetic_demo,POOR
2026-10-06T22:09:04.943559+00:00,Ethernet0,Ethernet,8.29,0.15,6.32,146.51,63.6,,6573774395,19829239180,5489551,16552427,25648.04,32.11,synthetic_demo,GOOD
2026-10-06T22:09:09.943559+00:00,Wi-Fi,Wi-Fi,88.81,1.93,2.52,26.97,5.43,45.5,6577168613,19846097148,5492379,16566475,3955.51,51.09,synthetic_demo,MODERATE
2026-10-06T22:09:14.943559+00:00,Wi-Fi,Wi-Fi,17.78,0.0,3.18,81.67,30.6,86.6,6596296634,19897142649,5508319,16609012,13705.77,41.29,synthetic_demo,GOOD
2026-10-06T22:09:19.943559+00:00,Ethernet0,Ethernet,280.28,51.33,33.77,2.46,0.31,,6596490652,19898679566,5508480,16610292,338.07,76.08,synthetic_demo,POOR
2026-10-06T22:09:24.943559+00:00,Wi-Fi,Wi-Fi,169.23,7.82,45.52,12.3,1.96,25.6,6597714871,19906365955,5509500,16616697,1740.35,71.43,synthetic_demo,POOR
2026-10-06T22:09:29.943559+00:00,Wi-Fi,Wi-Fi,210.57,9.87,46.92,4.55,1.29,28.2,6598520082,19909210923,5510171,16619067,712.93,63.02,synthetic_demo,POOR
2026-10-06T22:09:34.943559+00:00,Wi-Fi,Wi-Fi,21.51,0.0,5.28,95.08,16.2,91.6,6608644261,19968636966,5518607,16668588,13584.03,18.44,synthetic_demo,GOOD
2026-10-06T22:09:39.943559+00:00,Wi-Fi,Wi-Fi,25.92,0.0,3.64,75.67,21.36,86.8,6621991981,20015931989,5529730,16708000,11844.29,21.19,synthetic_demo,GOOD
2026-10-06T22:09:44.943559+00:00,Wi-Fi,Wi-Fi,20.77,0.0,0.92,61.3,24.91,78.9,6637561522,20054243628,5542704,16739926,10523.67,13.59,synthetic_demo,GOOD
2026-10-06T22:09:49.943559+00:00,Ethernet0,Ethernet,10.0,0.0,0.1,154.43,54.59,,6671681398,20150763222,5571137,16820358,25515.52,26.56,synthetic_demo,GOOD
2026-10-06T22:09:54.943559+00:00,Wi-Fi,Wi-Fi,124.69,5.05,31.71,9.99,2.32,38.6,6673130313,20157007270,5572344,16825561,1502.53,84.77,synthetic_demo,POOR
2026-10-06T22:09:59.943559+00:00,Wi-Fi,Wi-Fi,173.35,6.24,24.93,12.63,2.33,36.3,6674584684,20164900749,5573555,16832138,1825.75,69.37,synthetic_demo,POOR
2026-10-06T22:10:04.943559+00:00,Wi-Fi,Wi-Fi,198.24,36.12,52.41,1.6,0.79,25.7,6675078951,20165900632,5573966,16832971,291.83,85.58,synthetic_demo,POOR
2026-10-06T22:10:09.943559+00:00,Ethernet0,Ethernet,275.74,32.61,50.68,0.77,0.1,,6675141741,20166383456,5574018,16833373,106.57,93.87,synthetic_demo,POOR
2026-10-06T22:10:14.943559+00:00,Wi-Fi,Wi-Fi,83.62,1.75,11.34,13.56,10.24,44.5,6681542982,20174857585,5579352,16840434,2905.35,53.71,synthetic_demo,MODERATE
2026-10-06T22:10:19.943559+00:00,Ethernet0,Ethernet,139.34,1.35,9.32,8.2,0.01,,6681549232,20179980858,5579357,16844703,1001.86,92.26,synthetic_demo,MODERATE
2026-10-06T22:10:24.943559+00:00,Wi-Fi,Wi-Fi,233.15,38.09,44.48,0.26,0.77,18.5,6682033306,20180140609,5579760,16844836,125.75,88.8,synthetic_demo,POOR
2026-10-06T22:10:29.943559+00:00,Wi-Fi,Wi-Fi,114.97,9.96,28.73,11.96,0.45,37.8,6682312658,20187613197,5579992,16851063,1514.05,67.32,synthetic_demo,POOR
2026-10-06T22:10:34.943559+00:00,Ethernet0,Ethernet,8.49,0.0,3.12,145.95,48.17,,6712417375,20278833960,5605079,16927080,23696.38,23.91,synthetic_demo,GOOD
2026-10-06T22:10:39.943559+00:00,Wi-Fi,Wi-Fi,23.7,0.0,3.79,80.56,21.41,80.4,6725796477,20329183320,5616228,16969037,12446.97,28.24,synthetic_demo,GOOD
2026-10-06T22:10:44.943559+00:00,Ethernet0,Ethernet,13.58,0.0,0.55,131.83,45.24,,6754068476,20411578593,5639787,17037699,21614.7,11.16,synthetic_demo,GOOD
2026-10-06T22:10:49.943559+00:00,Ethernet0,Ethernet,251.25,29.9,55.92,0.38,0.59,,6754438393,20411819076,5640095,17037899,119.22,97.19,synthetic_demo,POOR
2026-10-06T22:10:54.943559+00:00,Wi-Fi,Wi-Fi,85.98,1.45,21.36,12.71,6.18,48.6,6758301280,20419763699,5643314,17044519,2306.15,65.38,synthetic_demo,MODERATE
2026-10-06T22:10:59.943559+00:00,Ethernet0,Ethernet,12.09,0.0,2.34,142.75,43.82,,6785686498,20508982461,5666135,17118867,22774.21,20.38,synthetic_demo,GOOD
2026-10-06T22:11:04.943559+00:00,Wi-Fi,Wi-Fi,86.15,3.41,31.94,11.5,6.16,68.3,6789535835,20516171384,5669342,17124857,2155.91,96.64,synthetic_demo,POOR
2026-10-06T22:11:09.943559+00:00,Wi-Fi,Wi-Fi,83.5,1.32,7.71,19.41,2.03,40.3,6790804975,20528303141,5670399,17134966,2617.36,73.84,synthetic_demo,MODERATE
2026-10-06T22:11:14.943559+00:00,Wi-Fi,Wi-Fi,23.66,0.0,4.64,59.24,29.23,75.9,6809074095,20565330288,5685623,17165821,10800.05,24.1,synthetic_demo,GOOD
2026-10-06T22:11:19.943559+00:00,Ethernet0,Ethernet,12.1,0.0,0.13,202.73,61.54,,6847533487,20692038652,5717672,17271411,32259.33,25.07,synthetic_demo,GOOD
2026-10-06T22:11:24.943559+00:00,Ethernet0,Ethernet,144.88,3.3,21.74,9.66,1.58,,6848518509,20698077914,5718492,17276443,1371.93,91.32,synthetic_demo,POOR
2026-10-06T22:11:29.943559+00:00,Wi-Fi,Wi-Fi,57.63,1.65,16.78,17.7,10.65,51.6,6855172592,20709138914,5724037,17285660,3459.98,52.62,synthetic_demo,MODERATE
2026-10-06T22:11:34.943559+00:00,Wi-Fi,Wi-Fi,98.87,2.15,26.65,11.22,3.74,62.5,6857510876,20716150353,5725985,17291502,1826.12,93.67,synthetic_demo,POOR
2026-10-06T22:11:39.943559+00:00,Wi-Fi,Wi-Fi,56.26,0.93,13.84,18.06,8.28,44.7,6862686189,20727439899,5730297,17300909,3215.79,74.24,synthetic_demo,MODERATE
2026-10-06T22:11:44.943559+00:00,Wi-Fi,Wi-Fi,93.69,11.06,27.75,5.6,1.8,45.0,6863809612,20730942852,5731233,17303828,903.59,59.05,synthetic_demo,POOR
2026-10-06T22:11:49.943559+00:00,Wi-Fi,Wi-Fi,78.49,2.67,14.09,19.69,5.45,54.5,6867218353,20743247395,5734073,17314081,3069.0,49.84,synthetic_demo,MODERATE
2026-10-06T22:11:54.943559+00:00,Wi-Fi,Wi-Fi,86.7,3.36,15.5,16.72,2.38,39.5,6868702904,20753695062,5735310,17322787,2330.51,64.7,synthetic_demo,POOR
2026-10-06T22:11:59.943559+00:00,Wi-Fi,Wi-Fi,227.07,5.93,15.83,7.04,1.37,33.3,6869559123,20758094398,5736023,17326453,1026.48,58.15,synthetic_demo,POOR
2026-10-06T22:12:04.943559+00:00,Wi-Fi,Wi-Fi,21.33,0.0,6.18,84.42,33.32,77.0,6890386128,20810853901,5753378,17370419,14372.36,34.29,synthetic_demo,GOOD
2026-10-06T22:12:09.943559+00:00,Ethernet0,Ethernet,13.17,0.0,0.81,139.11,59.26,,6927425237,20897800199,5784243,17442874,24215.9,8.8,synthetic_demo,GOOD
2026-10-06T22:12:14.943559+00:00,Ethernet0,Ethernet,11.03,0.0,0.23,161.1,52.81,,6960429220,20998488820,5811746,17526781,26111.84,18.04,synthetic_demo,GOOD
2026-10-06T22:12:19.943559+00:00,Wi-Fi,Wi-Fi,111.16,2.37,27.52,18.98,5.08,62.7,6963606727,21010353467,5814393,17536668,2937.92,96.5,synthetic_demo,POOR
2026-10-06T22:12:24.943559+00:00,Wi-Fi,Wi-Fi,59.94,2.86,14.43,13.15,5.5,47.7,6967045667,21018572759,5817258,17543517,2277.0,70.8,synthetic_demo,MODERATE
2026-10-06T22:12:29.943559+00:00,Ethernet0,Ethernet,95.88,2.68,29.85,5.5,5.92,,6970744766,21022013245,5820340,17546384,1394.45,97.66,synthetic_demo,POOR
2026-10-06T22:12:34.943559+00:00,Ethernet0,Ethernet,3.9,0.0,1.02,155.94,50.54,,7002331624,21119477745,5846662,17627604,25205.34,29.42,synthetic_demo,GOOD
2026-10-06T22:12:39.943559+00:00,Ethernet0,Ethernet,8.68,0.0,2.33,129.75,58.57,,7038938688,21200568894,5877167,17695179,22987.93,30.86,synthetic_demo,GOOD
2026-10-06T22:12:44.943559+00:00,Ethernet0,Ethernet,11.82,0.0,5.57,151.82,51.08,,7070861809,21295457954,5903769,17774253,24768.0,24.39,synthetic_demo,GOOD
2026-10-06T22:12:49.943559+00:00,Wi-Fi,Wi-Fi,29.99,0.0,0.16,75.55,33.43,89.9,7091755850,21342676265,5921180,17813601,13303.19,27.59,synthetic_demo,GOOD
2026-10-06T22:12:54.943559+00:00,Wi-Fi,Wi-Fi,49.07,1.34,14.84,15.61,5.11,54.5,7094947546,21352432095,5923839,17821730,2528.81,45.36,synthetic_demo,MODERATE
2026-10-06T22:12:59.943559+00:00,Wi-Fi,Wi-Fi,28.06,0.0,0.5,51.61,28.11,80.5,7112519246,21384687384,5938482,17848609,9731.83,20.1,synthetic_demo,GOOD
2026-10-06T22:13:04.943559+00:00,Wi-Fi,Wi-Fi,28.21,0.0,5.24,67.4,26.2,84.6,7128893848,21426812682,5952127,17883713,11425.76,29.58,synthetic_demo,GOOD
2026-10-06T22:13:09.943559+00:00,Wi-Fi,Wi-Fi,127.27,9.01,18.67,9.3,1.32,41.8,7129721625,21432624186,5952816,17888555,1296.73,61.33,synthetic_demo,POOR
2026-10-06T22:13:14.943559+00:00,Wi-Fi,Wi-Fi,23.72,0.26,1.92,78.72,23.77,81.6,7144576090,21481826621,5965194,17929557,12511.11,27.53,synthetic_demo,GOOD
2026-10-06T22:13:19.943559+00:00,Wi-Fi,Wi-Fi,89.7,1.87,21.52,11.72,7.17,54.5,7149058012,21489149809,5968928,17935659,2305.69,49.33,synthetic_demo,MODERATE
2026-10-06T22:13:24.943559+00:00,Ethernet0,Ethernet,122.92,2.1,20.09,20.04,1.55,,7150024562,21501675479,5969733,17946097,2635.2,90.18,synthetic_demo,MODERATE
2026-10-06T22:13:29.943559+00:00,Wi-Fi,Wi-Fi,23.65,0.21,2.11,81.83,25.12,96.0,7165725312,21552816724,5982816,17988714,13055.08,15.66,synthetic_demo,GOOD
2026-10-06T22:13:34.943559+00:00,Wi-Fi,Wi-Fi,53.08,1.58,5.55,18.69,8.85,46.4,7171259472,21564497755,5987427,17998448,3362.34,69.86,synthetic_demo,MODERATE
2026-10-06T22:13:39.943559+00:00,Wi-Fi,Wi-Fi,123.69,9.85,34.69,0.75,1.45,26.0,7172165293,21564963687,5988181,17998836,267.92,67.05,synthetic_demo,POOR
2026-10-06T22:13:44.943559+00:00,Wi-Fi,Wi-Fi,281.82,49.63,38.98,0.69,0.1,27.0,7172225902,21565393371,5988231,17999194,95.76,70.3,synthetic_demo,POOR
2026-10-06T22:13:49.943559+00:00,Ethernet0,Ethernet,12.43,0.0,0.42,161.74,53.11,,7205419746,21666482095,6015892,18083434,26227.06,10.0,synthetic_demo,GOOD
2026-10-06T22:13:54.943559+00:00,Ethernet0,Ethernet,189.77,41.56,42.04,2.01,0.46,,7205707337,21667739045,6016131,18084481,301.67,83.59,synthetic_demo,POOR
2026-10-06T22:13:59.943559+00:00,Wi-Fi,Wi-Fi,30.68,0.0,3.75,65.88,23.18,87.8,7220195113,21708914107,6028204,18118793,10871.65,21.44,synthetic_demo,GOOD
2026-10-06T22:14:04.943559+00:00,Wi-Fi,Wi-Fi,35.0,0.0,2.9,63.26,33.33,91.2,7241028716,21748450760,6045565,18151740,11791.07,28.7,synthetic_demo,GOOD
2026-10-06T22:14:09.943559+00:00,Wi-Fi,Wi-Fi,26.54,0.0,6.2,45.88,17.46,92.6,7251943689,21777125727,6054660,18175635,7732.41,30.39,synthetic_demo,GOOD
2026-10-06T22:14:14.943559+00:00,Wi-Fi,Wi-Fi,281.57,57.89,66.97,0.23,0.62,18.6,7252329322,21777269428,6054981,18175754,103.39,79.92,synthetic_demo,POOR
2026-10-06T22:14:19.943559+00:00,Wi-Fi,Wi-Fi,25.65,0.0,0.33,62.15,32.24,92.6,7272480608,21816115146,6071773,18208125,11522.85,41.69,synthetic_demo,GOOD
2026-10-06T22:14:24.943559+00:00,Wi-Fi,Wi-Fi,28.42,0.0,9.18,68.83,28.69,78.7,7290412464,21859136255,6086716,18243975,11904.88,25.24,synthetic_demo,MODERATE
2026-10-06T22:14:29.943559+00:00,Wi-Fi,Wi-Fi,103.87,2.25,5.65,18.39,9.33,37.1,7296241128,21870632962,6091573,18253555,3383.86,70.04,synthetic_demo,POOR
2026-10-06T22:14:34.943559+00:00,Ethernet0,Ethernet,11.6,0.14,2.85,145.13,57.46,,7332156022,21961340333,6121502,18329144,24730.91,22.71,synthetic_demo,GOOD
2026-10-06T22:14:39.943559+00:00,Ethernet0,Ethernet,11.71,0.0,2.8,130.59,36.47,,7354950610,22042961941,6140497,18397162,20393.79,32.18,synthetic_demo,GOOD
2026-10-06T22:14:44.943559+00:00,Ethernet0,Ethernet,11.15,0.0,0.96,174.29,64.01,,7394957510,22151893291,6173836,18487938,29089.5,14.65,synthetic_demo,GOOD
2026-10-06T22:14:49.943559+00:00,Ethernet0,Ethernet,18.33,0.0,3.39,142.47,53.16,,7428182934,22240938009,6201523,18562141,23880.89,28.3,synthetic_demo,GOOD
2026-10-06T22:14:54.943559+00:00,Ethernet0,Ethernet,8.83,0.0,2.95,185.08,54.37,,7462164890,22356610824,6229841,18658535,29229.45,23.29,synthetic_demo,GOOD
2026-10-06T22:14:59.943559+00:00,Ethernet0,Ethernet,16.58,0.0,0.96,138.71,44.07,,7489710497,22443307200,6252795,18730781,22312.89,24.84,synthetic_demo,GOOD
2026-10-06T22:15:04.943559+00:00,Wi-Fi,Wi-Fi,71.26,1.12,19.0,23.27,6.7,50.0,7493900074,22457848003,6256286,18742898,3658.28,70.41,synthetic_demo,MODERATE
2026-10-06T22:15:09.943559+00:00,Ethernet0,Ethernet,16.07,0.0,0.64,154.72,52.5,,7526710133,22554548541,6283627,18823481,25295.04,32.87,synthetic_demo,GOOD
2026-10-06T22:15:14.943559+00:00,Wi-Fi,Wi-Fi,12.8,0.0,0.43,68.05,19.67,81.7,7539006520,22597079001,6293873,18858923,10708.37,31.52,synthetic_demo,GOOD
2026-10-06T22:15:19.943559+00:00,Wi-Fi,Wi-Fi,169.75,8.44,36.51,6.37,0.54,36.1,7539345136,22601060430,6294155,18862240,843.76,75.99,synthetic_demo,POOR
2026-10-06T22:15:24.943559+00:00,Wi-Fi,Wi-Fi,22.05,0.0,9.61,56.2,32.87,92.3,7559889344,22636184788,6311275,18891510,10872.77,19.29,synthetic_demo,MODERATE
2026-10-06T22:15:29.943559+00:00,Ethernet0,Ethernet,99.62,3.5,26.73,11.85,4.35,,7562608592,22643590570,6313541,18897681,1977.54,90.35,synthetic_demo,POOR
2026-10-06T22:15:34.943559+00:00,Ethernet0,Ethernet,14.91,0.0,0.85,103.89,66.61,,7604239791,22708520001,6348233,18951788,20812.62,21.94,synthetic_demo,GOOD
2026-10-06T22:15:39.943559+00:00,Ethernet0,Ethernet,10.43,0.0,0.88,149.18,39.42,,7628878312,22801758531,6368765,19029486,23022.86,5.1,synthetic_demo,GOOD
2026-10-06T22:15:44.943559+00:00,Ethernet0,Ethernet,12.65,0.0,1.83,137.21,43.83,,7656273108,22887515955,6391593,19100950,22100.04,10.45,synthetic_demo,GOOD
2026-10-06T22:15:49.943559+00:00,Ethernet0,Ethernet,12.72,0.0,0.5,168.87,56.13,,7691357234,22993062398,6420829,19188905,27466.91,12.42,synthetic_demo,GOOD
2026-10-06T22:15:54.943559+00:00,Wi-Fi,Wi-Fi,24.84,0.0,1.74,69.0,15.82,76.6,7701246181,23036184761,6429069,19224840,10353.77,37.95,synthetic_demo,GOOD
2026-10-06T22:15:59.943559+00:00,Ethernet0,Ethernet,14.04,0.0,4.65,131.45,52.14,,7733836361,23118340883,6456227,19293303,22411.39,29.28,synthetic_demo,GOOD
2026-10-06T22:16:04.943559+00:00,Ethernet0,Ethernet,11.57,0.0,0.97,134.09,63.99,,7773832723,23202145193,6489557,19363139,24179.82,10.53,synthetic_demo,GOOD
2026-10-06T22:16:09.943559+00:00,Ethernet0,Ethernet,8.93,0.0,0.15,145.81,67.7,,7816143915,23293279384,6524816,19439084,26063.55,21.14,synthetic_demo,GOOD
2026-10-06T22:16:14.943559+00:00,Wi-Fi,Wi-Fi,31.24,0.0,0.37,48.67,27.27,96.6,7833187368,23323696519,6539018,19464431,9269.65,36.67,synthetic_demo,GOOD
2026-10-06T22:16:19.943559+00:00,Ethernet0,Ethernet,9.79,0.05,1.7,137.5,50.53,,7864766633,23409636086,6565334,19536047,22952.9,31.63,synthetic_demo,GOOD
2026-10-06T22:16:24.943559+00:00,Wi-Fi,Wi-Fi,17.13,0.0,1.51,63.74,14.19,79.1,7873635282,23449475991,6572724,19569246,9513.39,32.19,synthetic_demo,GOOD
2026-10-06T22:16:29.943559+00:00,Wi-Fi,Wi-Fi,94.77,2.77,13.09,8.47,8.59,39.2,7879001754,23454767061,6577196,19573655,2081.55,67.17,synthetic_demo,POOR
2026-10-06T22:16:34.943559+00:00,Wi-Fi,Wi-Fi,90.25,1.46,17.84,9.18,5.08,73.2,7882178100,23460503481,6579842,19578435,1740.77,91.32,synthetic_demo,MODERATE
2026-10-06T22:16:39.943559+00:00,Ethernet0,Ethernet,14.5,0.0,0.9,154.21,49.58,,7913163980,23556887045,6605663,19658754,24876.84,23.19,synthetic_demo,GOOD
2026-10-06T22:16:44.943559+00:00,Ethernet0,Ethernet,101.65,2.82,24.92,8.06,4.86,,7916199424,23561925460,6608192,19662952,1576.93,89.75,synthetic_demo,MODERATE
2026-10-06T22:16:49.943559+00:00,Wi-Fi,Wi-Fi,60.53,2.63,14.43,14.67,4.02,50.9,7918715020,23571093185,6610288,19670591,2281.9,62.08,synthetic_demo,MODERATE
2026-10-06T22:16:54.943559+00:00,Ethernet0,Ethernet,13.85,0.0,0.65,200.11,45.48,,7947142263,23696161296,6633977,19774814,29979.56,19.17,synthetic_demo,GOOD
2026-10-06T22:16:59.943559+00:00,Wi-Fi,Wi-Fi,114.28,6.02,49.71,9.14,1.16,40.9,7947868402,23701876678,6634582,19779576,1258.11,57.09,synthetic_demo,POOR
2026-10-06T22:17:04.943559+00:00,Ethernet0,Ethernet,282.61,46.8,55.07,1.83,0.13,,7947950146,23703022828,6634650,19780531,239.82,76.6,synthetic_demo,POOR
2026-10-06T22:17:09.943559+00:00,Ethernet0,Ethernet,14.87,0.0,2.57,137.53,48.43,,7978218263,23788978339,6659873,19852160,22699.93,15.23,synthetic_demo,GOOD
2026-10-06T22:17:14.943559+00:00,Wi-Fi,Wi-Fi,24.11,0.0,1.29,70.14,26.06,83.1,7994505385,23832816693,6673445,19888691,11743.26,39.3,synthetic_demo,GOOD
2026-10-06T22:17:19.943559+00:00,Wi-Fi,Wi-Fi,104.13,10.32,17.57,11.14,3.14,40.2,7996467429,23839781482,6675080,19894494,1743.52,54.13,synthetic_demo,POOR
2026-10-06T22:17:24.943559+00:00,Ethernet0,Ethernet,129.16,3.49,33.88,8.18,4.96,,7999568261,23844895424,6677664,19898755,1604.45,91.02,synthetic_demo,POOR
2026-10-06T22:17:29.943559+00:00,Ethernet0,Ethernet,10.29,0.0,0.21,149.82,50.61,,8031198169,23938530936,6704022,19976784,24465.9,5.77,synthetic_demo,GOOD
2026-10-06T22:17:34.943559+00:00,Ethernet0,Ethernet,16.82,0.0,2.86,118.93,51.39,,8063317178,24012860347,6730787,20038725,20790.71,8.65,synthetic_demo,GOOD
2026-10-06T22:17:39.943559+00:00,Wi-Fi,Wi-Fi,18.35,0.0,10.18,63.87,29.71,90.0,8081888861,24052776021,6746263,20071988,11423.31,26.63,synthetic_demo,MODERATE
2026-10-06T22:17:44.943559+00:00,Wi-Fi,Wi-Fi,25.91,0.0,1.91,68.98,28.55,78.0,8099731359,24095889684,6761131,20107916,11905.5,39.94,synthetic_demo,GOOD
2026-10-06T22:17:49.943559+00:00,Wi-Fi,Wi-Fi,93.56,3.31,16.04,18.01,4.65,42.5,8102639287,24107145169,6763554,20117295,2766.29,61.91,synthetic_demo,MODERATE
2026-10-06T22:17:54.943559+00:00,Wi-Fi,Wi-Fi,21.66,0.0,3.7,88.39,26.25,88.9,8119045185,24162390022,6777225,20163332,13994.29,43.23,synthetic_demo,GOOD
2026-10-06T22:17:59.943559+00:00,Wi-Fi,Wi-Fi,23.55,0.0,0.34,61.99,25.07,97.3,8134712733,24201132715,6790281,20195617,10627.0,11.35,synthetic_demo,GOOD
2026-10-06T22:18:04.943559+00:00,Ethernet0,Ethernet,42.33,1.18,25.02,17.04,6.71,,8138905004,24211780668,6793774,20204490,2898.48,88.93,synthetic_demo,POOR
2026-10-06T22:18:09.943559+00:00,Ethernet0,Ethernet,11.34,0.0,1.18,161.14,43.0,,8165782498,24312491602,6816171,20288415,24919.61,16.62,synthetic_demo,GOOD
2026-10-06T22:18:14.943559+00:00,Wi-Fi,Wi-Fi,23.95,0.0,2.16,70.24,25.69,81.5,8181841521,24356391453,6829553,20324998,11710.72,38.67,synthetic_demo,GOOD
2026-10-06T22:18:19.943559+00:00,Wi-Fi,Wi-Fi,96.91,2.71,29.34,10.37,3.53,67.8,8184049751,24362872135,6831393,20330398,1697.05,92.2,synthetic_demo,POOR
2026-10-06T22:18:24.943559+00:00,Wi-Fi,Wi-Fi,182.35,9.42,36.14,1.74,3.75,34.5,8186394933,24363957103,6833347,20331302,669.95,64.51,synthetic_demo,POOR
2026-10-06T22:18:29.943559+00:00,Wi-Fi,Wi-Fi,65.82,0.52,17.91,11.2,7.15,52.8,8190865307,24370957721,6837072,20337135,2240.43,70.07,synthetic_demo,MODERATE
2026-10-06T22:18:34.943559+00:00,Wi-Fi,Wi-Fi,124.27,1.32,14.46,22.16,9.17,41.5,8196595924,24384809118,6841847,20348677,3824.61,40.89,synthetic_demo,MODERATE
2026-10-06T22:18:39.943559+00:00,Ethernet0,Ethernet,10.02,0.0,0.82,163.86,60.22,,8234233191,24487219308,6873211,20434018,27353.02,30.91,synthetic_demo,GOOD
2026-10-06T22:18:44.943559+00:00,Wi-Fi,Wi-Fi,26.06,0.0,0.7,69.65,32.33,79.4,8254437424,24530753086,6890047,20470296,12448.83,41.65,synthetic_demo,GOOD
2026-10-06T22:18:49.943559+00:00,Wi-Fi,Wi-Fi,75.98,2.49,14.04,11.33,3.66,41.8,8256727727,24537831857,6891955,20476194,1829.9,63.81,synthetic_demo,MODERATE
2026-10-06T22:18:54.943559+00:00,Ethernet0,Ethernet,13.27,0.0,0.13,137.68,66.17,,8298084257,24623880966,6926418,20547901,24883.91,21.71,synthetic_demo,GOOD
2026-10-06T22:18:59.943559+00:00,Wi-Fi,Wi-Fi,21.15,0.0,1.14,48.2,39.46,83.1,8322745690,24654004610,6946969,20573004,10700.21,41.2,synthetic_demo,GOOD
2026-10-06T22:19:04.943559+00:00,Wi-Fi,Wi-Fi,23.7,0.0,3.21,71.29,22.78,96.8,8336985320,24698563768,6958835,20610136,11484.14,18.63,synthetic_demo,GOOD
2026-10-06T22:19:09.943559+00:00,Ethernet0,Ethernet,8.9,0.0,2.02,164.13,49.16,,8367711917,24801143401,6984440,20695619,26036.37,27.1,synthetic_demo,GOOD
2026-10-06T22:19:14.943559+00:00,Wi-Fi,Wi-Fi,36.53,0.0,2.69,54.01,23.38,81.9,8382321735,24834899568,6996614,20723749,9446.48,17.48,synthetic_demo,GOOD
2026-10-06T22:19:19.943559+00:00,Ethernet0,Ethernet,14.15,0.01,3.06,172.92,62.74,,8421532393,24942976841,7029289,20813813,28767.17,23.44,synthetic_demo,GOOD
2026-10-06T22:19:24.943559+00:00,Wi-Fi,Wi-Fi,24.66,0.0,1.34,92.9,26.04,80.9,8437805795,25001041951,7042850,20862200,14519.24,29.74,synthetic_demo,GOOD
2026-10-06T22:19:29.943559+00:00,Ethernet0,Ethernet,13.11,0.0,0.22,116.25,58.31,,8474250864,25073700962,7073220,20922749,21309.39,6.57,synthetic_demo,GOOD
2026-10-06T22:19:34.943559+00:00,Wi-Fi,Wi-Fi,140.2,11.08,36.71,2.64,3.38,35.3,8476363450,25075348835,7074980,20924122,734.46,73.65,synthetic_demo,POOR
2026-10-06T22:19:39.943559+00:00,Wi-Fi,Wi-Fi,85.21,1.69,16.01,18.42,6.31,35.8,8480309273,25086861803,7078268,20933716,3019.3,71.74,synthetic_demo,MODERATE
2026-10-06T22:19:44.943559+00:00,Wi-Fi,Wi-Fi,180.37,1.42,12.2,17.09,3.82,60.4,8482698258,25097540966,7080258,20942615,2552.37,88.82,synthetic_demo,POOR
2026-10-06T22:19:49.943559+00:00,Wi-Fi,Wi-Fi,157.76,3.24,17.89,12.56,4.86,66.4,8485736361,25105390699,7082789,20949156,2126.53,97.94,synthetic_demo,POOR
2026-10-06T22:19:54.943559+00:00,Wi-Fi,Wi-Fi,26.96,0.0,7.74,96.7,20.61,91.4,8498619327,25165827868,7093524,20999520,14320.34,11.41,synthetic_demo,GOOD
2026-10-06T22:19:59.943559+00:00,Ethernet0,Ethernet,15.54,0.0,0.78,157.43,41.19,,8524364575,25264221126,7114978,21081514,24245.8,29.07,synthetic_demo,GOOD
2026-10-06T22:20:04.943559+00:00,Wi-Fi,Wi-Fi,87.89,1.0,15.73,23.77,7.64,36.8,8529140802,25279077900,7118958,21093894,3834.57,70.14,synthetic_demo,MODERATE
2026-10-06T22:20:09.943559+00:00,Wi-Fi,Wi-Fi,77.36,2.1,4.5,20.48,5.53,42.4,8532599291,25291877203,7121840,21104560,3175.35,41.59,synthetic_demo,MODERATE
2026-10-06T22:20:14.943559+00:00,Wi-Fi,Wi-Fi,37.21,1.77,27.76,12.83,3.64,84.9,8534874972,25299895051,7123736,21111241,2010.45,89.61,synthetic_demo,POOR
2026-10-06T22:20:19.943559+00:00,Wi-Fi,Wi-Fi,32.39,0.0,1.49,52.76,25.66,85.4,8550909719,25332872581,7137098,21138722,9572.71,32.63,synthetic_demo,GOOD
2026-10-06T22:20:24.943559+00:00,Ethernet0,Ethernet,14.21,0.0,2.37,148.01,47.28,,8580457050,25425381151,7161720,21215812,23839.04,19.12,synthetic_demo,GOOD
2026-10-06T22:20:29.943559+00:00,Wi-Fi,Wi-Fi,30.71,0.0,3.94,59.13,26.67,83.3,8597126292,25462340180,7175611,21246611,10474.27,35.69,synthetic_demo,GOOD
2026-10-06T22:20:34.943559+00:00,Wi-Fi,Wi-Fi,27.35,0.0,4.67,47.41,26.43,90.1,8613646083,25491969257,7189377,21271301,9013.45,32.46,synthetic_demo,GOOD
2026-10-06T22:20:39.943559+00:00,Wi-Fi,Wi-Fi,112.15,3.13,6.13,18.31,7.56,50.1,8618370868,25503415972,7193314,21280839,3158.5,55.38,synthetic_demo,MODERATE
2026-10-06T22:20:44.943559+00:00,Wi-Fi,Wi-Fi,59.24,1.61,18.28,22.66,7.03,43.0,8622763963,25517575887,7196974,21292638,3623.63,55.68,synthetic_demo,MODERATE
2026-10-06T22:20:49.943559+00:00,Wi-Fi,Wi-Fi,27.08,0.0,1.17,82.94,28.28,78.7,8640438551,25569411859,7211702,21335834,13576.28,20.85,synthetic_demo,GOOD
2026-10-06T22:20:54.943559+00:00,Ethernet0,Ethernet,332.82,45.97,49.54,0.93,0.87,,8640981853,25569994499,7212154,21336319,219.91,95.63,synthetic_demo,POOR
2026-10-06T22:20:59.943559+00:00,Wi-Fi,Wi-Fi,115.5,0.57,7.04,25.92,8.38,41.2,8646221767,25586192330,7216520,21349817,4187.06,73.01,synthetic_demo,MODERATE
2026-10-06T22:21:04.943559+00:00,Ethernet0,Ethernet,11.24,0.0,1.63,126.65,58.11,,8682539665,25665348340,7246784,21415780,22553.5,14.74,synthetic_demo,GOOD
2026-10-06T22:21:09.943559+00:00,Ethernet0,Ethernet,13.24,0.0,1.15,162.7,41.33,,8708371636,25767037090,7268310,21500520,24906.39,30.3,synthetic_demo,GOOD
2026-10-06T22:21:14.943559+00:00,Ethernet0,Ethernet,11.93,0.0,4.31,157.2,51.58,,8740610578,25865289480,7295175,21582396,25486.59,21.64,synthetic_demo,GOOD
2026-10-06T22:21:19.943559+00:00,Ethernet0,Ethernet,12.78,0.0,0.1,151.31,54.85,,8774889274,25959861200,7323740,21661205,25166.1,28.87,synthetic_demo,GOOD
2026-10-06T22:21:24.943559+00:00,Ethernet0,Ethernet,12.67,0.0,1.67,125.42,59.49,,8812070200,26038248664,7354724,21726527,22571.95,24.2,synthetic_demo,GOOD
2026-10-06T22:21:29.943559+00:00,Ethernet0,Ethernet,9.3,0.0,1.46,156.72,46.17,,8840927590,26136196754,7378771,21808150,24766.7,30.06,synthetic_demo,GOOD
2026-10-06T22:21:34.943559+00:00,Wi-Fi,Wi-Fi,21.97,0.0,2.01,97.64,17.18,92.4,8851662038,26197222838,7387716,21859005,14015.73,41.56,synthetic_demo,GOOD
2026-10-06T22:21:39.943559+00:00,Ethernet0,Ethernet,12.11,0.0,0.1,151.38,39.88,,8876588405,26291832798,7408487,21937846,23346.94,26.31,synthetic_demo,GOOD
2026-10-06T22:21:44.943559+00:00,Wi-Fi,Wi-Fi,123.52,9.46,27.79,1.32,1.22,33.8,8877351733,26292657011,7409123,21938532,310.07,52.3,synthetic_demo,POOR
2026-10-06T22:21:49.943559+00:00,Ethernet0,Ethernet,16.63,0.0,2.17,146.69,57.94,,8913567347,26384337818,7439302,22014932,24979.77,17.71,synthetic_demo,GOOD
2026-10-06T22:21:54.943559+00:00,Wi-Fi,Wi-Fi,80.92,1.3,15.68,26.35,5.44,47.2,8916965436,26400808175,7442133,22028657,3880.56,43.87,synthetic_demo,MODERATE
2026-10-06T22:21:59.943559+00:00,Wi-Fi,Wi-Fi,19.21,0.0,2.26,82.08,24.48,81.4,8932262624,26452108282,7454880,22071407,13007.28,18.08,synthetic_demo,GOOD
2026-10-06T22:22:04.943559+00:00,Ethernet0,Ethernet,292.61,22.7,35.6,1.96,0.5,,8932575532,26453330738,7455140,22072425,299.88,80.53,synthetic_demo,POOR
2026-10-06T22:22:09.943559+00:00,Ethernet0,Ethernet,11.23,0.0,2.87,184.76,54.29,,8966506581,26568805550,7483415,22168654,29180.83,31.91,synthetic_demo,GOOD
2026-10-06T22:22:14.943559+00:00,Wi-Fi,Wi-Fi,23.56,0.0,0.1,85.14,29.13,81.3,8984715609,26622019033,7498589,22212998,13949.71,19.56,synthetic_demo,GOOD
2026-10-06T22:22:19.943559+00:00,Wi-Fi,Wi-Fi,227.13,42.55,80.16,2.25,0.69,14.1,8985147164,26623423898,7498948,22214168,358.68,97.98,synthetic_demo,POOR
2026-10-06T22:22:24.943559+00:00,Wi-Fi,Wi-Fi,119.04,6.48,22.23,6.48,1.58,30.6,8986132268,26627474402,7499768,22217543,983.52,71.15,synthetic_demo,POOR
2026-10-06T22:22:29.943559+00:00,Wi-Fi,Wi-Fi,108.2,10.63,24.07,8.62,1.26,39.1,8986921170,26632860825,7500425,22222031,1206.12,70.57,synthetic_demo,POOR
2026-10-06T22:22:34.943559+00:00,Wi-Fi,Wi-Fi,15.25,0.0,2.42,74.65,23.63,78.0,9001688113,26679514993,7512730,22260909,11996.31,33.25,synthetic_demo,GOOD
2026-10-06T22:22:39.943559+00:00,Ethernet0,Ethernet,11.17,0.0,1.19,121.6,54.37,,9035672016,26755513955,7541049,22324241,21481.03,7.04,synthetic_demo,GOOD
2026-10-06T22:22:44.943559+00:00,Wi-Fi,Wi-Fi,87.48,2.42,26.39,11.8,2.52,68.9,9037245270,26762892040,7542360,22330389,1748.31,98.26,synthetic_demo,POOR
2026-10-06T22:22:49.943559+00:00,Ethernet0,Ethernet,352.05,41.06,52.82,1.16,0.16,,9037344587,26763618423,7542442,22330994,161.27,95.11,synthetic_demo,POOR
2026-10-06T22:22:54.943559+00:00,Wi-Fi,Wi-Fi,81.95,0.58,14.0,19.11,6.67,38.3,9041510537,26775561524,7545913,22340946,3146.3,59.8,synthetic_demo,MODERATE
2026-10-06T22:22:59.943559+00:00,Wi-Fi,Wi-Fi,86.2,1.44,16.42,16.48,2.73,38.4,9043216540,26785859552,7547334,22349527,2344.54,53.41,synthetic_demo,MODERATE
2026-10-06T22:23:04.943559+00:00,Wi-Fi,Wi-Fi,17.23,0.0,1.35,70.9,23.5,94.8,9057902649,26830174978,7559572,22386456,11523.74,23.75,synthetic_demo,GOOD
2026-10-06T22:23:09.943559+00:00,Wi-Fi,Wi-Fi,130.01,3.24,11.18,12.55,4.34,74.7,9060617863,26838016456,7561834,22392990,2061.85,95.77,synthetic_demo,MODERATE
2026-10-06T22:23:14.943559+00:00,Ethernet0,Ethernet,15.81,0.0,0.42,141.62,44.37,,9088350382,26926527895,7584944,22466749,22703.9,34.44,synthetic_demo,GOOD
2026-10-06T22:23:19.943559+00:00,Wi-Fi,Wi-Fi,33.02,0.0,7.64,70.39,31.85,96.1,9108253802,26970522461,7601530,22503411,12480.08,25.75,synthetic_demo,GOOD
2026-10-06T22:23:24.943559+00:00,Wi-Fi,Wi-Fi,23.87,0.0,0.67,100.0,32.62,88.9,9128642918,27033022429,7618520,22555494,16189.27,34.1,synthetic_demo,GOOD
2026-10-06T22:23:29.943559+00:00,Wi-Fi,Wi-Fi,66.1,1.35,11.97,17.85,5.74,38.4,9132230702,27044179734,7621509,22564791,2879.9,62.84,synthetic_demo,MODERATE
2026-10-06T22:23:34.943559+00:00,Ethernet0,Ethernet,11.94,0.0,2.33,166.71,42.2,,9158605289,27148374518,7643487,22651619,25501.83,25.64,synthetic_demo,GOOD
2026-10-06T22:23:39.943559+00:00,Ethernet0,Ethernet,13.25,0.0,0.9,111.15,47.97,,9188589002,27217843296,7668473,22709509,19424.31,30.19,synthetic_demo,GOOD
2026-10-06T22:23:44.943559+00:00,Wi-Fi,Wi-Fi,94.6,2.27,16.71,10.21,0.96,37.4,9189187943,27224224573,7668972,22714826,1363.32,54.58,synthetic_demo,POOR
2026-10-06T22:23:49.943559+00:00,Wi-Fi,Wi-Fi,25.74,0.04,1.61,82.02,23.93,83.6,9204143743,27275489300,7681435,22757546,12933.7,36.53,synthetic_demo,GOOD
2026-10-06T22:23:54.943559+00:00,Wi-Fi,Wi-Fi,112.23,1.28,16.38,18.28,7.39,51.6,9208762079,27286916670,7685283,22767068,3133.93,52.78,synthetic_demo,MODERATE
2026-10-06T22:23:59.943559+00:00,Ethernet0,Ethernet,12.74,0.1,0.32,136.41,51.72,,9241087659,27372173607,7712220,22838115,22965.34,18.93,synthetic_demo,GOOD
2026-10-06T22:24:04.943559+00:00,Wi-Fi,Wi-Fi,25.23,0.0,2.13,86.61,24.96,95.5,9256689281,27426305070,7725221,22883224,13619.74,37.5,synthetic_demo,GOOD
2026-10-06T22:24:09.943559+00:00,Wi-Fi,Wi-Fi,83.07,1.17,5.87,13.23,0.35,51.6,9256910987,27434575523,7725405,22890116,1658.62,71.36,synthetic_demo,MODERATE
2026-10-06T22:24:14.943559+00:00,Ethernet0,Ethernet,11.29,0.0,0.29,149.0,47.3,,9286476561,27527699706,7750042,22967719,23962.84,16.99,synthetic_demo,GOOD
2026-10-06T22:24:19.943559+00:00,Wi-Fi,Wi-Fi,25.35,0.0,0.32,48.83,21.55,95.8,9299944447,27558219710,7761265,22993152,8591.38,40.43,synthetic_demo,GOOD
2026-10-06T22:24:24.943559+00:00,Ethernet0,Ethernet,11.54,0.0,0.62,147.7,48.98,,9330556302,27650532823,7786774,23070079,24008.78,9.0,synthetic_demo,GOOD
2026-10-06T22:24:29.943559+00:00,Ethernet0,Ethernet,12.09,0.0,0.36,185.02,44.23,,9358197538,27766172017,7809808,23166444,27984.46,10.48,synthetic_demo,GOOD
2026-10-06T22:24:34.943559+00:00,Ethernet0,Ethernet,193.55,52.3,71.98,1.55,0.42,,9358459829,27767139643,7810026,23167250,240.22,86.73,synthetic_demo,POOR
2026-10-06T22:24:39.943559+00:00,Wi-Fi,Wi-Fi,19.02,0.0,1.26,79.12,32.13,86.1,9378544102,27816587853,7826762,23208456,13580.56,42.91,synthetic_demo,GOOD
2026-10-06T22:24:44.943559+00:00,Wi-Fi,Wi-Fi,116.05,6.7,45.76,4.79,4.04,26.1,9381066309,27819580174,7828863,23210949,1077.06,63.95,synthetic_demo,POOR
2026-10-06T22:24:49.943559+00:00,Wi-Fi,Wi-Fi,34.96,0.0,21.95,85.46,23.26,90.6,9395605293,27872991780,7840978,23255458,13271.6,21.93,synthetic_demo,MODERATE
2026-10-06T22:24:54.943559+00:00,Ethernet0,Ethernet,96.29,1.94,15.23,12.43,3.25,,9397636663,27880759853,7842670,23261931,1913.95,96.97,synthetic_demo,MODERATE
2026-10-06T22:24:59.943559+00:00,Wi-Fi,Wi-Fi,132.0,2.05,31.65,13.73,2.89,81.4,9399439845,27889343491,7844172,23269084,2028.68,94.6,synthetic_demo,POOR
2026-10-06T22:25:04.943559+00:00,Wi-Fi,Wi-Fi,77.38,2.77,11.35,29.09,7.08,54.4,9403864867,27907523900,7847859,23284234,4415.12,42.93,synthetic_demo,MODERATE
2026-10-06T22:25:09.943559+00:00,Wi-Fi,Wi-Fi,30.31,0.0,2.12,70.15,33.06,94.2,9424530423,27951365947,7865080,23320769,12599.14,14.25,synthetic_demo,GOOD
2026-10-06T22:25:14.943559+00:00,Wi-Fi,Wi-Fi,28.65,0.0,1.97,42.12,17.89,86.7,9435710940,27977691147,7874397,23342706,7325.34,43.08,synthetic_demo,GOOD
2026-10-06T22:25:19.943559+00:00,Wi-Fi,Wi-Fi,28.03,0.0,3.86,75.97,27.85,89.0,9453118709,28025169967,7888903,23382271,12673.16,29.77,synthetic_demo,GOOD
2026-10-06T22:25:24.943559+00:00,Ethernet0,Ethernet,289.72,51.97,32.15,2.19,0.46,,9453406473,28026537119,7889142,23383410,323.23,94.25,synthetic_demo,POOR
2026-10-06T22:25:29.943559+00:00,Wi-Fi,Wi-Fi,116.4,6.48,31.98,5.47,2.25,30.5,9454812031,28029954928,7890313,23386258,942.06,65.53,synthetic_demo,POOR
2026-10-06T22:25:34.943559+00:00,Wi-Fi,Wi-Fi,220.44,27.9,47.26,1.65,0.92,23.6,9455388002,28030988167,7890792,23387119,314.3,94.33,synthetic_demo,POOR
2026-10-06T22:25:39.943559+00:00,Ethernet0,Ethernet,13.04,0.0,0.43,156.26,55.74,,9490224046,28128648444,7919822,23468502,25878.19,24.19,synthetic_demo,GOOD
2026-10-06T22:25:44.943559+00:00,Ethernet0,Ethernet,93.76,3.2,21.29,10.79,6.99,,9494593744,28135389724,7923463,23474119,2170.11,97.6,synthetic_demo,MODERATE
2026-10-06T22:25:49.943559+00:00,Wi-Fi,Wi-Fi,275.1,50.86,49.19,1.34,0.17,14.3,9494702617,28136224693,7923553,23474814,184.34,89.69,synthetic_demo,POOR
2026-10-06T22:25:54.943559+00:00,Ethernet0,Ethernet,14.76,0.0,2.46,142.45,62.58,,9533812698,28225255553,7956144,23549006,25027.53,15.54,synthetic_demo,GOOD
2026-10-06T22:25:59.943559+00:00,Ethernet0,Ethernet,10.67,0.0,0.1,166.13,47.72,,9563634998,28329088591,7980995,23635533,26104.56,12.17,synthetic_demo,GOOD
2026-10-06T22:26:04.943559+00:00,Wi-Fi,Wi-Fi,90.03,1.1,29.46,5.16,4.59,61.6,9566502214,28332315525,7983384,23638222,1190.26,85.7,synthetic_demo,POOR
2026-10-06T22:26:09.943559+00:00,Wi-Fi,Wi-Fi,73.22,1.53,23.05,22.34,5.72,53.2,9570080179,28346277498,7986365,23649856,3425.77,65.05,synthetic_demo,MODERATE
2026-10-06T22:26:14.943559+00:00,Wi-Fi,Wi-Fi,123.01,7.36,39.31,10.61,3.41,34.6,9572213997,28352910116,7988143,23655383,1712.19,64.02,synthetic_demo,POOR
2026-10-06T22:26:19.943559+00:00,Ethernet0,Ethernet,16.16,0.0,0.16,140.48,38.79,,9596458390,28440709334,8008346,23728549,21883.52,5.5,synthetic_demo,GOOD
2026-10-06T22:26:24.943559+00:00,Ethernet0,Ethernet,58.86,2.01,16.81,12.56,4.81,,9599462233,28448559521,8010849,23735090,2119.93,98.98,synthetic_demo,MODERATE
2026-10-06T22:26:29.943559+00:00,Ethernet0,Ethernet,12.32,0.0,0.53,174.26,55.33,,9634042806,28557474260,8039666,23825852,28026.43,28.45,synthetic_demo,GOOD
2026-10-06T22:26:34.943559+00:00,Ethernet0,Ethernet,14.42,0.0,1.75,112.29,45.89,,9662721189,28627653535,8063564,23884334,19308.14,32.16,synthetic_demo,GOOD
2026-10-06T22:26:39.943559+00:00,Ethernet0,Ethernet,10.63,0.04,0.56,163.32,72.82,,9708233082,28729725535,8101490,23969394,28824.98,11.55,synthetic_demo,GOOD
2026-10-06T22:26:44.943559+00:00,Wi-Fi,Wi-Fi,117.8,8.27,25.73,3.91,1.94,39.6,9709447478,28732171381,8102501,23971432,714.89,61.51,synthetic_demo,POOR
2026-10-06T22:26:49.943559+00:00,Ethernet0,Ethernet,126.09,3.16,10.3,11.45,4.37,,9712178367,28739327754,8104776,23977395,1931.11,89.69,synthetic_demo,MODERATE
2026-10-06T22:26:54.943559+00:00,Wi-Fi,Wi-Fi,90.64,3.2,14.67,12.12,5.98,41.9,9715914393,28746905557,8107889,23983709,2209.73,45.19,synthetic_demo,MODERATE
2026-10-06T22:26:59.943559+00:00,Wi-Fi,Wi-Fi,27.4,0.0,1.41,77.18,30.29,77.7,9734847126,28795140158,8123666,24023904,13118.62,34.13,synthetic_demo,GOOD
2026-10-06T22:27:04.943559+00:00,Wi-Fi,Wi-Fi,145.3,7.57,27.65,2.06,2.22,30.1,9736234045,28796424760,8124821,24024974,521.78,60.9,synthetic_demo,POOR
2026-10-06T22:27:09.943559+00:00,Wi-Fi,Wi-Fi,22.62,0.0,6.0,116.53,23.74,88.1,9751072945,28869253262,8137186,24085664,17122.54,24.37,synthetic_demo,GOOD
2026-10-06T22:27:14.943559+00:00,Wi-Fi,Wi-Fi,156.39,5.45,24.34,6.93,1.42,29.2,9751958568,28873583166,8137924,24089272,1018.66,60.74,synthetic_demo,POOR
2026-10-06T22:27:19.943559+00:00,Wi-Fi,Wi-Fi,11.73,0.0,2.93,55.53,31.74,81.7,9771795622,28908287873,8154454,24118192,10652.69,21.28,synthetic_demo,GOOD
2026-10-06T22:27:24.943559+00:00,Wi-Fi,Wi-Fi,29.55,0.0,1.1,76.31,19.96,94.7,9784271296,28955979493,8164850,24157935,11751.42,35.79,synthetic_demo,GOOD
2026-10-06T22:27:29.943559+00:00,Wi-Fi,Wi-Fi,22.63,0.0,4.99,54.9,34.71,77.6,9805962564,28990291826,8182926,24186528,10938.2,29.79,synthetic_demo,GOOD
2026-10-06T22:27:34.943559+00:00,Wi-Fi,Wi-Fi,25.46,0.0,1.7,54.85,28.71,76.2,9823903704,29024570347,8197876,24215093,10199.15,10.36,synthetic_demo,GOOD
2026-10-06T22:27:39.943559+00:00,Wi-Fi,Wi-Fi,87.21,3.76,17.03,9.04,3.42,73.6,9826042275,29030219282,8199658,24219800,1521.0,97.01,synthetic_demo,MODERATE
2026-10-06T22:27:44.943559+00:00,Wi-Fi,Wi-Fi,51.4,2.18,20.15,23.97,7.87,48.3,9830963984,29045201160,8203759,24232284,3887.42,70.48,synthetic_demo,MODERATE
2026-10-06T22:27:49.943559+00:00,Ethernet0,Ethernet,12.55,0.0,1.54,170.65,60.78,,9868952267,29151856027,8235415,24321163,28250.62,11.75,synthetic_demo,GOOD
2026-10-06T22:27:54.943559+00:00,Wi-Fi,Wi-Fi,131.98,8.08,29.15,3.01,1.54,32.5,9869912357,29153736155,8236215,24322729,554.73,84.76,synthetic_demo,POOR
2026-10-06T22:27:59.943559+00:00,Wi-Fi,Wi-Fi,19.51,0.0,0.37,68.27,22.97,80.5,9884268262,29196402638,8248178,24358284,11137.19,28.04,synthetic_demo,GOOD
2026-10-06T22:28:04.943559+00:00,Wi-Fi,Wi-Fi,46.09,2.77,16.81,21.03,5.54,48.1,9887733610,29209545453,8251065,24369236,3243.78,55.27,synthetic_demo,MODERATE
2026-10-06T22:28:09.943559+00:00,Wi-Fi,Wi-Fi,155.05,6.68,37.22,7.53,1.81,28.3,9888866528,29214250790,8252009,24373157,1140.28,51.48,synthetic_demo,POOR
2026-10-06T22:28:14.943559+00:00,Wi-Fi,Wi-Fi,102.83,2.82,13.94,18.39,7.66,37.0,9893651169,29225746427,8255996,24382736,3179.74,60.6,synthetic_demo,POOR
2026-10-06T22:28:19.943559+00:00,Ethernet0,Ethernet,11.5,0.0,0.1,152.71,59.29,,9930706950,29321193090,8286875,24462274,25879.38,25.12,synthetic_demo,GOOD
2026-10-06T22:28:24.943559+00:00,Ethernet0,Ethernet,251.25,17.84,64.14,2.21,0.77,,9931188059,29322576712,8287275,24463427,364.21,86.9,synthetic_demo,POOR
2026-10-06T22:28:29.943559+00:00,Wi-Fi,Wi-Fi,68.36,0.86,4.19,20.9,7.32,53.2,9935763487,29335636213,8291087,24474309,3444.32,40.52,synthetic_demo,MODERATE
2026-10-06T22:28:34.943559+00:00,Wi-Fi,Wi-Fi,28.74,0.0,8.36,69.07,26.55,76.9,9952354258,29378807648,8304912,24510285,11672.31,10.73,synthetic_demo,MODERATE
2026-10-06T22:28:39.943559+00:00,Ethernet0,Ethernet,15.56,0.0,0.76,178.28,61.11,,9990547452,29490229768,8336739,24603136,29221.74,29.77,synthetic_demo,GOOD
2026-10-06T22:28:44.943559+00:00,Ethernet0,Ethernet,64.98,3.25,35.37,7.85,3.95,,9993018711,29495135505,8338798,24607224,1440.82,88.03,synthetic_demo,POOR
2026-10-06T22:28:49.943559+00:00,Wi-Fi,Wi-Fi,98.26,1.01,13.53,15.33,7.06,43.0,9997433457,29504715450,8342476,24615207,2733.34,63.61,synthetic_demo,MODERATE
2026-10-06T22:28:54.943559+00:00,Wi-Fi,Wi-Fi,39.4,0.67,14.99,11.6,3.48,36.3,9999609625,29511962572,8344289,24621246,1840.49,71.35,synthetic_demo,MODERATE
2026-10-06T22:28:59.943559+00:00,Wi-Fi,Wi-Fi,99.81,9.69,48.87,3.93,2.77,34.6,10001343556,29514418557,8345733,24623292,818.34,65.05,synthetic_demo,POOR
2026-10-06T22:29:04.943559+00:00,Wi-Fi,Wi-Fi,131.27,3.59,12.99,13.79,4.51,65.8,10004160267,29523038289,8348080,24630475,2233.68,86.38,synthetic_demo,MODERATE
2026-10-06T22:29:09.943559+00:00,Ethernet0,Ethernet,12.89,0.0,0.53,149.43,45.99,,10032903309,29616431029,8372032,24708302,23854.64,12.16,synthetic_demo,GOOD
2026-10-06T22:29:14.943559+00:00,Wi-Fi,Wi-Fi,28.12,0.07,1.47,102.08,27.66,84.6,10050190575,29680231811,8386438,24761469,15837.51,13.27,synthetic_demo,GOOD
2026-10-06T22:29:19.943559+00:00,Ethernet0,Ethernet,10.57,0.0,0.14,142.81,44.87,,10078236949,29769485575,8409809,24835847,22910.18,30.79,synthetic_demo,GOOD
2026-10-06T22:29:24.943559+00:00,Ethernet0,Ethernet,94.81,1.76,28.97,18.94,4.58,,10081097145,29781320679,8412192,24845709,2870.18,98.91,synthetic_demo,POOR
2026-10-06T22:29:29.943559+00:00,Ethernet0,Ethernet,14.21,0.0,1.7,160.33,50.15,,10112441082,29881527642,8438311,24929214,25693.54,32.41,synthetic_demo,GOOD
2026-10-06T22:29:34.943559+00:00,Wi-Fi,Wi-Fi,87.4,3.4,12.68,23.09,6.44,44.1,10116463723,29895956068,8441663,24941237,3603.72,70.72,synthetic_demo,MODERATE
2026-10-06T22:29:39.943559+00:00,Wi-Fi,Wi-Fi,68.69,1.72,19.41,12.92,2.52,75.6,10118037866,29904030156,8442974,24947965,1884.42,87.21,synthetic_demo,MODERATE
2026-10-06T22:29:44.943559+00:00,Wi-Fi,Wi-Fi,80.1,10.95,40.27,5.69,0.24,27.8,10118188985,29907585138,8443099,24950927,723.85,50.13,synthetic_demo,POOR
2026-10-06T22:29:49.943559+00:00,Wi-Fi,Wi-Fi,23.74,0.0,0.34,96.51,16.3,81.3,10128378281,29967905547,8451590,25001194,13771.43,16.13,synthetic_demo,GOOD
2026-10-06T22:29:54.943559+00:00,Wi-Fi,Wi-Fi,121.64,11.54,39.4,9.32,0.69,26.6,10128808118,29973729619,8451948,25006047,1221.47,58.48,synthetic_demo,POOR
2026-10-06T22:29:59.943559+00:00,Ethernet0,Ethernet,12.4,0.0,0.84,180.74,48.52,,10159134266,30086693841,8477219,25100183,27986.4,34.38,synthetic_demo,GOOD
2026-10-06T22:30:04.943559+00:00,Wi-Fi,Wi-Fi,172.48,11.7,39.53,5.0,1.59,37.5,10160130952,30089818875,8478049,25102787,805.02,52.54,synthetic_demo,POOR
2026-10-06T22:30:09.943559+00:00,Ethernet0,Ethernet,13.22,0.0,0.29,146.78,43.07,,10187052319,30181556155,8500483,25179234,23175.52,22.31,synthetic_demo,GOOD
2026-10-06T22:30:14.943559+00:00,Wi-Fi,Wi-Fi,21.58,0.0,2.5,73.59,15.71,86.6,10196870158,30227547382,8508664,25217560,10900.21,21.85,synthetic_demo,GOOD
2026-10-06T22:30:19.943559+00:00,Ethernet0,Ethernet,94.77,2.52,22.84,16.18,4.88,,10199917505,30237657444,8511203,25225985,2569.81,92.8,synthetic_demo,MODERATE
2026-10-06T22:30:24.943559+00:00,Ethernet0,Ethernet,10.91,0.0,1.47,170.05,45.86,,10228579602,30343935809,8535088,25314550,26355.56,18.6,synthetic_demo,GOOD
2026-10-06T22:30:29.943559+00:00,Ethernet0,Ethernet,10.8,0.0,6.13,155.38,45.67,,10257125480,30441046443,8558876,25395475,24542.29,13.33,synthetic_demo,GOOD
2026-10-06T22:30:34.943559+00:00,Wi-Fi,Wi-Fi,121.77,2.82,27.63,15.31,6.07,70.9,10260916930,30450618093,8562035,25403451,2609.98,86.73,synthetic_demo,POOR
2026-10-06T22:30:39.943559+00:00,Ethernet0,Ethernet,111.31,3.67,24.57,17.46,4.87,,10263962558,30461531308,8564573,25412545,2726.34,91.0,synthetic_demo,MODERATE
2026-10-06T22:30:44.943559+00:00,Wi-Fi,Wi-Fi,78.97,1.49,12.98,6.14,3.78,54.2,10266325972,30465367133,8566542,25415741,1210.79,54.15,synthetic_demo,MODERATE
2026-10-06T22:30:49.943559+00:00,Ethernet0,Ethernet,101.95,1.53,19.08,12.17,4.68,,10269248759,30472972166,8568977,25422078,2056.21,93.76,synthetic_demo,MODERATE
2026-10-06T22:30:54.943559+00:00,Wi-Fi,Wi-Fi,104.45,0.66,19.35,9.36,10.0,46.0,10275496041,30478823689,8574183,25426954,2363.05,49.56,synthetic_demo,MODERATE
2026-10-06T22:30:59.943559+00:00,Wi-Fi,Wi-Fi,30.9,0.0,0.44,80.26,30.25,79.3,10294403539,30528984640,8589939,25468754,13489.93,16.2,synthetic_demo,GOOD
2026-10-06T22:31:04.943559+00:00,Wi-Fi,Wi-Fi,26.86,0.0,1.57,83.58,21.78,94.5,10308018181,30581221730,8601284,25512284,12861.67,36.56,synthetic_demo,GOOD
2026-10-06T22:31:09.943559+00:00,Ethernet0,Ethernet,14.41,0.0,0.83,149.57,49.83,,10339160180,30674704211,8627235,25590186,24340.72,26.68,synthetic_demo,GOOD
2026-10-06T22:31:14.943559+00:00,Wi-Fi,Wi-Fi,162.41,11.97,26.31,5.85,1.19,41.0,10339904509,30678357593,8627855,25593230,858.93,77.61,synthetic_demo,POOR
2026-10-06T22:31:19.943559+00:00,Wi-Fi,Wi-Fi,60.67,1.86,21.17,20.16,6.14,41.6,10343744869,30690960427,8631055,25603732,3211.56,72.31,synthetic_demo,MODERATE
2026-10-06T22:31:24.943559+00:00,Wi-Fi,Wi-Fi,22.85,0.0,0.95,105.13,22.13,77.6,10357574238,30756664861,8642579,25658485,15533.95,22.17,synthetic_demo,GOOD
2026-10-06T22:31:29.943559+00:00,Wi-Fi,Wi-Fi,23.32,0.0,2.81,82.05,25.52,90.4,10373522306,30807946239,8655869,25701219,13130.75,16.13,synthetic_demo,GOOD
2026-10-06T22:31:34.943559+00:00,Wi-Fi,Wi-Fi,230.02,15.67,55.94,0.41,0.29,18.6,10373702981,30808202843,8656019,25701432,85.41,84.62,synthetic_demo,POOR
2026-10-06T22:31:39.943559+00:00,Ethernet0,Ethernet,13.01,0.0,0.52,133.09,39.18,,10398190369,30891383440,8676425,25770749,21028.9,16.3,synthetic_demo,GOOD
2026-10-06T22:31:44.943559+00:00,Wi-Fi,Wi-Fi,68.23,2.38,7.34,19.62,8.3,52.2,10403377228,30903643338,8680747,25780965,3407.57,66.36,synthetic_demo,MODERATE
2026-10-06T22:31:49.943559+00:00,Wi-Fi,Wi-Fi,43.51,2.16,8.17,9.63,5.68,47.1,10406925085,30909664275,8683703,25785982,1868.91,56.97,synthetic_demo,MODERATE
2026-10-06T22:31:54.943559+00:00,Wi-Fi,Wi-Fi,76.27,0.82,17.85,16.05,1.6,36.5,10407928208,30919698611,8684538,25794343,2155.75,64.99,synthetic_demo,MODERATE
2026-10-06T22:31:59.943559+00:00,Ethernet0,Ethernet,15.17,0.0,1.43,93.96,54.34,,10441892355,30978424716,8712841,25843281,18103.56,22.8,synthetic_demo,GOOD
2026-10-06T22:32:04.943559+00:00,Wi-Fi,Wi-Fi,75.78,7.87,39.96,4.65,2.41,30.9,10443396634,30981330275,8714094,25845702,861.3,73.78,synthetic_demo,POOR
2026-10-06T22:32:09.943559+00:00,Wi-Fi,Wi-Fi,220.94,49.32,59.53,0.26,0.06,28.0,10443435360,30981495302,8714126,25845839,39.8,87.44,synthetic_demo,POOR
2026-10-06T22:32:14.943559+00:00,Wi-Fi,Wi-Fi,50.46,2.35,11.6,19.55,6.01,54.7,10447191289,30993716660,8717255,25856023,3120.56,62.23,synthetic_demo,MODERATE
2026-10-06T22:32:19.943559+00:00,Wi-Fi,Wi-Fi,170.13,1.28,21.32,9.81,3.67,61.8,10449483449,30999845247,8719165,25861130,1644.68,87.74,synthetic_demo,POOR
2026-10-06T22:32:24.943559+00:00,Wi-Fi,Wi-Fi,236.19,30.1,77.45,0.3,0.57,15.4,10449841436,31000031276,8719463,25861285,106.25,88.45,synthetic_demo,POOR
2026-10-06T22:32:29.943559+00:00,Ethernet0,Ethernet,103.5,2.32,19.95,10.82,5.06,,10453005307,31006792056,8722099,25866918,1938.41,98.89,synthetic_demo,MODERATE
2026-10-06T22:32:34.943559+00:00,Ethernet0,Ethernet,14.81,0.0,1.15,163.54,54.2,,10486881985,31109004482,8750329,25952095,26579.9,14.44,synthetic_demo,GOOD
2026-10-06T22:32:39.943559+00:00,Wi-Fi,Wi-Fi,101.1,2.18,21.52,18.81,5.9,50.3,10490567041,31120761392,8753399,25961892,3016.01,43.49,synthetic_demo,MODERATE
2026-10-06T22:32:44.943559+00:00,Wi-Fi,Wi-Fi,80.63,2.83,12.97,17.32,8.57,37.4,10495924219,31131585821,8757863,25970912,3160.47,72.34,synthetic_demo,POOR
2026-10-06T22:32:49.943559+00:00,Wi-Fi,Wi-Fi,17.05,0.37,3.68,59.59,16.99,92.0,10506545527,31168830334,8766714,26001949,9348.79,31.05,synthetic_demo,GOOD
2026-10-06T22:32:54.943559+00:00,Ethernet0,Ethernet,101.97,3.77,4.95,10.41,1.92,,10507747541,31175336462,8767715,26007370,1505.5,89.09,synthetic_demo,MODERATE
2026-10-06T22:32:59.943559+00:00,Ethernet0,Ethernet,201.01,18.66,69.88,0.13,0.46,,10508032589,31175416111,8767952,26007436,71.23,82.31,synthetic_demo,POOR
2026-10-06T22:33:04.943559+00:00,Ethernet0,Ethernet,156.29,55.11,51.89,1.28,0.62,,10508419599,31176215212,8768274,26008101,231.66,72.87,synthetic_demo,POOR
2026-10-06T22:33:09.943559+00:00,Wi-Fi,Wi-Fi,27.81,0.0,1.27,72.77,28.74,81.3,10526379415,31221699457,8783240,26046004,12391.42,27.68,synthetic_demo,GOOD
2026-10-06T22:33:14.943559+00:00,Ethernet0,Ethernet,12.57,0.0,0.28,165.49,64.86,,10566919390,31325132664,8817023,26132198,28119.76,25.39,synthetic_demo,GOOD
2026-10-06T22:33:19.943559+00:00,Wi-Fi,Wi-Fi,296.57,24.7,37.85,1.11,0.23,10.2,10567062368,31325824646,8817142,26132774,163.08,99.1,synthetic_demo,POOR
2026-10-06T22:33:24.943559+00:00,Wi-Fi,Wi-Fi,150.91,5.55,31.34,2.04,2.39,40.8,10568553494,31327098768,8818384,26133835,540.09,77.43,synthetic_demo,POOR
2026-10-06T22:33:29.943559+00:00,Ethernet0,Ethernet,13.14,0.0,3.21,125.43,48.79,,10599044281,31405492634,8843792,26199163,21266.53,8.17,synthetic_demo,GOOD
2026-10-06T22:33:34.943559+00:00,Wi-Fi,Wi-Fi,257.62,37.52,48.06,1.68,0.36,16.8,10599267655,31406544731,8843978,26200039,249.12,89.86,synthetic_demo,POOR
2026-10-06T22:33:39.943559+00:00,Wi-Fi,Wi-Fi,148.57,8.0,27.98,7.09,2.56,42.1,10600865841,31410978405,8845309,26203733,1178.1,58.84,synthetic_demo,POOR
2026-10-06T22:33:44.943559+00:00,Wi-Fi,Wi-Fi,53.17,1.48,7.7,19.13,7.14,37.9,10605331430,31422933186,8849030,26213695,3207.1,56.23,synthetic_demo,MODERATE
2026-10-06T22:33:49.943559+00:00,Wi-Fi,Wi-Fi,88.02,2.82,20.9,9.35,6.26,38.1,10609244859,31428779725,8852291,26218567,1906.24,69.07,synthetic_demo,POOR
2026-10-06T22:33:54.943559+00:00,Wi-Fi,Wi-Fi,22.29,0.0,0.99,50.35,18.47,81.6,10620785792,31460249714,8861908,26244791,8400.57,41.91,synthetic_demo,GOOD
2026-10-06T22:33:59.943559+00:00,Ethernet0,Ethernet,12.58,0.0,0.56,186.31,50.28,,10652211638,31576694432,8888096,26341828,28880.97,19.69,synthetic_demo,GOOD
2026-10-06T22:34:04.943559+00:00,Wi-Fi,Wi-Fi,38.81,0.0,0.69,70.47,32.94,97.0,10672797264,31620737272,8905250,26378530,12622.75,19.13,synthetic_demo,GOOD
2026-10-06T22:34:09.943559+00:00,Wi-Fi,Wi-Fi,149.0,9.48,33.66,6.4,2.15,32.2,10674140646,31624734376,8906369,26381860,1043.06,71.0,synthetic_demo,POOR
2026-10-06T22:34:14.943559+00:00,Ethernet0,Ethernet,12.31,0.0,2.04,125.82,25.28,,10689937860,31703370024,8919533,26447389,18443.92,13.06,synthetic_demo,GOOD
2026-10-06T22:34:19.943559+00:00,Wi-Fi,Wi-Fi,28.91,0.0,0.22,87.34,26.68,79.9,10706610726,31757957671,8933427,26492878,13918.07,44.02,synthetic_demo,GOOD
2026-10-06T22:34:24.943559+00:00,Wi-Fi,Wi-Fi,25.9,0.0,1.37,60.66,24.74,78.5,10722074759,31795868898,8946313,26524470,10424.86,26.31,synthetic_demo,GOOD
2026-10-06T22:34:29.943559+00:00,Wi-Fi,Wi-Fi,82.51,2.54,14.22,25.54,2.92,47.9,10723898148,31811832966,8947832,26537773,3474.11,74.51,synthetic_demo,MODERATE
2026-10-06T22:34:34.943559+00:00,Wi-Fi,Wi-Fi,156.7,4.87,33.57,8.93,0.01,28.6,10723904398,31817413915,8947837,26542423,1091.25,58.56,synthetic_demo,POOR
2026-10-06T22:34:39.943559+00:00,Wi-Fi,Wi-Fi,23.98,0.0,2.86,73.0,26.03,77.8,10740171543,31863039427,8961392,26580444,12088.41,10.21,synthetic_demo,GOOD
2026-10-06T22:34:44.943559+00:00,Wi-Fi,Wi-Fi,25.57,0.0,1.11,75.03,26.48,75.4,10756719028,31909931334,8975181,26619520,12390.51,38.59,synthetic_demo,GOOD
2026-10-06T22:34:49.943559+00:00,Wi-Fi,Wi-Fi,121.85,1.42,20.77,5.86,1.47,64.3,10757636495,31913596022,8975945,26622573,894.95,95.67,synthetic_demo,MODERATE
2026-10-06T22:34:54.943559+00:00,Wi-Fi,Wi-Fi,22.0,0.0,4.51,59.72,20.93,80.0,10770715602,31950919723,8986844,26653676,9844.3,14.78,synthetic_demo,GOOD
2026-10-06T22:34:59.943559+00:00,Ethernet0,Ethernet,17.41,0.0,1.71,171.09,40.01,,10795722971,32057852480,9007683,26742786,25769.56,25.45,synthetic_demo,GOOD
2026-10-06T22:35:04.943559+00:00,Wi-Fi,Wi-Fi,18.89,0.0,0.72,53.77,21.1,77.0,10808909569,32091459932,9018671,26770792,9139.46,39.05,synthetic_demo,GOOD
2026-10-06T22:35:09.943559+00:00,Ethernet0,Ethernet,11.0,0.0,2.01,160.08,45.17,,10837139735,32191511836,9042196,26854168,25055.09,6.92,synthetic_demo,GOOD
2026-10-06T22:35:14.943559+00:00,Ethernet0,Ethernet,8.73,0.0,2.36,138.61,55.92,,10872087660,32278144943,9071319,26926362,23746.3,15.08,synthetic_demo,GOOD
2026-10-06T22:35:19.943559+00:00,Wi-Fi,Wi-Fi,32.78,0.0,4.93,78.7,18.99,97.6,10883954898,32327333040,9081208,26967352,11924.87,33.29,synthetic_demo,GOOD
2026-10-06T22:35:24.943559+00:00,Wi-Fi,Wi-Fi,32.5,0.0,0.67,68.95,29.11,97.8,10902148779,32370425246,9096369,27003262,11969.94,15.52,synthetic_demo,GOOD
2026-10-06T22:35:29.943559+00:00,Wi-Fi,Wi-Fi,186.05,7.74,32.81,6.96,1.98,33.5,10903385703,32374773011,9097399,27006885,1090.76,71.14,synthetic_demo,POOR
2026-10-06T22:35:34.943559+00:00,Wi-Fi,Wi-Fi,19.45,0.24,0.1,100.69,22.43,90.0,10917407001,32437704680,9109083,27059328,15029.88,11.88,synthetic_demo,GOOD
2026-10-06T22:35:39.943559+00:00,Wi-Fi,Wi-Fi,64.64,1.44,16.28,11.28,8.5,40.1,10922721935,32444757491,9113512,27065205,2415.58,43.12,synthetic_demo,MODERATE
2026-10-06T22:35:44.943559+00:00,Wi-Fi,Wi-Fi,93.32,0.74,18.14,17.38,4.58,37.0,10925586968,32455617792,9115899,27074255,2680.73,61.19,synthetic_demo,MODERATE
2026-10-06T22:35:49.943559+00:00,Ethernet0,Ethernet,9.95,0.0,1.54,149.14,61.39,,10963954348,32548832735,9147871,27151934,25699.67,9.03,synthetic_demo,GOOD
2026-10-06T22:35:54.943559+00:00,Wi-Fi,Wi-Fi,143.01,2.49,33.06,16.25,6.12,82.0,10967780000,32558987276,9151059,27160396,2730.51,93.2,synthetic_demo,POOR
2026-10-06T22:35:59.943559+00:00,Ethernet0,Ethernet,10.21,0.0,3.49,165.92,63.16,,11007255046,32662685573,9183954,27246811,27963.54,26.74,synthetic_demo,GOOD
2026-10-06T22:36:04.943559+00:00,Wi-Fi,Wi-Fi,213.06,41.17,54.12,0.39,0.61,16.9,11007639264,32662930700,9184274,27247015,122.92,71.05,synthetic_demo,POOR
2026-10-06T22:36:09.943559+00:00,Ethernet0,Ethernet,12.12,0.0,0.74,153.28,52.65,,11040547506,32758730899,9211697,27326848,25138.37,29.67,synthetic_demo,GOOD
2026-10-06T22:36:14.943559+00:00,Wi-Fi,Wi-Fi,21.47,0.0,4.35,62.31,25.3,95.3,11056359724,32797674277,9224873,27359300,10694.45,32.35,synthetic_demo,GOOD
2026-10-06T22:36:19.943559+00:00,Ethernet0,Ethernet,12.31,0.0,0.83,138.65,68.02,,11098869276,32884331185,9260297,27431514,25227.82,21.57,synthetic_demo,GOOD
2026-10-06T22:36:24.943559+00:00,Ethernet0,Ethernet,230.35,36.18,28.27,1.03,0.83,,11099387802,32884976325,9260729,27432051,227.28,83.53,synthetic_demo,POOR
2026-10-06T22:36:29.943559+00:00,Wi-Fi,Wi-Fi,92.36,3.1,16.14,16.09,7.08,35.7,11103813590,32895032018,9264417,27440430,2828.41,49.14,synthetic_demo,POOR
2026-10-06T22:36:34.943559+00:00,Wi-Fi,Wi-Fi,84.43,2.45,13.73,20.35,3.93,49.7,11106270342,32907751572,9266464,27451029,2964.12,70.09,synthetic_demo,MODERATE
2026-10-06T22:36:39.943559+00:00,Ethernet0,Ethernet,9.32,0.0,3.69,134.31,65.89,,11147452512,32991697559,9300782,27520983,24439.09,19.7,synthetic_demo,GOOD
2026-10-06T22:36:44.943559+00:00,Wi-Fi,Wi-Fi,125.03,1.18,34.43,13.23,5.05,80.3,11150610578,32999966897,9303413,27527874,2231.91,90.77,synthetic_demo,POOR
2026-10-06T22:36:49.943559+00:00,Ethernet0,Ethernet,9.75,0.0,0.78,172.25,57.52,,11186558227,33107623948,9333369,27617588,28047.79,34.76,synthetic_demo,GOOD
2026-10-06T22:36:54.943559+00:00,Wi-Fi,Wi-Fi,99.56,5.74,14.4,7.93,1.01,43.3,11187192134,33112581839,9333897,27621719,1092.15,63.81,synthetic_demo,POOR
2026-10-06T22:36:59.943559+00:00,Ethernet0,Ethernet,10.58,0.0,0.52,133.07,57.73,,11223274518,33195751157,9363965,27691026,23291.35,5.24,synthetic_demo,GOOD
2026-10-06T22:37:04.943559+00:00,Ethernet0,Ethernet,9.82,0.0,2.37,163.24,35.01,,11245158046,33297778266,9382201,27776048,24201.3,25.07,synthetic_demo,GOOD
2026-10-06T22:37:09.943559+00:00,Ethernet0,Ethernet,10.26,0.0,2.71,189.85,42.25,,11271562256,33416432836,9404204,27874926,28331.79,8.09,synthetic_demo,GOOD
2026-10-06T22:37:14.943559+00:00,Wi-Fi,Wi-Fi,30.61,0.04,2.62,72.78,22.96,92.3,11285914765,33461919314,9416164,27912831,11687.3,20.3,synthetic_demo,GOOD
2026-10-06T22:37:19.943559+00:00,Wi-Fi,Wi-Fi,90.63,1.24,19.19,23.53,7.7,42.9,11290729027,33476626575,9420175,27925087,3812.8,47.36,synthetic_demo,MODERATE
2026-10-06T22:37:24.943559+00:00,Ethernet0,Ethernet,14.06,0.0,0.28,150.83,42.85,,11317511481,33570895848,9442493,28003644,23642.92,22.75,synthetic_demo,GOOD
2026-10-06T22:37:29.943559+00:00,Ethernet0,Ethernet,163.84,2.44,26.14,15.34,2.42,,11319024139,33580486396,9443753,28011636,2168.59,96.7,synthetic_demo,POOR
2026-10-06T22:37:34.943559+00:00,Wi-Fi,Wi-Fi,26.74,0.0,0.44,49.43,24.58,92.4,11334389346,33611380565,9456557,28037381,9035.03,35.26,synthetic_demo,GOOD
2026-10-06T22:37:39.943559+00:00,Wi-Fi,Wi-Fi,85.09,1.87,12.29,12.45,5.07,38.4,11337558335,33619161700,9459197,28043865,2138.7,63.17,synthetic_demo,MODERATE
2026-10-06T22:37:44.943559+00:00,Wi-Fi,Wi-Fi,19.84,0.0,0.23,77.07,29.34,76.3,11355893814,33667328049,9474476,28084003,12988.64,29.61,synthetic_demo,GOOD
2026-10-06T22:37:49.943559+00:00,Wi-Fi,Wi-Fi,29.99,0.36,7.13,81.76,26.05,93.7,11372174082,33718429414,9488042,28126587,13160.48,39.0,synthetic_demo,GOOD
2026-10-06T22:37:54.943559+00:00,Wi-Fi,Wi-Fi,39.56,1.15,18.18,24.57,3.05,38.5,11374082807,33733786973,9489632,28139384,3372.32,49.05,synthetic_demo,MODERATE
2026-10-06T22:37:59.943559+00:00,Ethernet0,Ethernet,8.09,0.0,3.85,146.26,58.0,,11410330330,33825197612,9519838,28215559,24933.23,22.48,synthetic_demo,GOOD
2026-10-06T22:38:04.943559+00:00,Ethernet0,Ethernet,14.98,0.0,0.31,144.47,54.34,,11444291265,33915493420,9548138,28290805,24268.9,7.74,synthetic_demo,GOOD
2026-10-06T22:38:09.943559+00:00,Wi-Fi,Wi-Fi,110.23,7.29,37.45,8.96,2.46,32.5,11445828267,33921095660,9549418,28295473,1394.38,80.61,synthetic_demo,POOR
2026-10-06T22:38:14.943559+00:00,Wi-Fi,Wi-Fi,195.53,42.93,48.33,1.11,0.63,25.2,11446223653,33921787964,9549747,28296049,212.44,86.37,synthetic_demo,POOR
2026-10-06T22:38:19.943559+00:00,Wi-Fi,Wi-Fi,28.0,0.0,1.33,77.64,28.85,79.1,11464255059,33970309905,9564773,28336483,12998.7,23.17,synthetic_demo,GOOD
2026-10-06T22:38:24.943559+00:00,Wi-Fi,Wi-Fi,32.53,0.0,1.63,73.3,33.0,90.6,11484877319,34016119372,9581958,28374657,12974.95,41.4,synthetic_demo,GOOD
2026-10-06T22:38:29.943559+00:00,Wi-Fi,Wi-Fi,67.0,2.13,12.08,17.81,6.67,42.2,11489045067,34027252613,9585431,28383934,2988.47,50.25,synthetic_demo,MODERATE
2026-10-06T22:38:34.943559+00:00,Wi-Fi,Wi-Fi,27.45,0.0,1.6,66.81,35.18,85.0,11511035292,34069005804,9603756,28418728,12449.89,29.56,synthetic_demo,GOOD
2026-10-06T22:38:39.943559+00:00,Ethernet0,Ethernet,11.45,0.0,1.79,139.35,56.58,,11546398214,34156100066,9633225,28491306,23917.42,14.71,synthetic_demo,GOOD
2026-10-06T22:38:44.943559+00:00,Ethernet0,Ethernet,18.26,0.0,1.35,140.32,47.2,,11575900634,34243800261,9657810,28564389,22891.14,5.08,synthetic_demo,GOOD
2026-10-06T22:38:49.943559+00:00,Wi-Fi,Wi-Fi,106.18,3.22,21.43,14.06,2.23,73.8,11577296740,34252587156,9658973,28571711,1988.87,87.03,synthetic_demo,MODERATE
2026-10-06T22:38:54.943559+00:00,Ethernet0,Ethernet,111.27,3.61,26.26,9.2,3.91,,11579738446,34258337118,9661007,28576502,1599.94,86.55,synthetic_demo,POOR
2026-10-06T22:38:59.943559+00:00,Ethernet0,Ethernet,11.41,0.0,0.29,126.13,31.67,,11599531130,34337169920,9677500,28642196,19262.79,14.02,synthetic_demo,GOOD
2026-10-06T22:39:04.943559+00:00,Ethernet0,Ethernet,13.56,0.0,0.32,154.68,56.92,,11635109032,34433845744,9707148,28722759,25830.81,22.15,synthetic_demo,GOOD
2026-10-06T22:39:09.943559+00:00,Ethernet0,Ethernet,10.88,0.0,0.24,115.35,46.07,,11663901525,34505939561,9731141,28782837,19704.36,33.29,synthetic_demo,GOOD
2026-10-06T22:39:14.943559+00:00,Ethernet0,Ethernet,111.03,1.63,16.02,15.93,3.65,,11666183171,34515898899,9733042,28791136,2390.82,92.39,synthetic_demo,MODERATE
2026-10-06T22:39:19.943559+00:00,Ethernet0,Ethernet,9.26,0.0,1.47,137.55,35.07,,11688100734,34601865501,9751306,28862774,21071.13,15.03,synthetic_demo,GOOD
2026-10-06T22:39:24.943559+00:00,Ethernet0,Ethernet,11.58,0.0,1.1,160.65,25.32,,11703925310,34702270922,9764493,28946445,22701.17,28.37,synthetic_demo,GOOD
2026-10-06T22:39:29.943559+00:00,Wi-Fi,Wi-Fi,119.8,2.86,13.35,14.56,4.53,69.3,11706759446,34711370988,9766854,28954028,2330.9,86.05,synthetic_demo,MODERATE
2026-10-06T22:39:34.943559+00:00,Ethernet0,Ethernet,11.81,0.0,1.65,160.99,35.81,,11729138293,34811990666,9785503,29037877,24023.15,27.65,synthetic_demo,GOOD
2026-10-06T22:39:39.943559+00:00,Ethernet0,Ethernet,116.72,2.55,14.89,11.88,3.63,,11731410027,34819415424,9787396,29044064,1893.85,89.35,synthetic_demo,MODERATE
2026-10-06T22:39:44.943559+00:00,Ethernet0,Ethernet,10.42,0.0,2.3,154.67,71.17,,11775890046,34916085362,9824462,29124622,27568.35,10.02,synthetic_demo,GOOD
2026-10-06T22:39:49.943559+00:00,Ethernet0,Ethernet,11.87,0.0,1.02,154.07,64.55,,11816232230,35012378045,9858080,29204865,26686.5,29.39,synthetic_demo,GOOD
2026-10-06T22:39:54.943559+00:00,Ethernet0,Ethernet,16.7,0.0,3.31,159.78,50.55,,11847827046,35112242176,9884409,29288085,25675.58,34.88,synthetic_demo,GOOD
2026-10-06T22:39:59.943559+00:00,Wi-Fi,Wi-Fi,109.98,2.09,30.38,9.71,4.22,72.7,11850463750,35118310608,9886606,29293142,1700.22,97.19,synthetic_demo,POOR
2026-10-06T22:40:04.943559+00:00,Wi-Fi,Wi-Fi,122.38,11.55,17.97,0.26,1.03,33.8,11851110596,35118473094,9887145,29293277,158.07,68.18,synthetic_demo,POOR
2026-10-06T22:40:09.943559+00:00,Wi-Fi,Wi-Fi,176.56,7.89,37.21,6.42,3.33,31.8,11853193115,35122488367,9888880,29296623,1190.97,73.03,synthetic_demo,POOR
2026-10-06T22:40:14.943559+00:00,Wi-Fi,Wi-Fi,27.3,0.07,1.01,100.88,29.78,75.4,11871803704,35185537920,9904388,29349164,15949.25,36.45,synthetic_demo,GOOD
2026-10-06T22:40:19.943559+00:00,Wi-Fi,Wi-Fi,74.07,1.87,11.57,12.59,5.74,75.4,11875392613,35193403955,9907378,29355719,2237.29,89.09,synthetic_demo,MODERATE
2026-10-06T22:40:24.943559+00:00,Ethernet0,Ethernet,11.54,0.0,1.84,140.43,55.16,,11909865491,35281172026,9936105,29428859,23875.19,6.82,synthetic_demo,GOOD
2026-10-06T22:40:29.943559+00:00,Wi-Fi,Wi-Fi,22.89,0.0,2.94,52.54,25.1,96.3,11925553039,35314007504,9949177,29456221,9477.15,38.53,synthetic_demo,GOOD
2026-10-06T22:40:34.943559+00:00,Wi-Fi,Wi-Fi,78.8,6.92,37.28,3.69,2.05,26.9,11926833723,35316316687,9950244,29458145,701.15,82.23,synthetic_demo,POOR
2026-10-06T22:40:39.943559+00:00,Ethernet0,Ethernet,8.62,0.0,3.58,141.29,49.67,,11957878257,35404620301,9976114,29531731,23310.19,32.26,synthetic_demo,GOOD
2026-10-06T22:40:44.943559+00:00,Ethernet0,Ethernet,9.99,0.0,0.73,150.7,51.59,,11990125075,35498804913,10002986,29610218,24693.64,31.03,synthetic_demo,GOOD
2026-10-06T22:40:49.943559+00:00,Ethernet0,Ethernet,12.91,0.0,0.1,147.04,55.05,,12024532958,35590702126,10031659,29686799,24668.96,5.3,synthetic_demo,GOOD
2026-10-06T22:40:54.943559+00:00,Ethernet0,Ethernet,12.66,0.0,2.02,124.32,60.02,,12062044403,35668403952,10062918,29751550,22502.59,21.2,synthetic_demo,GOOD
2026-10-06T22:40:59.943559+00:00,Ethernet0,Ethernet,13.0,0.0,5.67,170.84,52.33,,12094752434,35775181334,10090174,29840531,27243.24,33.6,synthetic_demo,GOOD
2026-10-06T22:41:04.943559+00:00,Wi-Fi,Wi-Fi,85.81,0.51,24.68,14.48,4.5,41.1,12097563474,35784231229,10092516,29848072,2316.59,52.6,synthetic_demo,MODERATE
2026-10-06T22:41:09.943559+00:00,Wi-Fi,Wi-Fi,20.6,0.27,2.31,72.39,35.26,94.0,12119599643,35829472475,10110879,29885773,13140.12,24.97,synthetic_demo,GOOD
2026-10-06T22:41:14.943559+00:00,Wi-Fi,Wi-Fi,105.17,9.31,50.88,3.1,2.24,44.6,12120998854,35831412698,10112045,29887389,652.23,68.14,synthetic_demo,POOR
2026-10-06T22:41:19.943559+00:00,Wi-Fi,Wi-Fi,90.42,11.46,26.65,6.28,0.41,25.6,12121253789,35835336156,10112257,29890658,816.09,78.73,synthetic_demo,POOR
2026-10-06T22:41:24.943559+00:00,Wi-Fi,Wi-Fi,28.06,0.0,4.78,61.58,21.9,97.4,12134942065,35873825113,10123663,29922732,10190.87,22.66,synthetic_demo,GOOD
2026-10-06T22:41:29.943559+00:00,Wi-Fi,Wi-Fi,33.08,0.0,7.38,97.34,20.37,94.8,12147670427,35934660341,10134269,29973428,14367.89,16.34,synthetic_demo,GOOD
2026-10-06T22:41:34.943559+00:00,Wi-Fi,Wi-Fi,33.4,0.0,9.02,92.27,27.28,90.0,12164718526,35992326878,10148475,30021483,14592.7,39.38,synthetic_demo,MODERATE
2026-10-06T22:41:39.943559+00:00,Wi-Fi,Wi-Fi,74.24,1.01,15.37,29.37,5.7,39.5,12168280615,36010685030,10151443,30036781,4281.3,40.14,synthetic_demo,MODERATE
2026-10-06T22:41:44.943559+00:00,Wi-Fi,Wi-Fi,26.0,0.0,1.54,73.99,22.36,78.9,12182256548,36056931810,10163089,30075319,11762.25,13.72,synthetic_demo,GOOD
2026-10-06T22:41:49.943559+00:00,Wi-Fi,Wi-Fi,52.45,3.22,14.22,15.56,3.14,41.0,12184221092,36066658433,10164726,30083424,2283.43,47.03,synthetic_demo,MODERATE
2026-10-06T22:41:54.943559+00:00,Wi-Fi,Wi-Fi,24.07,0.0,3.74,55.34,32.84,95.9,12204748172,36101243081,10181831,30112244,10764.01,43.93,synthetic_demo,GOOD
2026-10-06T22:41:59.943559+00:00,Wi-Fi,Wi-Fi,64.8,2.08,11.99,17.2,4.28,46.6,12207422623,36111991408,10184059,30121200,2621.64,58.27,synthetic_demo,MODERATE
2026-10-06T22:42:04.943559+00:00,Wi-Fi,Wi-Fi,27.5,0.0,0.69,45.13,23.19,76.5,12221918778,36140199469,10196139,30144706,8340.67,29.31,synthetic_demo,GOOD
2026-10-06T22:42:09.943559+00:00,Wi-Fi,Wi-Fi,25.61,0.0,0.1,78.68,18.79,91.2,12233660962,36189374079,10205924,30185684,11897.81,17.09,synthetic_demo,GOOD
2026-10-06T22:42:14.943559+00:00,Ethernet0,Ethernet,261.12,33.54,37.27,1.67,1.0,,12234283024,36190417278,10206442,30186553,325.25,98.13,synthetic_demo,POOR
2026-10-06T22:42:19.943559+00:00,Wi-Fi,Wi-Fi,86.77,1.31,20.43,12.34,4.07,75.3,12236824078,36198131818,10208559,30192981,2003.05,95.02,synthetic_demo,MODERATE
2026-10-06T22:42:24.943559+00:00,Ethernet0,Ethernet,10.02,0.0,0.65,167.47,48.28,,12267000262,36302799262,10233705,30280203,26336.65,32.45,synthetic_demo,GOOD
2026-10-06T22:42:29.943559+00:00,Wi-Fi,Wi-Fi,129.87,5.55,55.49,8.85,1.08,31.4,12267674122,36308330304,10234266,30284812,1211.89,51.79,synthetic_demo,POOR
2026-10-06T22:42:34.943559+00:00,Wi-Fi,Wi-Fi,25.5,0.0,0.63,102.17,27.9,87.2,12285108735,36372188639,10248794,30338027,15877.53,25.2,synthetic_demo,GOOD
2026-10-06T22:42:39.943559+00:00,Wi-Fi,Wi-Fi,173.14,6.15,28.41,8.67,2.81,33.4,12286864944,36377608105,10250257,30342543,1401.5,60.41,synthetic_demo,POOR
2026-10-06T22:42:44.943559+00:00,Wi-Fi,Wi-Fi,108.1,2.41,21.45,10.24,4.87,83.4,12289909180,36384009219,10252793,30347877,1844.79,98.37,synthetic_demo,MODERATE
2026-10-06T22:42:49.943559+00:00,Wi-Fi,Wi-Fi,21.86,0.0,2.45,72.0,14.19,79.3,12298779926,36429007031,10260185,30385375,10521.2,10.17,synthetic_demo,GOOD
2026-10-06T22:42:54.943559+00:00,Ethernet0,Ethernet,12.28,0.0,1.22,150.37,63.13,,12338234227,36522988156,10293063,30463692,26061.61,32.49,synthetic_demo,GOOD
2026-10-06T22:42:59.943559+00:00,Wi-Fi,Wi-Fi,30.28,0.0,5.8,80.96,20.23,79.4,12350876606,36573589978,10303598,30505860,12352.38,42.43,synthetic_demo,GOOD
2026-10-06T22:43:04.943559+00:00,Wi-Fi,Wi-Fi,85.14,0.6,5.36,15.68,7.91,42.2,12355817900,36583388161,10307715,30514025,2878.8,54.94,synthetic_demo,MODERATE
2026-10-06T22:43:09.943559+00:00,Wi-Fi,Wi-Fi,84.26,3.45,16.26,19.08,2.97,43.2,12357672071,36595310964,10309260,30523960,2690.82,65.06,synthetic_demo,MODERATE
2026-10-06T22:43:14.943559+00:00,Wi-Fi,Wi-Fi,23.25,0.0,0.95,73.69,22.08,94.0,12371474812,36641370196,10320762,30562342,11691.79,10.86,synthetic_demo,GOOD
2026-10-06T22:43:19.943559+00:00,Ethernet0,Ethernet,13.22,0.0,1.77,153.95,46.6,,12400597683,36737586613,10345031,30642522,24480.33,9.45,synthetic_demo,GOOD
2026-10-06T22:43:24.943559+00:00,Wi-Fi,Wi-Fi,127.1,9.77,41.16,9.56,1.01,36.6,12401229637,36743561142,10345557,30647500,1290.33,66.93,synthetic_demo,POOR
2026-10-06T22:43:29.943559+00:00,Ethernet0,Ethernet,215.46,34.86,36.0,0.61,0.3,,12401418673,36743940847,10345714,30647816,111.08,72.84,synthetic_demo,POOR
2026-10-06T22:43:34.943559+00:00,Wi-Fi,Wi-Fi,55.21,1.54,10.9,24.95,8.45,46.6,12406698415,36759535116,10350113,30660811,4076.96,73.55,synthetic_demo,MODERATE
2026-10-06T22:43:39.943559+00:00,Ethernet0,Ethernet,14.37,0.15,4.78,146.45,51.93,,12439157573,36851068159,10377162,30737088,24217.23,14.8,synthetic_demo,GOOD
2026-10-06T22:43:44.943559+00:00,Wi-Fi,Wi-Fi,26.81,0.0,1.14,57.4,34.5,84.7,12460722101,36886940374,10395132,30766981,11218.11,39.89,synthetic_demo,GOOD
2026-10-06T22:43:49.943559+00:00,Ethernet0,Ethernet,12.98,0.0,0.1,123.25,56.12,,12495798173,36963969446,10424362,30831171,21895.54,21.73,synthetic_demo,GOOD
2026-10-06T22:43:54.943559+00:00,Wi-Fi,Wi-Fi,78.81,6.26,24.65,2.98,2.08,36.0,12497101281,36965829246,10425447,30832720,617.76,50.05,synthetic_demo,POOR
2026-10-06T22:43:59.943559+00:00,Ethernet0,Ethernet,9.28,0.0,1.95,136.32,42.94,,12523940308,37051026218,10447812,30903717,21882.03,20.5,synthetic_demo,GOOD
2026-10-06T22:44:04.943559+00:00,Wi-Fi,Wi-Fi,69.79,1.14,21.24,18.81,9.08,45.8,12529616959,37062784310,10452542,30913515,3405.22,72.45,synthetic_demo,MODERATE
2026-10-06T22:44:09.943559+00:00,Wi-Fi,Wi-Fi,31.67,0.0,2.16,69.12,15.59,79.3,12539359081,37105987398,10460660,30949517,10340.86,32.27,synthetic_demo,GOOD
2026-10-06T22:44:14.943559+00:00,Wi-Fi,Wi-Fi,55.76,1.09,15.0,24.03,5.89,46.3,12543043053,37121006744,10463729,30962033,3652.99,63.85,synthetic_demo,MODERATE
2026-10-06T22:44:19.943559+00:00,Wi-Fi,Wi-Fi,63.19,2.85,36.82,11.96,3.02,67.4,12544931143,37128482418,10465302,30968262,1828.86,89.57,synthetic_demo,POOR
2026-10-06T22:44:24.943559+00:00,Wi-Fi,Wi-Fi,138.61,10.97,12.3,10.62,1.47,42.1,12545852091,37135121328,10466069,30973794,1476.53,60.85,synthetic_demo,POOR
2026-10-06T22:44:29.943559+00:00,Ethernet0,Ethernet,7.94,0.0,0.1,125.73,60.97,,12583961372,37213703035,10497826,31039278,22791.21,21.96,synthetic_demo,GOOD
2026-10-06T22:44:34.943559+00:00,Ethernet0,Ethernet,9.07,0.0,1.16,143.83,36.53,,12606794225,37303596297,10516853,31114189,22016.82,20.05,synthetic_demo,GOOD
2026-10-06T22:44:39.943559+00:00,Ethernet0,Ethernet,11.33,0.0,1.55,158.97,46.13,,12635622404,37402951462,10540876,31196984,25035.81,12.72,synthetic_demo,GOOD
2026-10-06T22:44:44.943559+00:00,Wi-Fi,Wi-Fi,159.94,7.36,19.02,1.61,3.01,28.3,12637503395,37403960004,10542443,31197824,564.36,79.61,synthetic_demo,POOR
2026-10-06T22:44:49.943559+00:00,Wi-Fi,Wi-Fi,81.99,10.59,43.75,5.76,1.22,36.3,12638265385,37407563120,10543077,31200826,852.56,81.48,synthetic_demo,POOR
2026-10-06T22:44:54.943559+00:00,Wi-Fi,Wi-Fi,119.23,3.41,21.45,21.94,5.04,43.9,12641415978,37421274644,10545702,31212252,3293.38,50.8,synthetic_demo,MODERATE
2026-10-06T22:44:59.943559+00:00,Wi-Fi,Wi-Fi,107.59,2.32,17.33,11.07,3.72,52.8,12643743170,37428195809,10547641,31218019,1806.32,41.92,synthetic_demo,MODERATE
2026-10-06T22:45:04.943559+00:00,Wi-Fi,Wi-Fi,88.45,2.54,17.68,11.9,2.18,71.8,12645108549,37435631511,10548778,31224215,1718.96,88.73,synthetic_demo,MODERATE
2026-10-06T22:45:09.943559+00:00,Ethernet0,Ethernet,15.57,0.0,1.57,147.81,51.33,,12677188915,37528011187,10575511,31301198,24308.6,30.21,synthetic_demo,GOOD
2026-10-06T22:45:14.943559+00:00,Wi-Fi,Wi-Fi,125.22,4.78,28.29,3.58,1.92,44.2,12678390488,37530248492,10576512,31303062,671.66,80.76,synthetic_demo,POOR
2026-10-06T22:45:19.943559+00:00,Wi-Fi,Wi-Fi,27.81,0.0,6.12,67.99,22.09,92.8,12692193924,37572744047,10588014,31338474,10995.9,19.19,synthetic_demo,GOOD
2026-10-06T22:45:24.943559+00:00,Wi-Fi,Wi-Fi,30.64,0.0,0.34,72.56,26.69,87.0,12708876996,37618094256,10601916,31376265,12115.88,23.7,synthetic_demo,GOOD
2026-10-06T22:45:29.943559+00:00,Wi-Fi,Wi-Fi,72.95,2.84,16.43,16.78,8.24,42.6,12714029750,37628581812,10606209,31385004,3054.75,66.17,synthetic_demo,MODERATE
2026-10-06T22:45:34.943559+00:00,Ethernet0,Ethernet,12.45,0.0,3.29,155.89,62.81,,12753288396,37726012049,10638924,31466195,26697.05,29.94,synthetic_demo,GOOD
2026-10-06T22:45:39.943559+00:00,Ethernet0,Ethernet,7.28,0.0,2.3,167.84,52.18,,12785901673,37830914672,10666101,31553613,26858.57,10.16,synthetic_demo,GOOD
2026-10-06T22:45:44.943559+00:00,Wi-Fi,Wi-Fi,95.44,3.11,14.23,15.72,6.72,73.2,12790099037,37840741890,10669598,31561802,2739.18,96.81,synthetic_demo,MODERATE
2026-10-06T22:45:49.943559+00:00,Ethernet0,Ethernet,11.17,0.0,1.36,119.43,42.07,,12816391945,37915384498,10691508,31624004,19713.97,19.14,synthetic_demo,GOOD
2026-10-06T22:45:54.943559+00:00,Wi-Fi,Wi-Fi,51.19,0.58,16.37,14.4,8.14,48.9,12821478549,37924382598,10695746,31631502,2750.92,40.28,synthetic_demo,MODERATE
2026-10-06T22:45:59.943559+00:00,Ethernet0,Ethernet,11.48,0.0,0.15,189.27,53.35,,12854823302,38042677008,10723533,31730080,29617.02,12.12,synthetic_demo,GOOD
2026-10-06T22:46:04.943559+00:00,Wi-Fi,Wi-Fi,30.61,0.0,0.93,72.05,33.8,83.6,12875945853,38087708982,10741135,31767606,12920.81,42.47,synthetic_demo,GOOD
2026-10-06T22:46:09.943559+00:00,Wi-Fi,Wi-Fi,22.74,0.15,3.7,85.09,19.11,78.8,12887887813,38140891076,10751086,31811924,12719.54,11.96,synthetic_demo,GOOD
2026-10-06T22:46:14.943559+00:00,Wi-Fi,Wi-Fi,32.02,0.0,2.69,78.68,28.39,92.2,12905630428,38190065162,10765871,31852902,13069.67,35.57,synthetic_demo,GOOD
2026-10-06T22:46:19.943559+00:00,Wi-Fi,Wi-Fi,109.77,2.54,27.46,11.76,2.69,70.3,12907312192,38197414775,10767272,31859026,1763.94,88.41,synthetic_demo,POOR
2026-10-06T22:46:24.943559+00:00,Wi-Fi,Wi-Fi,20.4,0.0,5.84,91.54,25.89,94.1,12923492910,38254627512,10780755,31906703,14334.66,19.87,synthetic_demo,GOOD
2026-10-06T22:46:29.943559+00:00,Wi-Fi,Wi-Fi,58.35,3.25,15.48,8.02,3.01,41.1,12925371673,38259643045,10782320,31910882,1346.54,56.12,synthetic_demo,MODERATE
2026-10-06T22:46:34.943559+00:00,Wi-Fi,Wi-Fi,21.55,0.0,5.39,54.48,23.5,95.1,12940057160,38293690708,10794557,31939255,9518.19,11.84,synthetic_demo,GOOD
2026-10-06T22:46:39.943559+00:00,Ethernet0,Ethernet,53.0,1.61,27.68,19.01,5.68,,12943605752,38305574219,10797514,31949157,3014.08,86.42,synthetic_demo,POOR
2026-10-06T22:46:44.943559+00:00,Wi-Fi,Wi-Fi,248.24,39.22,46.63,2.03,0.43,13.8,12943874287,38306841113,10797737,31950212,299.89,92.77,synthetic_demo,POOR
2026-10-06T22:46:49.943559+00:00,Wi-Fi,Wi-Fi,128.38,2.44,20.72,9.78,5.76,70.1,12947475626,38312954629,10800738,31955306,1897.43,91.01,synthetic_demo,MODERATE
2026-10-06T22:46:54.943559+00:00,Ethernet0,Ethernet,17.29,0.0,0.91,150.92,57.49,,12983406476,38407282274,10830680,32033912,25441.11,21.14,synthetic_demo,GOOD
2026-10-06T22:46:59.943559+00:00,Ethernet0,Ethernet,10.27,0.0,5.19,171.02,40.92,,13008982295,38514168377,10851993,32122983,25871.47,9.0,synthetic_demo,GOOD
2026-10-06T22:47:04.943559+00:00,Wi-Fi,Wi-Fi,27.26,0.0,4.37,68.47,17.61,96.2,13019988537,38556964758,10861164,32158646,10508.32,40.77,synthetic_demo,GOOD
2026-10-06T22:47:09.943559+00:00,Wi-Fi,Wi-Fi,29.17,2.17,9.46,17.23,3.18,44.8,13021975706,38567731854,10862819,32167618,2491.07,40.65,synthetic_demo,MODERATE
2026-10-06T22:47:14.943559+00:00,Ethernet0,Ethernet,11.11,0.0,0.39,129.49,65.35,,13062818267,38648665911,10896854,32235063,23784.5,31.66,synthetic_demo,GOOD
2026-10-06T22:47:19.943559+00:00,Wi-Fi,Wi-Fi,14.7,0.0,0.43,100.17,24.64,77.5,13078215237,38711273847,10909684,32287236,15235.33,24.86,synthetic_demo,GOOD
2026-10-06T22:47:24.943559+00:00,Wi-Fi,Wi-Fi,37.11,3.04,14.2,11.97,10.46,43.2,13084752286,38718753342,10915131,32293468,2737.61,57.4,synthetic_demo,MODERATE
2026-10-06T22:47:29.943559+00:00,Wi-Fi,Wi-Fi,31.27,0.0,4.18,93.77,35.8,90.8,13107126480,38777361425,10933776,32342308,15816.85,27.95,synthetic_demo,GOOD
2026-10-06T22:47:34.943559+00:00,Wi-Fi,Wi-Fi,81.12,2.81,36.07,15.21,6.24,76.1,13111028243,38786868001,10937027,32350230,2618.82,92.28,synthetic_demo,POOR
2026-10-06T22:47:39.943559+00:00,Ethernet0,Ethernet,13.92,0.0,0.9,191.21,63.63,,13150797295,38906376612,10970167,32449820,31108.92,34.16,synthetic_demo,GOOD
2026-10-06T22:47:44.943559+00:00,Ethernet0,Ethernet,8.88,0.0,0.11,117.38,42.59,,13177415028,38979738266,10992348,32510954,19527.22,23.27,synthetic_demo,GOOD
2026-10-06T22:47:49.943559+00:00,Ethernet0,Ethernet,134.23,2.32,20.92,16.13,4.85,,13180446124,38989822336,10994873,32519357,2561.56,97.06,synthetic_demo,MODERATE
2026-10-06T22:47:54.943559+00:00,Wi-Fi,Wi-Fi,23.46,0.0,0.1,71.12,22.51,97.4,13194517834,39034271419,11006599,32556397,11429.84,29.55,synthetic_demo,GOOD
2026-10-06T22:47:59.943559+00:00,Wi-Fi,Wi-Fi,106.45,1.88,28.87,12.17,5.83,79.7,13198164216,39041880694,11009637,32562738,2198.37,87.51,synthetic_demo,POOR
2026-10-06T22:48:04.943559+00:00,Wi-Fi,Wi-Fi,26.45,0.0,4.74,75.66,22.12,92.5,13211991758,39089167261,11021159,32602143,11936.35,15.9,synthetic_demo,GOOD
2026-10-06T22:48:09.943559+00:00,Ethernet0,Ethernet,11.97,0.0,0.13,148.0,52.15,,13244585045,39181665101,11048320,32679224,24431.86,11.79,synthetic_demo,GOOD
2026-10-06T22:48:14.943559+00:00,Wi-Fi,Wi-Fi,169.99,8.25,40.77,3.03,1.94,36.2,13245794917,39183557469,11049328,32680800,605.91,58.64,synthetic_demo,POOR
2026-10-06T22:48:19.943559+00:00,Ethernet0,Ethernet,98.29,1.42,31.32,10.51,4.42,,13248558252,39190127308,11051630,32686274,1822.89,87.65,synthetic_demo,POOR
2026-10-06T22:48:24.943559+00:00,Wi-Fi,Wi-Fi,153.08,1.88,23.99,11.71,2.73,78.7,13250261463,39197445891,11053049,32692372,1762.07,88.1,synthetic_demo,POOR
2026-10-06T22:48:29.943559+00:00,Wi-Fi,Wi-Fi,22.41,0.0,1.25,82.66,26.22,93.1,13266650362,39249110610,11066706,32735425,13291.72,35.34,synthetic_demo,GOOD
2026-10-06T22:48:34.943559+00:00,Wi-Fi,Wi-Fi,73.05,1.06,13.09,16.76,8.54,36.9,13271987972,39259583753,11071154,32744152,3088.04,51.16,synthetic_demo,MODERATE
2026-10-06T22:48:39.943559+00:00,Wi-Fi,Wi-Fi,31.48,0.0,3.4,62.03,28.46,76.8,13289777896,39298354718,11085978,32776461,11047.05,19.69,synthetic_demo,GOOD
2026-10-06T22:48:44.943559+00:00,Ethernet0,Ethernet,9.97,0.0,1.28,134.61,59.95,,13327245825,39382483887,11117201,32846568,23749.43,10.52,synthetic_demo,GOOD
2026-10-06T22:48:49.943559+00:00,Wi-Fi,Wi-Fi,116.32,7.98,31.88,5.02,1.95,26.7,13328464524,39385618285,11118216,32849179,850.21,70.74,synthetic_demo,POOR
2026-10-06T22:48:54.943559+00:00,Ethernet0,Ethernet,15.68,0.0,0.32,175.97,52.82,,13361476511,39495601951,11145725,32940832,27928.84,28.05,synthetic_demo,GOOD
2026-10-06T22:48:59.943559+00:00,Ethernet0,Ethernet,310.95,50.58,25.76,1.77,1.0,,13362098851,39496710160,11146243,32941755,338.0,70.41,synthetic_demo,POOR
2026-10-06T22:49:04.943559+00:00,Wi-Fi,Wi-Fi,18.31,0.0,0.76,61.71,22.59,92.1,13376218485,39535282020,11158009,32973898,10291.31,34.27,synthetic_demo,GOOD
2026-10-06T22:49:09.943559+00:00,Ethernet0,Ethernet,12.61,0.0,0.44,176.32,56.47,,13411510634,39645479793,11187419,33065729,28416.0,31.29,synthetic_demo,GOOD
2026-10-06T22:49:14.943559+00:00,Wi-Fi,Wi-Fi,91.75,2.93,15.83,17.82,7.05,51.0,13415916364,39656618028,11191090,33075010,3035.93,44.45,synthetic_demo,MODERATE
2026-10-06T22:49:19.943559+00:00,Wi-Fi,Wi-Fi,82.13,6.69,25.12,6.66,1.73,25.2,13416998176,39660777527,11191991,33078476,1023.69,60.94,synthetic_demo,POOR
2026-10-06T22:49:24.943559+00:00,Wi-Fi,Wi-Fi,64.57,1.73,25.84,20.68,3.75,63.0,13419342849,39673700703,11193944,33089245,2982.0,87.46,synthetic_demo,POOR
2026-10-06T22:49:29.943559+00:00,Wi-Fi,Wi-Fi,189.35,6.31,15.87,3.6,1.98,25.7,13420581644,39675950153,11194976,33091119,681.3,66.41,synthetic_demo,POOR
2026-10-06T22:49:34.943559+00:00,Wi-Fi,Wi-Fi,122.36,3.78,16.42,18.5,1.96,84.1,13421805073,39687513478,11195995,33100755,2497.41,96.64,synthetic_demo,MODERATE
2026-10-06T22:49:39.943559+00:00,Wi-Fi,Wi-Fi,92.12,2.43,24.66,8.91,3.25,70.7,13423833595,39693085304,11197685,33105398,1484.44,86.83,synthetic_demo,MODERATE
2026-10-06T22:49:44.943559+00:00,Wi-Fi,Wi-Fi,120.75,8.48,50.51,6.74,2.04,26.9,13425110280,39697300788,11198748,33108910,1072.69,60.0,synthetic_demo,POOR
2026-10-06T22:49:49.943559+00:00,Ethernet0,Ethernet,12.17,0.0,0.56,171.24,39.5,,13449795797,39804328179,11219319,33198099,25725.18,31.54,synthetic_demo,GOOD
2026-10-06T22:49:54.943559+00:00,Wi-Fi,Wi-Fi,19.51,0.0,3.32,65.33,28.97,89.2,13467899742,39845156974,11234405,33232122,11510.3,26.1,synthetic_demo,GOOD
2026-10-06T22:49:59.943559+00:00,Ethernet0,Ethernet,10.27,0.0,3.21,170.52,43.29,,13494958847,39951733067,11256954,33320935,26100.62,20.48,synthetic_demo,GOOD
2026-10-06T22:50:04.943559+00:00,Wi-Fi,Wi-Fi,232.43,45.25,54.69,1.22,0.67,12.1,13495378756,39952494852,11257303,33321569,230.8,77.61,synthetic_demo,POOR
2026-10-06T22:50:09.943559+00:00,Ethernet0,Ethernet,272.01,45.15,71.4,2.12,0.33,,13495583485,39953817141,11257473,33322670,298.25,97.93,synthetic_demo,POOR
2026-10-06T22:50:14.943559+00:00,Ethernet0,Ethernet,13.89,0.0,1.79,130.63,52.48,,13528385394,40035462942,11284807,33390708,22353.07,33.89,synthetic_demo,GOOD
2026-10-06T22:50:19.943559+00:00,Wi-Fi,Wi-Fi,132.57,2.73,17.88,12.23,5.87,69.4,13532055124,40043108101,11287865,33397078,2209.94,97.91,synthetic_demo,MODERATE
2026-10-06T22:50:24.943559+00:00,Wi-Fi,Wi-Fi,219.7,53.19,63.06,0.43,0.6,27.8,13532430879,40043379395,11288178,33397304,126.38,84.21,synthetic_demo,POOR
2026-10-06T22:50:29.943559+00:00,Ethernet0,Ethernet,13.92,0.0,3.89,162.42,37.33,,13555761772,40144889916,11307620,33481896,24383.09,6.43,synthetic_demo,GOOD
2026-10-06T22:50:34.943559+00:00,Wi-Fi,Wi-Fi,70.88,1.24,15.91,11.25,2.5,52.9,13557322077,40151923402,11308920,33487757,1678.47,42.46,synthetic_demo,MODERATE
2026-10-06T22:50:39.943559+00:00,Wi-Fi,Wi-Fi,174.51,11.85,20.22,7.3,3.11,33.6,13559266297,40156484996,11310540,33491558,1270.67,80.16,synthetic_demo,POOR
2026-10-06T22:50:44.943559+00:00,Ethernet0,Ethernet,13.89,0.0,0.49,148.88,49.21,,13590025104,40249536290,11336172,33569100,24181.66,12.16,synthetic_demo,GOOD
2026-10-06T22:50:49.943559+00:00,Ethernet0,Ethernet,105.99,2.49,16.56,10.17,4.34,,13592736426,40255893755,11338431,33574397,1771.25,90.63,synthetic_demo,MODERATE
2026-10-06T22:50:54.943559+00:00,Wi-Fi,Wi-Fi,18.34,0.0,2.58,94.62,28.82,97.2,13610746245,40315030919,11353439,33623677,15067.77,42.57,synthetic_demo,GOOD
2026-10-06T22:50:59.943559+00:00,Ethernet0,Ethernet,286.12,38.42,58.25,1.94,0.9,,13611309298,40316241446,11353908,33624685,346.4,93.69,synthetic_demo,POOR
2026-10-06T22:51:04.943559+00:00,Wi-Fi,Wi-Fi,169.16,41.99,51.52,2.12,0.3,15.7,13611494036,40317568024,11354061,33625790,295.18,98.8,synthetic_demo,POOR
2026-10-06T22:51:09.943559+00:00,Wi-Fi,Wi-Fi,231.01,15.43,45.49,0.35,0.12,21.9,13611571294,40317784736,11354125,33625970,57.42,75.68,synthetic_demo,POOR
2026-10-06T22:51:14.943559+00:00,Wi-Fi,Wi-Fi,23.2,0.0,5.94,87.11,24.27,86.5,13626737054,40372229021,11366763,33671340,13595.71,23.96,synthetic_demo,GOOD
2026-10-06T22:51:19.943559+00:00,Wi-Fi,Wi-Fi,128.86,5.17,33.03,5.44,4.17,40.8,13629344049,40375629196,11368935,33674173,1173.28,82.07,synthetic_demo,POOR
2026-10-06T22:51:24.943559+00:00,Wi-Fi,Wi-Fi,185.55,8.26,15.28,5.37,2.35,40.5,13630813933,40378985618,11370159,33676970,942.64,59.29,synthetic_demo,POOR
2026-10-06T22:51:29.943559+00:00,Wi-Fi,Wi-Fi,26.54,0.0,1.3,69.92,27.09,83.0,13647747415,40422682792,11384270,33713384,11841.92,33.01,synthetic_demo,GOOD
2026-10-06T22:51:34.943559+00:00,Wi-Fi,Wi-Fi,86.46,4.62,44.71,5.02,1.7,36.5,13648811196,40425819529,11385156,33715997,820.41,76.89,synthetic_demo,POOR
2026-10-06T22:51:39.943559+00:00,Ethernet0,Ethernet,13.13,0.0,0.79,127.7,50.73,,13680518817,40505630450,11411579,33782506,21780.97,5.78,synthetic_demo,GOOD
2026-10-06T22:51:44.943559+00:00,Wi-Fi,Wi-Fi,82.54,0.72,9.84,14.68,3.88,36.6,13682946133,40514806984,11413601,33790153,2266.38,46.71,synthetic_demo,MODERATE
2026-10-06T22:51:49.943559+00:00,Ethernet0,Ethernet,9.06,0.0,1.33,181.25,55.4,,13717570826,40628086415,11442454,33884552,28887.52,19.76,synthetic_demo,GOOD
2026-10-06T22:51:54.943559+00:00,Ethernet0,Ethernet,10.93,0.0,0.78,150.33,55.29,,13752127795,40722039772,11471251,33962846,25099.67,19.21,synthetic_demo,GOOD
2026-10-06T22:51:59.943559+00:00,Ethernet0,Ethernet,13.23,0.0,0.59,156.6,44.03,,13779644801,40819912560,11494181,34044406,24490.19,21.37,synthetic_demo,GOOD
2026-10-06T22:52:04.943559+00:00,Wi-Fi,Wi-Fi,128.5,1.97,30.55,18.96,3.47,74.1,13781812267,40831759555,11495987,34054278,2737.2,87.62,synthetic_demo,POOR
2026-10-06T22:52:09.943559+00:00,Wi-Fi,Wi-Fi,21.13,0.0,10.74,65.97,22.26,85.5,13795722528,40872988120,11507578,34088635,10769.3,36.17,synthetic_demo,MODERATE
2026-10-06T22:52:14.943559+00:00,Wi-Fi,Wi-Fi,110.99,3.68,19.32,6.58,1.23,84.2,13796492952,40877100106,11508220,34092061,953.6,94.72,synthetic_demo,MODERATE
2026-10-06T22:52:19.943559+00:00,Ethernet0,Ethernet,13.22,0.0,1.75,184.08,53.15,,13829711624,40992151487,11535902,34187937,28958.99,27.05,synthetic_demo,GOOD
2026-10-06T22:52:24.943559+00:00,Wi-Fi,Wi-Fi,28.12,0.0,1.08,64.48,29.88,87.9,13848387057,41032452272,11551464,34221520,11518.79,18.73,synthetic_demo,GOOD
2026-10-06T22:52:29.943559+00:00,Wi-Fi,Wi-Fi,82.25,1.06,20.81,7.37,6.68,41.5,13852565073,41037058284,11554945,34225358,1715.63,52.3,synthetic_demo,MODERATE
2026-10-06T22:52:34.943559+00:00,Wi-Fi,Wi-Fi,75.04,2.81,32.29,17.5,2.29,78.2,13853998531,41047995920,11556139,34234472,2416.23,94.67,synthetic_demo,POOR
2026-10-06T22:52:39.943559+00:00,Wi-Fi,Wi-Fi,26.61,0.0,0.1,63.14,17.39,85.7,13864864298,41087455727,11565193,34267355,9829.21,34.67,synthetic_demo,GOOD
2026-10-06T22:52:44.943559+00:00,Wi-Fi,Wi-Fi,35.96,1.43,12.99,16.98,7.31,42.0,13869433740,41098070743,11569000,34276200,2965.71,64.68,synthetic_demo,MODERATE
2026-10-06T22:52:49.943559+00:00,Wi-Fi,Wi-Fi,198.2,8.53,43.41,0.01,3.42,30.8,13871569348,41098076993,11570779,34276205,418.33,54.93,synthetic_demo,POOR
2026-10-06T22:52:54.943559+00:00,Wi-Fi,Wi-Fi,99.15,0.97,19.47,20.01,3.63,50.1,13873837079,41110580898,11572668,34286624,2885.09,69.14,synthetic_demo,MODERATE
2026-10-06T22:52:59.943559+00:00,Ethernet0,Ethernet,11.19,0.0,1.4,142.77,51.79,,13906203765,41199809435,11599640,34360981,23749.07,19.89,synthetic_demo,GOOD
2026-10-06T22:53:04.943559+00:00,Ethernet0,Ethernet,7.15,0.0,0.28,144.4,62.12,,13945029731,41290062032,11631994,34436191,25210.66,5.91,synthetic_demo,GOOD
2026-10-06T22:53:09.943559+00:00,Wi-Fi,Wi-Fi,112.17,9.55,28.32,8.3,1.25,30.2,13945809404,41295248614,11632643,34440513,1165.28,53.3,synthetic_demo,POOR
2026-10-06T22:53:14.943559+00:00,Ethernet0,Ethernet,12.38,0.0,3.12,165.81,30.48,,13964856697,41398882914,11648515,34526874,23961.25,18.0,synthetic_demo,GOOD
2026-10-06T22:53:19.943559+00:00,Wi-Fi,Wi-Fi,151.93,6.72,31.58,2.5,3.86,26.2,13967267224,41400447094,11650523,34528177,776.31,67.13,synthetic_demo,POOR
2026-10-06T22:53:24.943559+00:00,Wi-Fi,Wi-Fi,90.66,2.2,19.62,23.97,5.84,50.3,13970915404,41415430319,11653563,34540663,3638.95,68.42,synthetic_demo,MODERATE
2026-10-06T22:53:29.943559+00:00,Ethernet0,Ethernet,208.93,53.91,86.69,2.32,0.07,,13970960788,41416881830,11653600,34541872,292.36,71.55,synthetic_demo,POOR
2026-10-06T22:53:34.943559+00:00,Ethernet0,Ethernet,129.26,2.09,19.32,10.1,3.02,,13972849288,41423194493,11655173,34547132,1601.79,91.84,synthetic_demo,MODERATE
2026-10-06T22:53:39.943559+00:00,Ethernet0,Ethernet,238.29,38.32,59.25,1.35,0.56,,13973200827,41424039716,11655465,34547836,233.74,85.53,synthetic_demo,POOR
2026-10-06T22:53:44.943559+00:00,Wi-Fi,Wi-Fi,20.28,0.0,7.92,84.84,25.38,79.0,13989062773,41477063628,11668683,34592022,13454.27,38.22,synthetic_demo,GOOD
2026-10-06T22:53:49.943559+00:00,Ethernet0,Ethernet,56.93,3.38,32.73,10.42,3.32,,13991139124,41483576073,11670413,34597449,1677.5,98.94,synthetic_demo,POOR
2026-10-06T22:53:54.943559+00:00,Wi-Fi,Wi-Fi,32.67,0.34,1.96,81.37,27.19,96.1,14008132159,41534429442,11684573,34639826,13251.25,20.42,synthetic_demo,GOOD
2026-10-06T22:53:59.943559+00:00,Wi-Fi,Wi-Fi,24.34,0.0,1.92,62.94,27.68,79.8,14025432187,41573768784,11698989,34672608,11062.38,43.21,synthetic_demo,GOOD
2026-10-06T22:54:04.943559+00:00,Wi-Fi,Wi-Fi,90.37,0.68,13.48,21.72,0.54,38.4,14025770431,41587345662,11699270,34683922,2717.8,52.54,synthetic_demo,MODERATE
2026-10-06T22:54:09.943559+00:00,Wi-Fi,Wi-Fi,135.18,5.95,26.39,4.41,3.44,36.4,14027918662,41590101145,11701060,34686218,957.76,81.26,synthetic_demo,POOR
2026-10-06T22:54:14.943559+00:00,Ethernet0,Ethernet,237.35,46.02,46.13,1.75,0.12,,14027991300,41591197653,11701120,34687131,228.35,95.8,synthetic_demo,POOR
2026-10-06T22:54:19.943559+00:00,Ethernet0,Ethernet,168.85,1.69,26.96,15.1,6.83,,14032262502,41600636841,11704679,34694996,2677.81,87.18,synthetic_demo,POOR
2026-10-06T22:54:24.943559+00:00,Wi-Fi,Wi-Fi,25.06,0.0,0.26,73.48,18.33,90.0,14043718249,41646561881,11714225,34733266,11207.18,15.11,synthetic_demo,GOOD
2026-10-06T22:54:29.943559+00:00,Wi-Fi,Wi-Fi,22.38,0.0,0.77,66.62,33.21,85.1,14064476581,41688201691,11731523,34767965,12187.14,37.16,synthetic_demo,GOOD
2026-10-06T22:54:34.943559+00:00,Ethernet0,Ethernet,76.4,1.35,22.37,11.21,4.33,,14067182721,41695207941,11733778,34773803,1896.95,97.42,synthetic_demo,MODERATE
2026-10-06T22:54:39.943559+00:00,Ethernet0,Ethernet,12.09,0.0,0.7,133.93,45.3,,14095496909,41778911395,11757373,34843555,21878.45,9.14,synthetic_demo,GOOD
2026-10-06T22:54:44.943559+00:00,Ethernet0,Ethernet,10.03,0.0,1.3,128.84,30.37,,14114481093,41859437186,11773193,34910659,19435.54,10.49,synthetic_demo,GOOD
2026-10-06T22:54:49.943559+00:00,Wi-Fi,Wi-Fi,22.63,0.0,8.71,71.29,19.35,79.3,14126575882,41903995816,11783271,34947791,11065.12,22.74,synthetic_demo,MODERATE
2026-10-06T22:54:54.943559+00:00,Wi-Fi,Wi-Fi,24.37,0.0,1.3,58.9,24.23,97.6,14141721192,41940810584,11795892,34978469,10148.45,21.51,synthetic_demo,GOOD
2026-10-06T22:54:59.943559+00:00,Wi-Fi,Wi-Fi,20.67,0.0,5.56,88.6,27.03,76.7,14158614474,41996186686,11809969,35024615,14115.11,26.2,synthetic_demo,GOOD
2026-10-06T22:55:04.943559+00:00,Ethernet0,Ethernet,12.95,0.0,1.11,163.81,54.6,,14192737207,42098570447,11838404,35109934,26661.42,14.14,synthetic_demo,GOOD
2026-10-06T22:55:09.943559+00:00,Ethernet0,Ethernet,14.28,0.19,1.32,134.06,45.42,,14221122217,42182360681,11862058,35179759,21909.23,29.89,synthetic_demo,GOOD
2026-10-06T22:55:14.943559+00:00,Ethernet0,Ethernet,12.98,0.0,0.68,158.37,50.72,,14252823079,42281342797,11888475,35262244,25524.02,20.8,synthetic_demo,GOOD
2026-10-06T22:55:19.943559+00:00,Ethernet0,Ethernet,355.74,16.42,53.83,0.25,0.8,,14253322883,42281499909,11888891,35262374,128.3,85.89,synthetic_demo,POOR
2026-10-06T22:55:24.943559+00:00,Wi-Fi,Wi-Fi,22.42,0.02,2.85,70.9,31.72,87.8,14273148772,42325814106,11905412,35299302,12527.36,37.99,synthetic_demo,GOOD
2026-10-06T22:55:29.943559+00:00,Wi-Fi,Wi-Fi,18.29,0.0,2.97,83.08,28.67,97.3,14291068852,42377737573,11920345,35342571,13641.32,16.91,synthetic_demo,GOOD
2026-10-06T22:55:34.943559+00:00,Ethernet0,Ethernet,152.67,2.51,17.23,13.17,5.99,,14294815290,42385968236,11923467,35349429,2339.28,94.9,synthetic_demo,POOR
2026-10-06T22:55:39.943559+00:00,Ethernet0,Ethernet,10.53,0.11,0.14,145.47,56.49,,14330122463,42476884958,11952889,35425192,24653.1,26.59,synthetic_demo,GOOD
2026-10-06T22:55:44.943559+00:00,Wi-Fi,Wi-Fi,175.52,29.52,73.81,1.12,0.19,26.6,14330240143,42477584108,11952987,35425774,159.54,80.46,synthetic_demo,POOR
2026-10-06T22:55:49.943559+00:00,Wi-Fi,Wi-Fi,109.75,2.52,28.83,11.59,2.08,84.3,14331542563,42484825317,11954072,35431808,1668.68,90.21,synthetic_demo,POOR
2026-10-06T22:55:54.943559+00:00,Ethernet0,Ethernet,9.04,0.0,2.02,140.03,42.66,,14358204068,42572341674,11976289,35504738,22300.36,6.2,synthetic_demo,GOOD
2026-10-06T22:55:59.943559+00:00,Wi-Fi,Wi-Fi,28.91,0.0,1.25,84.08,23.6,88.5,14372953184,42624889796,11988579,35548528,13143.99,17.52,synthetic_demo,GOOD
2026-10-06T22:56:04.943559+00:00,Wi-Fi,Wi-Fi,153.38,11.36,8.11,5.17,2.04,33.2,14374225229,42628119260,11989639,35551219,879.2,52.57,synthetic_demo,POOR
2026-10-06T22:56:09.943559+00:00,Wi-Fi,Wi-Fi,208.05,54.15,38.8,1.89,0.26,11.4,14374386533,42629301159,11989773,35552203,262.34,91.47,synthetic_demo,POOR
2026-10-06T22:56:14.943559+00:00,Wi-Fi,Wi-Fi,31.88,0.0,1.27,66.52,33.09,95.8,14395068965,42670878962,12007008,35586851,12160.2,11.74,synthetic_demo,GOOD
2026-10-06T22:56:19.943559+00:00,Wi-Fi,Wi-Fi,68.65,2.07,14.83,14.93,5.4,53.6,14398441028,42680211739,12009818,35594628,2481.41,62.07,synthetic_demo,MODERATE
2026-10-06T22:56:24.943559+00:00,Ethernet0,Ethernet,14.1,0.0,2.12,145.36,46.58,,14427553419,42771063382,12034078,35670337,23430.48,16.83,synthetic_demo,GOOD
2026-10-06T22:56:29.943559+00:00,Wi-Fi,Wi-Fi,73.94,58.03,46.15,1.14,0.8,28.8,14428051134,42771776473,12034492,35670931,236.49,96.31,synthetic_demo,POOR
2026-10-06T22:56:34.943559+00:00,Ethernet0,Ethernet,11.95,0.0,0.77,120.61,60.77,,14466035470,42847156147,12066145,35733747,22141.41,18.56,synthetic_demo,GOOD
2026-10-06T22:56:39.943559+00:00,Ethernet0,Ethernet,217.02,59.21,54.71,1.96,0.19,,14466156472,42848379739,12066245,35734766,262.62,88.35,synthetic_demo,POOR
2026-10-06T22:56:44.943559+00:00,Wi-Fi,Wi-Fi,60.73,1.22,13.06,22.95,7.92,38.7,14471107838,42862725578,12070371,35746720,3768.99,49.97,synthetic_demo,MODERATE
2026-10-06T22:56:49.943559+00:00,Wi-Fi,Wi-Fi,41.54,1.75,16.85,4.96,8.66,48.1,14476519178,42865827842,12074880,35749305,1662.81,50.77,synthetic_demo,MODERATE
2026-10-06T22:56:54.943559+00:00,Wi-Fi,Wi-Fi,114.73,0.88,17.94,20.63,4.85,45.0,14479547500,42878718490,12077403,35760047,3109.17,58.67,synthetic_demo,MODERATE
2026-10-06T22:56:59.943559+00:00,Ethernet0,Ethernet,8.23,0.0,0.1,145.15,51.23,,14511564555,42969434382,12104083,35835643,23971.28,19.05,synthetic_demo,GOOD
2026-10-06T22:57:04.943559+00:00,Ethernet0,Ethernet,11.53,0.0,6.3,175.38,52.62,,14544449670,43079049222,12131487,35926988,27832.02,17.35,synthetic_demo,GOOD
2026-10-06T22:57:09.943559+00:00,Ethernet0,Ethernet,12.94,0.0,4.26,173.42,51.08,,14576371701,43187438210,12158088,36017312,27404.5,15.26,synthetic_demo,GOOD
2026-10-06T22:57:14.943559+00:00,Ethernet0,Ethernet,9.14,0.0,0.99,151.39,49.52,,14607323525,43282057414,12183881,36096161,24525.59,17.57,synthetic_demo,GOOD
2026-10-06T22:57:19.943559+00:00,Ethernet0,Ethernet,92.52,1.99,16.3,12.72,4.34,,14610035908,43290008584,12186141,36102786,2082.73,91.79,synthetic_demo,MODERATE
2026-10-06T22:57:24.943559+00:00,Wi-Fi,Wi-Fi,31.49,0.0,8.25,69.7,23.94,81.2,14624998567,43333569999,12198609,36139087,11430.48,36.88,synthetic_demo,MODERATE
2026-10-06T22:57:29.943559+00:00,Ethernet0,Ethernet,13.01,0.0,1.08,160.21,41.96,,14651221885,43433699004,12220461,36222527,24678.19,30.24,synthetic_demo,GOOD
2026-10-06T22:57:34.943559+00:00,Ethernet0,Ethernet,316.88,46.4,70.13,0.7,0.41,,14651479441,43434139526,12220675,36222894,136.34,93.33,synthetic_demo,POOR
2026-10-06T22:57:39.943559+00:00,Wi-Fi,Wi-Fi,138.29,8.2,28.9,8.36,2.84,34.3,14653256910,43439361638,12222156,36227245,1367.11,68.06,synthetic_demo,POOR
2026-10-06T22:57:44.943559+00:00,Wi-Fi,Wi-Fi,225.82,27.45,42.7,2.21,0.79,13.8,14653750811,43440743046,12222567,36228396,366.27,90.82,synthetic_demo,POOR
2026-10-06T22:57:49.943559+00:00,Ethernet0,Ethernet,256.81,23.3,45.55,1.78,0.66,,14654161303,43441854410,12222909,36229322,297.24,85.97,synthetic_demo,POOR
2026-10-06T22:57:54.943559+00:00,Ethernet0,Ethernet,8.07,0.0,2.13,175.56,55.25,,14688691725,43551580236,12251684,36320760,28175.05,15.03,synthetic_demo,GOOD
2026-10-06T22:57:59.943559+00:00,Wi-Fi,Wi-Fi,26.38,0.0,2.37,88.71,26.12,83.5,14705015236,43607021282,12265286,36366960,14016.52,34.41,synthetic_demo,GOOD
2026-10-06T22:58:04.943559+00:00,Wi-Fi,Wi-Fi,65.48,3.34,30.23,16.54,4.65,68.3,14707918495,43617358203,12267705,36375574,2585.97,92.5,synthetic_demo,POOR
2026-10-06T22:58:09.943559+00:00,Wi-Fi,Wi-Fi,125.26,2.51,23.2,7.43,2.22,72.5,14709307602,43622000846,12268862,36379442,1178.08,97.26,synthetic_demo,MODERATE
2026-10-06T22:58:14.943559+00:00,Ethernet0,Ethernet,16.01,0.0,2.35,161.4,43.24,,14736332262,43722874300,12291382,36463503,24980.1,17.15,synthetic_demo,GOOD
2026-10-06T22:58:19.943559+00:00,Wi-Fi,Wi-Fi,137.5,4.67,42.79,4.23,2.33,40.8,14737787688,43725515899,12292594,36465704,800.2,55.88,synthetic_demo,POOR
2026-10-06T22:58:24.943559+00:00,Ethernet0,Ethernet,15.04,0.0,0.7,135.61,45.64,,14766313579,43810274377,12316365,36536336,22125.85,29.22,synthetic_demo,GOOD
2026-10-06T22:58:29.943559+00:00,Ethernet0,Ethernet,13.16,0.0,0.32,135.07,46.0,,14795060533,43894690578,12340320,36606682,22102.18,16.49,synthetic_demo,GOOD
2026-10-06T22:58:34.943559+00:00,Wi-Fi,Wi-Fi,86.29,3.48,9.19,18.14,5.43,46.5,14798451169,43906030979,12343145,36616132,2877.16,72.0,synthetic_demo,MODERATE
2026-10-06T22:58:39.943559+00:00,Wi-Fi,Wi-Fi,136.75,1.91,17.12,14.46,5.76,46.0,14802050547,43915067674,12346144,36623662,2467.98,50.76,synthetic_demo,MODERATE
2026-10-06T22:58:44.943559+00:00,Wi-Fi,Wi-Fi,52.87,3.3,15.51,24.86,2.84,36.9,14803827684,43930608268,12347624,36636612,3382.37,52.41,synthetic_demo,POOR
2026-10-06T22:58:49.943559+00:00,Ethernet0,Ethernet,12.76,0.0,1.3,146.34,57.69,,14839881530,44022067754,12377668,36712828,24904.95,32.97,synthetic_demo,GOOD
2026-10-06T22:58:54.943559+00:00,Wi-Fi,Wi-Fi,136.27,11.77,36.6,11.88,2.8,36.9,14841634178,44029492768,12379128,36719015,1792.51,78.21,synthetic_demo,POOR
2026-10-06T22:58:59.943559+00:00,Wi-Fi,Wi-Fi,23.53,0.0,0.36,52.92,13.57,87.7,14850118490,44062565355,12386198,36746575,8116.58,13.7,synthetic_demo,GOOD
2026-10-06T22:59:04.943559+00:00,Ethernet0,Ethernet,12.31,0.0,0.87,121.77,50.95,,14881964071,44138670658,12412735,36809996,21084.16,23.29,synthetic_demo,GOOD
2026-10-06T22:59:09.943559+00:00,Wi-Fi,Wi-Fi,189.45,9.93,32.59,4.81,2.72,32.1,14883663193,44141675062,12414150,36812499,918.66,66.06,synthetic_demo,POOR
2026-10-06T22:59:14.943559+00:00,Ethernet0,Ethernet,232.01,23.97,53.75,1.33,0.84,,14884190703,44142508872,12414589,36813193,265.88,92.16,synthetic_demo,POOR
2026-10-06T22:59:19.943559+00:00,Wi-Fi,Wi-Fi,173.38,6.49,31.85,4.9,0.54,40.5,14884530756,44145573230,12414872,36815746,664.92,75.89,synthetic_demo,POOR
2026-10-06T22:59:24.943559+00:00,Wi-Fi,Wi-Fi,208.63,8.54,10.76,3.93,3.47,29.2,14886696903,44148029456,12416677,36817792,902.81,79.29,synthetic_demo,POOR
2026-10-06T22:59:29.943559+00:00,Wi-Fi,Wi-Fi,142.78,1.52,32.84,9.49,4.15,67.3,14889291987,44153958349,12418839,36822732,1664.84,96.59,synthetic_demo,POOR
2026-10-06T22:59:34.943559+00:00,Wi-Fi,Wi-Fi,59.93,2.52,16.64,0.01,7.01,43.9,14893671279,44153964599,12422488,36822737,856.55,55.64,synthetic_demo,MODERATE
2026-10-06T22:59:39.943559+00:00,Ethernet0,Ethernet,8.36,0.0,0.1,108.4,52.79,,14926664892,44221712249,12449982,36879193,19676.03,5.04,synthetic_demo,GOOD
2026-10-06T22:59:44.943559+00:00,Wi-Fi,Wi-Fi,19.48,0.0,0.42,60.63,34.76,89.5,14948389670,44259606675,12468085,36910771,11644.38,38.13,synthetic_demo,GOOD
2026-10-06T22:59:49.943559+00:00,Wi-Fi,Wi-Fi,25.39,0.0,2.2,70.43,31.54,91.1,14968099468,44303627381,12484509,36947454,12447.36,25.21,synthetic_demo,GOOD
2026-10-06T22:59:54.943559+00:00,Wi-Fi,Wi-Fi,32.42,0.0,1.24,67.96,21.85,80.3,14981756986,44346104280,12495890,36982851,10963.75,30.28,synthetic_demo,GOOD
2026-10-06T22:59:59.943559+00:00,Ethernet0,Ethernet,73.02,3.2,10.37,18.2,4.77,,14984738494,44357478826,12498374,36992329,2803.92,95.49,synthetic_demo,MODERATE
2026-10-06T23:00:04.943559+00:00,Wi-Fi,Wi-Fi,28.75,0.0,1.9,75.19,30.69,90.7,15003917410,44404472811,12514356,37031490,12924.39,30.58,synthetic_demo,GOOD
2026-10-06T23:00:09.943559+00:00,Ethernet0,Ethernet,10.77,0.0,0.2,165.59,61.05,,15042076237,44507964066,12546155,37117732,27666.03,6.29,synthetic_demo,GOOD
2026-10-06T23:00:14.943559+00:00,Ethernet0,Ethernet,14.27,0.0,0.8,145.72,39.97,,15067055600,44599041937,12566971,37193630,22667.43,10.83,synthetic_demo,GOOD
2026-10-06T23:00:19.943559+00:00,Wi-Fi,Wi-Fi,153.02,3.17,17.13,10.84,4.1,83.3,15069616320,44605819817,12569104,37199278,1823.95,94.61,synthetic_demo,POOR
2026-10-06T23:00:24.943559+00:00,Ethernet0,Ethernet,12.88,0.0,0.82,123.26,48.46,,15099901755,44682860118,12594341,37263478,20962.06,7.26,synthetic_demo,GOOD
2026-10-06T23:00:29.943559+00:00,Wi-Fi,Wi-Fi,168.61,11.6,34.34,7.6,1.1,40.8,15100591203,44687612074,12594915,37267437,1062.77,52.64,synthetic_demo,POOR
2026-10-06T23:00:34.943559+00:00,Wi-Fi,Wi-Fi,24.65,0.21,0.52,74.72,24.41,78.2,15115849295,44734315154,12607630,37306356,12101.79,15.62,synthetic_demo,GOOD
2026-10-06T23:00:39.943559+00:00,Wi-Fi,Wi-Fi,29.37,0.0,2.12,84.13,26.5,92.0,15132411153,44786899383,12621431,37350176,13505.1,31.18,synthetic_demo,GOOD
2026-10-06T23:00:44.943559+00:00,Wi-Fi,Wi-Fi,41.89,1.68,16.37,15.76,8.7,45.3,15137847956,44796748479,12625961,37358383,2985.53,65.85,synthetic_demo,MODERATE
2026-10-06T23:00:49.943559+00:00,Wi-Fi,Wi-Fi,107.75,11.3,32.68,8.45,0.26,43.7,15138011902,44802032214,12626097,37362786,1064.0,66.03,synthetic_demo,POOR
2026-10-06T23:00:54.943559+00:00,Wi-Fi,Wi-Fi,25.43,0.0,1.7,75.11,19.59,87.9,15150253025,44848976126,12636297,37401905,11559.58,21.82,synthetic_demo,GOOD
2026-10-06T23:00:59.943559+00:00,Wi-Fi,Wi-Fi,97.64,3.13,29.34,6.28,3.89,63.1,15152687372,44852898340,12638325,37405173,1241.52,89.83,synthetic_demo,POOR
2026-10-06T23:01:04.943559+00:00,Wi-Fi,Wi-Fi,73.4,1.86,11.94,21.75,2.51,38.0,15154255571,44866490865,12639631,37416500,2961.08,67.44,synthetic_demo,MODERATE
2026-10-06T23:01:09.943559+00:00,Wi-Fi,Wi-Fi,29.7,0.0,6.6,49.15,26.81,83.9,15171013434,44897208948,12653595,37442098,9272.65,27.61,synthetic_demo,GOOD
2026-10-06T23:01:14.943559+00:00,Wi-Fi,Wi-Fi,174.34,10.27,45.23,4.34,0.13,33.2,15171097030,44899924557,12653664,37444361,546.72,71.1,synthetic_demo,POOR
2026-10-06T23:01:19.943559+00:00,Ethernet0,Ethernet,87.19,2.38,18.41,10.23,4.11,,15173664763,44906315753,12655803,37449686,1749.79,92.62,synthetic_demo,MODERATE
2026-10-06T23:01:24.943559+00:00,Wi-Fi,Wi-Fi,93.14,2.95,15.87,15.5,6.0,71.3,15177413171,44916005346,12658926,37457760,2624.61,96.11,synthetic_demo,MODERATE
2026-10-06T23:01:29.943559+00:00,Wi-Fi,Wi-Fi,112.53,10.27,40.9,7.26,2.12,29.7,15178738551,44920544283,12660030,37461542,1145.37,63.95,synthetic_demo,POOR
2026-10-06T23:01:34.943559+00:00,Wi-Fi,Wi-Fi,158.18,10.19,21.43,7.48,2.13,30.0,15180071953,44925222005,12661141,37465440,1174.05,67.49,synthetic_demo,POOR
2026-10-06T23:01:39.943559+00:00,Ethernet0,Ethernet,100.18,2.58,17.0,8.69,4.26,,15182733729,44930650962,12663359,37469964,1580.22,87.84,synthetic_demo,MODERATE
2026-10-06T23:01:44.943559+00:00,Wi-Fi,Wi-Fi,234.61,5.01,43.0,5.72,2.04,39.1,15184008478,44934224384,12664421,37472941,946.91,56.75,synthetic_demo,POOR
2026-10-06T23:01:49.943559+00:00,Ethernet0,Ethernet,145.97,1.76,19.94,12.8,3.46,,15186172031,44942226119,12666223,37479609,1985.41,94.16,synthetic_demo,POOR
2026-10-06T23:01:54.943559+00:00,Wi-Fi,Wi-Fi,130.96,2.03,25.28,12.61,5.85,69.6,15189827222,44950106792,12669268,37486176,2253.1,91.61,synthetic_demo,POOR
2026-10-06T23:01:59.943559+00:00,Wi-Fi,Wi-Fi,83.75,3.11,19.91,3.54,8.72,46.7,15195274207,44952316806,12673807,37488017,1495.51,45.02,synthetic_demo,MODERATE
2026-10-06T23:02:04.943559+00:00,Wi-Fi,Wi-Fi,136.6,1.99,29.67,11.95,3.9,82.3,15197710266,44959784715,12675837,37494240,1934.37,91.6,synthetic_demo,POOR
2026-10-06T23:02:09.943559+00:00,Ethernet0,Ethernet,12.11,0.0,0.23,127.11,57.41,,15233592136,45039226994,12705738,37560441,22524.25,18.15,synthetic_demo,GOOD
2026-10-06T23:02:14.943559+00:00,Wi-Fi,Wi-Fi,128.18,5.25,28.95,2.99,2.33,43.9,15235047917,45041093132,12706951,37561996,648.81,82.66,synthetic_demo,POOR
2026-10-06T23:02:19.943559+00:00,Wi-Fi,Wi-Fi,154.41,4.71,18.69,6.12,2.76,25.9,15236773650,45044919112,12708389,37565184,1084.32,61.99,synthetic_demo,POOR
2026-10-06T23:02:24.943559+00:00,Ethernet0,Ethernet,11.55,0.0,0.95,135.71,40.87,,15262319407,45129735810,12729677,37635864,21555.17,12.35,synthetic_demo,GOOD
2026-10-06T23:02:29.943559+00:00,Wi-Fi,Wi-Fi,125.25,5.25,28.69,6.84,0.29,29.5,15262500547,45134009385,12729827,37639425,870.06,72.38,synthetic_demo,POOR
2026-10-06T23:02:34.943559+00:00,Ethernet0,Ethernet,14.59,0.0,0.77,145.15,75.8,,15309877371,45224726054,12769307,37715022,26971.39,14.1,synthetic_demo,GOOD
2026-10-06T23:02:39.943559+00:00,Wi-Fi,Wi-Fi,34.56,0.19,0.18,84.99,26.27,94.9,15326295132,45277845645,12782988,37759288,13581.51,40.9,synthetic_demo,GOOD
2026-10-06T23:02:44.943559+00:00,Wi-Fi,Wi-Fi,70.56,2.17,14.27,13.04,5.16,82.6,15329520641,45285994634,12785675,37766078,2221.58,85.12,synthetic_demo,MODERATE
2026-10-06T23:02:49.943559+00:00,Ethernet0,Ethernet,14.1,0.0,2.63,164.29,53.09,,15362702231,45388676506,12813326,37851646,26535.83,6.72,synthetic_demo,GOOD
2026-10-06T23:02:54.943559+00:00,Wi-Fi,Wi-Fi,183.64,4.77,51.52,13.32,2.3,28.8,15364140507,45397001270,12814524,37858583,1906.84,59.57,synthetic_demo,POOR
2026-10-06T23:02:59.943559+00:00,Wi-Fi,Wi-Fi,117.79,10.94,53.77,2.23,1.15,44.7,15364860327,45398396613,12815123,37859745,413.12,81.89,synthetic_demo,POOR
2026-10-06T23:03:04.943559+00:00,Wi-Fi,Wi-Fi,56.14,2.96,10.37,14.15,9.32,49.0,15370683914,45407242444,12819975,37867116,2865.12,74.98,synthetic_demo,MODERATE
2026-10-06T23:03:09.943559+00:00,Ethernet0,Ethernet,14.46,0.0,0.18,165.81,57.87,,15406854390,45510875847,12850117,37953477,27305.45,33.63,synthetic_demo,GOOD
2026-10-06T23:03:14.943559+00:00,Wi-Fi,Wi-Fi,27.3,0.0,2.1,58.15,29.02,88.8,15424988954,45547220873,12865229,37983764,10640.54,19.02,synthetic_demo,GOOD
2026-10-06T23:03:19.943559+00:00,Wi-Fi,Wi-Fi,61.48,2.09,5.37,15.59,0.01,41.0,15424996820,45556962210,12865235,37991881,1904.14,45.56,synthetic_demo,MODERATE
2026-10-06T23:03:24.943559+00:00,Wi-Fi,Wi-Fi,257.7,50.38,35.3,0.51,0.15,25.0,15425092524,45557278581,12865314,37992144,80.48,79.15,synthetic_demo,POOR
2026-10-06T23:03:29.943559+00:00,Wi-Fi,Wi-Fi,75.36,1.48,15.19,19.24,2.32,36.6,15426539985,45569306408,12866520,38002167,2631.89,44.12,synthetic_demo,MODERATE
2026-10-06T23:03:34.943559+00:00,Wi-Fi,Wi-Fi,27.61,0.0,0.1,65.77,21.04,86.7,15439687024,45610410946,12877475,38036420,10596.01,17.49,synthetic_demo,GOOD
2026-10-06T23:03:39.943559+00:00,Wi-Fi,Wi-Fi,111.06,2.16,10.17,13.13,4.67,51.4,15442607851,45618615310,12879909,38043256,2172.89,71.95,synthetic_demo,MODERATE
2026-10-06T23:03:44.943559+00:00,Wi-Fi,Wi-Fi,47.5,1.11,25.66,22.01,0.66,38.8,15443023313,45632373836,12880255,38054721,2768.36,57.09,synthetic_demo,POOR
2026-10-06T23:03:49.943559+00:00,Wi-Fi,Wi-Fi,136.5,3.23,18.35,13.5,5.71,61.5,15446594716,45640811811,12883231,38061752,2345.58,92.37,synthetic_demo,MODERATE
2026-10-06T23:03:54.943559+00:00,Ethernet0,Ethernet,12.28,0.0,2.96,145.49,46.5,,15475660298,45731743771,12907452,38137528,23437.02,17.2,synthetic_demo,GOOD
2026-10-06T23:03:59.943559+00:00,Ethernet0,Ethernet,140.88,3.5,18.7,13.81,2.23,,15477052929,45740372139,12908612,38144718,1957.23,97.84,synthetic_demo,POOR
2026-10-06T23:04:04.943559+00:00,Wi-Fi,Wi-Fi,55.98,1.87,14.57,25.05,2.24,43.8,15478454202,45756027691,12909779,38157764,3331.41,40.61,synthetic_demo,MODERATE
2026-10-06T23:04:09.943559+00:00,Ethernet0,Ethernet,161.7,57.96,93.79,0.47,0.23,,15478597811,45756323981,12909898,38158010,85.92,94.24,synthetic_demo,POOR
2026-10-06T23:04:14.943559+00:00,Wi-Fi,Wi-Fi,29.03,0.0,0.1,65.33,17.95,92.4,15489817970,45797156655,12919248,38192037,10166.57,32.44,synthetic_demo,GOOD
2026-10-06T23:04:19.943559+00:00,Wi-Fi,Wi-Fi,76.58,3.27,12.02,21.17,7.09,48.4,15494251207,45810389035,12922942,38203063,3450.32,69.13,synthetic_demo,MODERATE
2026-10-06T23:04:24.943559+00:00,Ethernet0,Ethernet,297.88,35.97,33.95,0.54,0.64,,15494648556,45810725430,12923273,38203343,143.31,77.02,synthetic_demo,POOR
2026-10-06T23:04:29.943559+00:00,Ethernet0,Ethernet,14.37,0.0,0.1,117.8,62.65,,15533804894,45884351639,12955903,38264698,22027.84,27.57,synthetic_demo,GOOD
2026-10-06T23:04:34.943559+00:00,Wi-Fi,Wi-Fi,112.15,44.28,49.22,0.95,0.97,28.7,15534408381,45884948347,12956405,38265195,234.41,95.44,synthetic_demo,POOR
2026-10-06T23:04:39.943559+00:00,Ethernet0,Ethernet,160.37,3.08,5.59,14.62,4.49,,15537216716,45894086042,12958745,38272809,2333.21,95.03,synthetic_demo,POOR
2026-10-06T23:04:44.943559+00:00,Ethernet0,Ethernet,13.29,0.0,0.59,167.39,52.09,,15569775130,45998704898,12985877,38359991,26792.44,11.56,synthetic_demo,GOOD
2026-10-06T23:04:49.943559+00:00,Wi-Fi,Wi-Fi,25.75,0.0,1.49,74.82,26.42,80.3,15586287404,46045464805,12999637,38398957,12357.85,23.37,synthetic_demo,GOOD
2026-10-06T23:04:54.943559+00:00,Ethernet0,Ethernet,115.25,3.61,16.98,13.39,3.49,,15588471441,46053831615,13001457,38405929,2060.71,85.3,synthetic_demo,MODERATE
2026-10-06T23:04:59.943559+00:00,Ethernet0,Ethernet,13.9,0.0,2.29,134.25,47.58,,15618210953,46137737221,13026239,38475850,22196.31,21.6,synthetic_demo,GOOD
2026-10-06T23:05:04.943559+00:00,Wi-Fi,Wi-Fi,81.95,2.43,11.51,17.89,6.26,49.0,15622125039,46148917067,13029500,38485166,2948.03,58.38,synthetic_demo,MODERATE
2026-10-06T23:05:09.943559+00:00,Wi-Fi,Wi-Fi,28.33,0.0,0.1,71.6,16.35,76.8,15632344083,46193666881,13038015,38522457,10736.11,34.71,synthetic_demo,GOOD
2026-10-06T23:05:14.943559+00:00,Wi-Fi,Wi-Fi,44.92,0.51,11.48,22.74,7.04,42.9,15636744723,46207880847,13041682,38534301,3635.67,59.75,synthetic_demo,MODERATE
2026-10-06T23:05:19.943559+00:00,Ethernet0,Ethernet,13.47,0.1,1.55,123.79,47.96,,15666718219,46285247774,13066659,38598773,20964.93,27.96,synthetic_demo,GOOD
2026-10-06T23:05:24.943559+00:00,Wi-Fi,Wi-Fi,160.19,8.98,30.33,8.11,2.72,26.0,15668417031,46290314385,13068074,38602995,1321.37,54.77,synthetic_demo,POOR
2026-10-06T23:05:29.943559+00:00,Wi-Fi,Wi-Fi,223.22,52.94,53.29,1.06,0.23,22.5,15668559193,46290979352,13068192,38603549,157.64,90.38,synthetic_demo,POOR
2026-10-06T23:05:34.943559+00:00,Wi-Fi,Wi-Fi,239.44,16.82,69.57,1.83,0.84,14.0,15669083230,46292122338,13068628,38604501,325.59,96.67,synthetic_demo,POOR
2026-10-06T23:05:39.943559+00:00,Wi-Fi,Wi-Fi,123.3,1.04,13.63,14.77,3.67,82.4,15671375337,46301352925,13070538,38612193,2250.53,87.09,synthetic_demo,MODERATE
2026-10-06T23:05:44.943559+00:00,Ethernet0,Ethernet,7.88,0.0,0.52,111.68,39.7,,15696190808,46371150870,13091217,38670357,18479.18,29.07,synthetic_demo,GOOD
2026-10-06T23:05:49.943559+00:00,Ethernet0,Ethernet,140.0,1.43,32.51,10.47,4.65,,15699097747,46377693371,13093639,38675809,1845.59,98.05,synthetic_demo,POOR
2026-10-06T23:05:54.943559+00:00,Ethernet0,Ethernet,14.11,0.0,0.57,132.01,60.89,,15737153275,46460201280,13125351,38744565,23547.55,21.7,synthetic_demo,GOOD
2026-10-06T23:05:59.943559+00:00,Ethernet0,Ethernet,9.91,0.0,0.55,171.47,58.15,,15773495052,46567368032,13155635,38833870,28029.01,9.54,synthetic_demo,GOOD
2026-10-06T23:06:04.943559+00:00,Wi-Fi,Wi-Fi,22.85,0.0,1.17,37.6,19.8,91.3,15785872720,46590867875,13165949,38853453,7007.33,42.73,synthetic_demo,GOOD
2026-10-06T23:06:09.943559+00:00,Wi-Fi,Wi-Fi,28.41,0.0,2.84,87.03,17.52,97.5,15796825013,46645259930,13175075,38898779,12762.57,30.84,synthetic_demo,GOOD
2026-10-06T23:06:14.943559+00:00,Ethernet0,Ethernet,89.29,3.23,21.4,12.2,2.16,,15798173436,46652887939,13176198,38905135,1753.21,93.36,synthetic_demo,MODERATE
2026-10-06T23:06:19.943559+00:00,Wi-Fi,Wi-Fi,97.4,1.87,7.45,4.05,2.69,74.2,15799856319,46655419663,13177600,38907244,823.17,88.33,synthetic_demo,POOR
2026-10-06T23:06:24.943559+00:00,Wi-Fi,Wi-Fi,25.0,0.0,1.94,79.54,27.57,78.9,15817086073,46705134934,13191958,38948673,13075.2,38.61,synthetic_demo,GOOD
2026-10-06T23:06:29.943559+00:00,Wi-Fi,Wi-Fi,34.61,0.0,1.04,81.8,30.37,95.7,15836064566,46756257180,13207773,38991274,13691.55,32.05,synthetic_demo,GOOD
2026-10-06T23:06:34.943559+00:00,Ethernet0,Ethernet,267.35,18.13,74.92,1.32,0.13,,15836144775,46757082546,13207839,38991961,176.87,92.08,synthetic_demo,POOR
2026-10-06T23:06:39.943559+00:00,Wi-Fi,Wi-Fi,28.02,0.0,2.79,75.93,27.54,91.6,15853358170,46804538271,13222183,39031507,12630.69,35.28,synthetic_demo,GOOD
2026-10-06T23:06:44.943559+00:00,Wi-Fi,Wi-Fi,18.57,0.0,5.76,71.65,21.98,90.8,15867098080,46849316495,13233632,39068822,11429.32,27.45,synthetic_demo,GOOD
2026-10-06T23:06:49.943559+00:00,Ethernet0,Ethernet,12.57,0.0,0.74,123.09,46.22,,15895988101,46926244631,13257707,39132928,20667.61,5.79,synthetic_demo,GOOD
2026-10-06T23:06:54.943559+00:00,Wi-Fi,Wi-Fi,147.97,3.4,22.36,12.51,4.84,76.6,15899011443,46934062565,13260226,39139442,2117.44,96.82,synthetic_demo,POOR
2026-10-06T23:06:59.943559+00:00,Ethernet0,Ethernet,104.82,2.06,12.49,11.63,5.45,,15902417928,46941332150,13263064,39145499,2085.17,97.52,synthetic_demo,MODERATE
2026-10-06T23:07:04.943559+00:00,Ethernet0,Ethernet,10.19,0.0,0.94,137.19,27.74,,15919757094,47027073042,13277513,39216949,20132.82,23.27,synthetic_demo,GOOD
2026-10-06T23:07:09.943559+00:00,Ethernet0,Ethernet,14.51,0.0,0.21,142.14,56.49,,15955063927,47115913029,13306935,39290982,24247.43,20.82,synthetic_demo,GOOD
2026-10-06T23:07:14.943559+00:00,Ethernet0,Ethernet,137.62,1.24,26.69,13.02,3.63,,15957331551,47124047746,13308824,39297760,2031.71,97.63,synthetic_demo,POOR
2026-10-06T23:07:19.943559+00:00,Wi-Fi,Wi-Fi,97.21,2.83,38.58,15.42,1.47,61.2,15958252797,47133687866,13309591,39305793,2062.77,95.42,synthetic_demo,POOR
2026-10-06T23:07:24.943559+00:00,Wi-Fi,Wi-Fi,21.45,0.0,3.33,55.92,28.57,75.5,15976106002,47168635638,13324468,39334916,10312.69,38.31,synthetic_demo,GOOD
2026-10-06T23:07:29.943559+00:00,Wi-Fi,Wi-Fi,208.54,17.82,50.42,0.94,0.81,28.4,15976615064,47169221438,13324892,39335404,213.84,96.9,synthetic_demo,POOR
2026-10-06T23:07:34.943559+00:00,Ethernet0,Ethernet,8.23,0.0,0.36,152.92,41.15,,16002331773,47264799122,13346322,39415052,23690.31,20.45,synthetic_demo,GOOD
2026-10-06T23:07:39.943559+00:00,Wi-Fi,Wi-Fi,21.14,0.0,0.5,90.83,24.34,88.1,16017543740,47321568224,13358998,39462359,14058.8,40.74,synthetic_demo,GOOD
2026-10-06T23:07:44.943559+00:00,Wi-Fi,Wi-Fi,253.67,35.85,36.94,1.68,0.8,25.0,16018046799,47322620982,13359417,39463236,303.87,98.27,synthetic_demo,POOR
2026-10-06T23:07:49.943559+00:00,Wi-Fi,Wi-Fi,18.48,0.0,0.35,68.23,20.36,84.1,16030773963,47365261987,13370022,39498770,10814.1,13.89,synthetic_demo,GOOD
2026-10-06T23:07:54.943559+00:00,Wi-Fi,Wi-Fi,61.59,0.6,20.63,27.61,7.96,37.3,16035746466,47382519459,13374165,39513151,4341.79,50.19,synthetic_demo,MODERATE
2026-10-06T23:07:59.943559+00:00,Wi-Fi,Wi-Fi,31.35,0.0,5.55,63.32,28.22,82.9,16053384168,47422095205,13388863,39546130,11174.5,43.83,synthetic_demo,GOOD
2026-10-06T23:08:04.943559+00:00,Wi-Fi,Wi-Fi,31.48,0.0,0.71,81.07,28.41,90.7,16071140397,47472766530,13403659,39588356,13364.76,29.34,synthetic_demo,GOOD
2026-10-06T23:08:09.943559+00:00,Ethernet0,Ethernet,292.09,48.11,42.42,2.19,0.34,,16071355035,47474136485,13403837,39589497,309.49,86.39,synthetic_demo,POOR
2026-10-06T23:08:14.943559+00:00,Wi-Fi,Wi-Fi,18.45,0.0,28.49,46.42,16.43,94.4,16081621778,47503148494,13412392,39613673,7671.63,38.19,synthetic_demo,POOR
2026-10-06T23:08:19.943559+00:00,Wi-Fi,Wi-Fi,125.41,6.93,49.21,8.85,2.27,42.7,16083043320,47508679182,13413576,39618281,1357.86,53.8,synthetic_demo,POOR
2026-10-06T23:08:24.943559+00:00,Ethernet0,Ethernet,9.01,0.0,1.7,101.4,46.34,,16112007190,47572052652,13437712,39671092,18034.64,21.96,synthetic_demo,GOOD
2026-10-06T23:08:29.943559+00:00,Ethernet0,Ethernet,11.82,0.0,2.7,144.94,66.19,,16153373865,47662638402,13472184,39746580,25771.96,17.88,synthetic_demo,GOOD
2026-10-06T23:08:34.943559+00:00,Ethernet0,Ethernet,11.24,0.0,4.2,161.44,54.89,,16187681577,47763540566,13500773,39830665,26408.18,10.86,synthetic_demo,GOOD
2026-10-06T23:08:39.943559+00:00,Wi-Fi,Wi-Fi,124.16,1.07,27.3,9.1,5.2,66.3,16190932289,47769226713,13503481,39835403,1745.48,90.53,synthetic_demo,POOR
2026-10-06T23:08:44.943559+00:00,Wi-Fi,Wi-Fi,20.46,0.0,0.84,52.81,20.4,77.5,16203684078,47802233202,13514107,39862908,8937.16,27.15,synthetic_demo,GOOD
2026-10-06T23:08:49.943559+00:00,Wi-Fi,Wi-Fi,187.43,10.63,22.68,4.51,2.05,37.4,16204963413,47805052815,13515173,39865257,800.58,51.94,synthetic_demo,POOR
2026-10-06T23:08:54.943559+00:00,Wi-Fi,Wi-Fi,32.7,0.0,5.13,89.53,28.75,96.0,16222931970,47861007491,13530146,39911885,14438.13,21.22,synthetic_demo,GOOD
2026-10-06T23:08:59.943559+00:00,Ethernet0,Ethernet,155.66,15.43,66.11,2.33,0.16,,16223033226,47862465031,13530230,39913099,304.45,76.96,synthetic_demo,POOR
2026-10-06T23:09:04.943559+00:00,Ethernet0,Ethernet,13.67,0.0,0.29,156.58,69.68,,16266584753,47960327887,13566522,39994651,27620.0,7.5,synthetic_demo,GOOD
2026-10-06T23:09:09.943559+00:00,Wi-Fi,Wi-Fi,141.06,10.89,13.74,8.6,3.47,34.9,16268756397,47965701676,13568331,39999129,1473.72,60.45,synthetic_demo,POOR
2026-10-06T23:09:14.943559+00:00,Wi-Fi,Wi-Fi,98.15,1.59,21.47,4.33,1.61,61.1,16269764367,47968405090,13569170,40001381,724.88,93.25,synthetic_demo,POOR
2026-10-06T23:09:19.943559+00:00,Ethernet0,Ethernet,150.06,2.12,16.57,11.88,3.02,,16271653211,47975830050,13570744,40007568,1819.1,95.12,synthetic_demo,POOR
2026-10-06T23:09:24.943559+00:00,Wi-Fi,Wi-Fi,88.54,10.19,26.99,6.36,0.01,32.3,16271659461,47979803318,13570749,40010879,777.25,59.0,synthetic_demo,POOR
2026-10-06T23:09:29.943559+00:00,Ethernet0,Ethernet,84.91,2.13,8.93,13.81,4.35,,16274375341,47988434304,13573012,40018071,2216.18,94.33,synthetic_demo,MODERATE
2026-10-06T23:09:34.943559+00:00,Wi-Fi,Wi-Fi,105.24,2.42,14.23,17.7,4.91,51.5,16277445863,47999493803,13575570,40027287,2759.77,50.96,synthetic_demo,MODERATE
2026-10-06T23:09:39.943559+00:00,Ethernet0,Ethernet,13.93,0.0,1.64,145.63,44.36,,16305171303,48090511201,13598674,40103134,23191.96,5.48,synthetic_demo,GOOD
2026-10-06T23:09:44.943559+00:00,Ethernet0,Ethernet,11.14,0.0,0.52,135.68,50.85,,16336952839,48175311610,13625158,40173801,22769.91,9.09,synthetic_demo,GOOD
2026-10-06T23:09:49.943559+00:00,Wi-Fi,Wi-Fi,307.47,39.78,78.07,0.7,0.4,11.9,16337204441,48175749862,13625367,40174166,134.74,76.79,synthetic_demo,POOR
2026-10-06T23:09:54.943559+00:00,Wi-Fi,Wi-Fi,88.21,2.43,16.17,19.77,4.71,40.1,16340145895,48188104525,13627818,40184461,2987.52,53.72,synthetic_demo,MODERATE
2026-10-06T23:09:59.943559+00:00,Ethernet0,Ethernet,62.62,1.94,19.19,13.28,3.83,,16342542428,48196404344,13629815,40191377,2089.13,96.18,synthetic_demo,MODERATE
2026-10-06T23:10:04.943559+00:00,Wi-Fi,Wi-Fi,17.99,0.0,0.51,72.1,22.18,95.2,16356408008,48241464321,13641369,40228926,11508.9,14.61,synthetic_demo,GOOD
2026-10-06T23:10:09.943559+00:00,Ethernet0,Ethernet,8.96,0.0,1.02,160.24,33.34,,16377244115,48341616459,13658732,40312386,23630.52,18.55,synthetic_demo,GOOD
2026-10-06T23:10:14.943559+00:00,Ethernet0,Ethernet,9.59,0.0,2.58,146.76,47.1,,16406681424,48433343149,13683263,40388824,23664.84,8.4,synthetic_demo,GOOD
2026-10-06T23:10:19.943559+00:00,Wi-Fi,Wi-Fi,122.65,2.7,16.07,17.73,5.75,83.4,16410277254,48444426335,13686259,40398059,2867.0,85.91,synthetic_demo,MODERATE
2026-10-06T23:10:24.943559+00:00,Wi-Fi,Wi-Fi,29.93,0.0,0.21,79.63,26.94,88.2,16427116336,48494197237,13700291,40439534,13009.76,12.93,synthetic_demo,GOOD
2026-10-06T23:10:29.943559+00:00,Ethernet0,Ethernet,9.65,0.0,0.45,128.93,51.64,,16459389284,48574781320,13727185,40506687,22042.39,13.97,synthetic_demo,GOOD
2026-10-06T23:10:34.943559+00:00,Wi-Fi,Wi-Fi,23.49,0.0,0.41,79.4,31.77,95.7,16479243820,48624404668,13743730,40548039,13569.9,27.34,synthetic_demo,GOOD
2026-10-06T23:10:39.943559+00:00,Ethernet0,Ethernet,13.75,0.0,0.68,152.47,51.07,,16511159478,48719697887,13770326,40627450,24845.48,26.66,synthetic_demo,GOOD
2026-10-06T23:10:44.943559+00:00,Wi-Fi,Wi-Fi,64.15,2.82,14.08,11.05,7.02,38.2,16515547897,48726606463,13773983,40633207,2206.44,71.65,synthetic_demo,POOR
2026-10-06T23:10:49.943559+00:00,Wi-Fi,Wi-Fi,19.91,0.0,1.03,72.92,30.85,75.6,16534829748,48772183015,13790051,40671187,12667.66,27.31,synthetic_demo,GOOD
2026-10-06T23:10:54.943559+00:00,Wi-Fi,Wi-Fi,111.25,1.72,23.6,8.88,4.18,80.0,16537439920,48777732003,13792226,40675811,1593.59,97.95,synthetic_demo,MODERATE
2026-10-06T23:10:59.943559+00:00,Wi-Fi,Wi-Fi,23.23,0.0,0.11,87.57,27.43,85.6,16554582879,48832464914,13806511,40721421,14038.26,41.77,synthetic_demo,GOOD
2026-10-06T23:11:04.943559+00:00,Wi-Fi,Wi-Fi,35.53,0.0,0.1,75.05,22.38,82.2,16568567693,48879369895,13818165,40760508,11892.54,16.32,synthetic_demo,GOOD
2026-10-06T23:11:09.943559+00:00,Ethernet0,Ethernet,10.07,0.0,0.64,163.07,57.52,,16604517982,48981286999,13848123,40845438,26927.23,6.12,synthetic_demo,GOOD
2026-10-06T23:11:14.943559+00:00,Ethernet0,Ethernet,12.05,0.0,2.89,118.11,56.29,,16639697696,49055103093,13877439,40906951,21288.24,16.93,synthetic_demo,GOOD
2026-10-06T23:11:19.943559+00:00,Wi-Fi,Wi-Fi,28.52,0.03,1.18,79.87,21.15,80.1,16652915768,49105019024,13888454,40948547,12330.86,16.85,synthetic_demo,GOOD
2026-10-06T23:11:24.943559+00:00,Wi-Fi,Wi-Fi,20.62,0.0,8.15,69.65,22.85,80.7,16667199903,49148552179,13900357,40984824,11292.44,42.66,synthetic_demo,MODERATE
2026-10-06T23:11:29.943559+00:00,Wi-Fi,Wi-Fi,90.22,0.81,18.36,16.1,8.32,40.3,16672398236,49158616066,13904688,40993210,2980.9,60.15,synthetic_demo,MODERATE
2026-10-06T23:11:34.943559+00:00,Wi-Fi,Wi-Fi,27.62,0.0,7.9,84.08,22.83,75.3,16686664689,49211168040,13916576,41037003,13050.47,40.78,synthetic_demo,GOOD
2026-10-06T23:11:39.943559+00:00,Wi-Fi,Wi-Fi,65.14,3.41,14.15,6.2,3.87,82.2,16689082607,49215039991,13918590,41040229,1228.49,85.36,synthetic_demo,MODERATE
2026-10-06T23:11:44.943559+00:00,Wi-Fi,Wi-Fi,126.84,7.55,31.11,5.03,1.46,42.6,16689997696,49218181887,13919352,41042847,792.38,65.26,synthetic_demo,POOR
2026-10-06T23:11:49.943559+00:00,Wi-Fi,Wi-Fi,88.76,2.65,19.0,9.45,1.66,77.0,16691033018,49224086040,13920214,41047767,1355.37,91.88,synthetic_demo,MODERATE
2026-10-06T23:11:54.943559+00:00,Ethernet0,Ethernet,12.69,0.0,4.44,143.32,42.24,,16717431920,49313660785,13942213,41122412,22651.1,14.59,synthetic_demo,GOOD
2026-10-06T23:11:59.943559+00:00,Wi-Fi,Wi-Fi,26.74,0.0,1.99,69.13,21.5,87.8,16730871782,49356867348,13953412,41158417,11063.75,37.7,synthetic_demo,GOOD
2026-10-06T23:12:04.943559+00:00,Ethernet0,Ethernet,12.15,0.0,0.46,126.74,64.07,,16770914329,49436079812,13986780,41224427,23291.99,21.35,synthetic_demo,GOOD
2026-10-06T23:12:09.943559+00:00,Ethernet0,Ethernet,6.05,0.0,3.23,145.02,69.06,,16814075505,49526716679,14022747,41299957,26132.43,30.67,synthetic_demo,GOOD
2026-10-06T23:12:14.943559+00:00,Wi-Fi,Wi-Fi,245.47,52.57,49.5,1.68,0.88,27.8,16814623402,49527765386,14023203,41300830,311.84,89.31,synthetic_demo,POOR
2026-10-06T23:12:19.943559+00:00,Ethernet0,Ethernet,11.13,0.0,0.6,154.37,66.69,,16856303452,49624247497,14057936,41381231,26984.8,23.26,synthetic_demo,GOOD
2026-10-06T23:12:24.943559+00:00,Wi-Fi,Wi-Fi,27.12,0.0,8.33,73.54,25.1,91.5,16871989840,49670211044,14071007,41419533,12041.0,36.08,synthetic_demo,MODERATE
2026-10-06T23:12:29.943559+00:00,Wi-Fi,Wi-Fi,72.34,3.21,12.58,17.83,4.57,45.4,16874845449,49681354209,14073386,41428818,2734.14,53.3,synthetic_demo,MODERATE
2026-10-06T23:12:34.943559+00:00,Wi-Fi,Wi-Fi,108.66,1.94,23.54,6.27,6.89,62.8,16879154139,49685270299,14076976,41432081,1606.4,91.18,synthetic_demo,MODERATE
2026-10-06T23:12:39.943559+00:00,Wi-Fi,Wi-Fi,72.94,2.93,24.5,18.3,4.3,52.5,16881838664,49696707778,14079213,41441612,2758.2,56.09,synthetic_demo,MODERATE
2026-10-06T23:12:44.943559+00:00,Ethernet0,Ethernet,14.12,0.0,3.01,180.42,45.01,,16909967593,49809470464,14102653,41535580,27517.89,21.44,synthetic_demo,GOOD
2026-10-06T23:12:49.943559+00:00,Wi-Fi,Wi-Fi,30.99,0.0,1.49,68.15,31.8,96.2,16929840671,49852065817,14119213,41571076,12200.87,15.31,synthetic_demo,GOOD
2026-10-06T23:12:54.943559+00:00,Wi-Fi,Wi-Fi,47.68,2.2,18.84,22.73,10.58,50.2,16936454554,49866275020,14124724,41582917,4067.01,69.44,synthetic_demo,MODERATE
2026-10-06T23:12:59.943559+00:00,Ethernet0,Ethernet,13.18,0.0,0.66,148.89,48.07,,16966498561,49959328192,14149760,41660461,24042.42,8.83,synthetic_demo,GOOD
2026-10-06T23:13:04.943559+00:00,Wi-Fi,Wi-Fi,23.17,0.28,0.23,65.47,24.52,88.2,16981821659,50000247204,14162529,41694560,10984.79,43.76,synthetic_demo,GOOD
2026-10-06T23:13:09.943559+00:00,Ethernet0,Ethernet,11.55,0.0,3.13,138.92,42.36,,17008299530,50087070504,14184593,41766912,22129.13,7.29,synthetic_demo,GOOD
2026-10-06T23:13:14.943559+00:00,Ethernet0,Ethernet,8.04,0.0,7.02,157.13,56.48,,17043597067,50185276467,14214007,41848750,26074.9,22.16,synthetic_demo,GOOD
2026-10-06T23:13:19.943559+00:00,Wi-Fi,Wi-Fi,27.47,0.0,3.11,73.95,25.71,88.7,17059666520,50231498011,14227398,41887267,12166.21,34.15,synthetic_demo,GOOD
2026-10-06T23:13:24.943559+00:00,Ethernet0,Ethernet,14.34,0.0,1.02,144.72,43.94,,17087126508,50321945453,14250281,41962639,23028.79,30.58,synthetic_demo,GOOD
2026-10-06T23:13:29.943559+00:00,Wi-Fi,Wi-Fi,27.74,2.44,15.28,14.42,5.34,51.0,17090463137,50330960800,14253061,41970151,2412.5,41.63,synthetic_demo,MODERATE
2026-10-06T23:13:34.943559+00:00,Wi-Fi,Wi-Fi,49.15,2.11,17.1,7.34,2.08,65.9,17091762220,50335546591,14254143,41973972,1149.39,96.62,synthetic_demo,MODERATE
2026-10-06T23:13:39.943559+00:00,Wi-Fi,Wi-Fi,99.86,9.6,25.78,2.0,5.28,42.8,17095064793,50336796809,14256895,41975013,889.22,63.32,synthetic_demo,POOR
2026-10-06T23:13:44.943559+00:00,Ethernet0,Ethernet,13.96,0.0,0.87,153.19,50.91,,17126885242,50432539223,14283412,42054798,24914.62,32.23,synthetic_demo,GOOD
2026-10-06T23:13:49.943559+00:00,Ethernet0,Ethernet,5.41,0.0,4.34,132.21,48.77,,17157369528,50515172094,14308815,42123658,22093.19,10.77,synthetic_demo,GOOD
2026-10-06T23:13:54.943559+00:00,Ethernet0,Ethernet,9.53,0.0,5.01,130.77,49.48,,17188296323,50596903696,14334587,42191767,22003.59,28.56,synthetic_demo,GOOD
2026-10-06T23:13:59.943559+00:00,Wi-Fi,Wi-Fi,54.95,3.16,21.8,18.3,6.82,46.3,17192556171,50608339665,14338136,42201296,3065.59,50.41,synthetic_demo,MODERATE
2026-10-06T23:14:04.943559+00:00,Ethernet0,Ethernet,56.08,1.19,18.16,8.92,3.06,,17194465574,50613915397,14339727,42205942,1461.94,92.59,synthetic_demo,MODERATE
2026-10-06T23:14:09.943559+00:00,Ethernet0,Ethernet,16.02,0.0,0.82,180.1,49.1,,17225154665,50726480880,14365301,42299746,27979.41,34.63,synthetic_demo,GOOD
2026-10-06T23:14:14.943559+00:00,Wi-Fi,Wi-Fi,303.1,44.23,57.19,2.14,0.95,29.9,17225745499,50727820519,14365793,42300862,377.05,78.47,synthetic_demo,POOR
2026-10-06T23:14:19.943559+00:00,Ethernet0,Ethernet,10.93,0.0,0.9,126.37,52.2,,17258371306,50806800936,14392981,42366679,21798.09,30.68,synthetic_demo,GOOD
2026-10-06T23:14:24.943559+00:00,Wi-Fi,Wi-Fi,72.86,1.34,19.35,20.53,4.35,41.2,17261090388,50819633319,14395246,42377372,3037.4,71.83,synthetic_demo,MODERATE
2026-10-06T23:14:29.943559+00:00,Ethernet0,Ethernet,134.36,1.13,35.94,12.73,4.93,,17264171027,50827591954,14397813,42384004,2156.11,98.92,synthetic_demo,POOR
2026-10-06T23:14:34.943559+00:00,Wi-Fi,Wi-Fi,198.59,4.92,35.23,9.89,2.65,40.6,17265824829,50833775591,14399191,42389157,1530.75,76.95,synthetic_demo,POOR
2026-10-06T23:14:39.943559+00:00,Wi-Fi,Wi-Fi,140.25,1.95,14.15,0.87,3.87,68.2,17268243127,50834318189,14401206,42389609,578.3,94.04,synthetic_demo,POOR
2026-10-06T23:14:44.943559+00:00,Wi-Fi,Wi-Fi,148.99,11.85,25.19,7.11,2.31,32.2,17269688497,50838761026,14402410,42393311,1150.04,61.37,synthetic_demo,POOR
2026-10-06T23:14:49.943559+00:00,Wi-Fi,Wi-Fi,21.92,0.0,0.47,75.35,23.32,75.9,17284266285,50885852991,14414558,42432554,12044.87,35.18,synthetic_demo,GOOD
2026-10-06T23:14:54.943559+00:00,Wi-Fi,Wi-Fi,145.87,6.6,36.49,11.24,3.68,35.0,17286567939,50892880745,14416476,42438410,1822.15,71.15,synthetic_demo,POOR
2026-10-06T23:14:59.943559+00:00,Ethernet0,Ethernet,11.14,0.0,0.34,104.87,66.07,,17327861807,50958421681,14450887,42493027,20866.17,16.7,synthetic_demo,GOOD
2026-10-06T23:15:04.943559+00:00,Wi-Fi,Wi-Fi,177.32,4.84,42.95,3.12,0.24,26.9,17328014868,50960371019,14451014,42494651,410.62,58.26,synthetic_demo,POOR
2026-10-06T23:15:09.943559+00:00,Wi-Fi,Wi-Fi,67.23,0.56,16.11,15.16,9.42,50.7,17333902295,50969842912,14455920,42502544,2999.87,72.32,synthetic_demo,MODERATE
2026-10-06T23:15:14.943559+00:00,Wi-Fi,Wi-Fi,91.72,10.37,35.92,6.29,2.55,38.6,17335494507,50973773619,14457246,42505819,1078.7,61.81,synthetic_demo,POOR
2026-10-06T23:15:19.943559+00:00,Wi-Fi,Wi-Fi,32.16,0.0,2.97,64.16,22.27,79.9,17349414462,51013872554,14468845,42539234,10550.56,28.62,synthetic_demo,GOOD
2026-10-06T23:15:24.943559+00:00,Wi-Fi,Wi-Fi,84.63,1.03,7.98,23.46,7.18,44.3,17353900906,51028535017,14472583,42551452,3740.02,46.33,synthetic_demo,MODERATE
2026-10-06T23:15:29.943559+00:00,Wi-Fi,Wi-Fi,86.15,2.44,9.93,14.4,6.79,40.2,17358144211,51037537631,14476119,42558954,2587.09,51.4,synthetic_demo,MODERATE
2026-10-06T23:15:34.943559+00:00,Wi-Fi,Wi-Fi,120.75,3.54,37.1,12.15,6.72,69.6,17362345073,51045129140,14479619,42565280,2303.2,89.76,synthetic_demo,POOR
2026-10-06T23:15:39.943559+00:00,Ethernet0,Ethernet,9.07,0.0,1.34,134.36,45.39,,17390716535,51129101896,14503261,42635257,21942.23,16.06,synthetic_demo,GOOD
2026-10-06T23:15:44.943559+00:00,Ethernet0,Ethernet,16.53,0.0,0.1,126.12,42.73,,17417423168,51207928115,14525516,42700945,20611.89,20.07,synthetic_demo,GOOD
2026-10-06T23:15:49.943559+00:00,Ethernet0,Ethernet,10.48,0.0,1.96,160.67,35.45,,17439582159,51308348445,14543981,42784628,23941.27,31.52,synthetic_demo,GOOD
2026-10-06T23:15:54.943559+00:00,Ethernet0,Ethernet,12.61,0.0,0.33,153.27,63.23,,17479102327,51404143308,14576914,42864457,26428.72,32.83,synthetic_demo,GOOD
2026-10-06T23:15:59.943559+00:00,Wi-Fi,Wi-Fi,160.73,9.35,31.39,6.55,2.59,32.7,17480723900,51408240083,14578265,42867870,1116.86,50.05,synthetic_demo,POOR
2026-10-06T23:16:04.943559+00:00,Ethernet0,Ethernet,6.81,0.0,2.09,134.39,62.44,,17519749540,51492231479,14610786,42937862,24026.76,20.67,synthetic_demo,GOOD
2026-10-06T23:16:09.943559+00:00,Wi-Fi,Wi-Fi,242.0,20.57,50.36,0.29,0.77,10.2,17520229367,51492414040,14611185,42938014,129.37,98.77,synthetic_demo,POOR
2026-10-06T23:16:14.943559+00:00,Wi-Fi,Wi-Fi,26.84,0.23,1.29,75.17,22.95,81.0,17534572262,51539398274,14623137,42977167,11977.95,40.01,synthetic_demo,GOOD
2026-10-06T23:16:19.943559+00:00,Ethernet0,Ethernet,14.54,0.0,0.1,182.13,38.6,,17558694475,51653226528,14643238,43072023,26943.45,12.63,synthetic_demo,GOOD
2026-10-06T23:16:24.943559+00:00,Wi-Fi,Wi-Fi,113.72,3.12,17.64,5.49,1.35,62.2,17559535559,51656655892,14643938,43074880,834.07,87.83,synthetic_demo,MODERATE
2026-10-06T23:16:29.943559+00:00,Wi-Fi,Wi-Fi,193.15,3.66,9.86,12.66,2.94,73.2,17561372987,51664569353,14645469,43081474,1904.47,92.23,synthetic_demo,POOR
2026-10-06T23:16:34.943559+00:00,Wi-Fi,Wi-Fi,23.61,0.27,1.27,80.3,29.69,79.0,17579927193,51714754095,14660930,43123294,13425.58,24.46,synthetic_demo,GOOD
2026-10-06T23:16:39.943559+00:00,Wi-Fi,Wi-Fi,44.41,1.95,17.22,17.77,8.69,43.6,17585360534,51725860615,14665457,43132549,3230.44,55.88,synthetic_demo,MODERATE
2026-10-06T23:16:44.943559+00:00,Ethernet0,Ethernet,121.19,3.51,16.96,9.5,5.41,,17588744745,51731797846,14668277,43137496,1820.59,89.51,synthetic_demo,MODERATE
2026-10-06T23:16:49.943559+00:00,Ethernet0,Ethernet,11.98,0.0,1.85,156.69,64.57,,17629103317,51829726629,14701909,43219103,27009.25,17.07,synthetic_demo,GOOD
2026-10-06T23:16:54.943559+00:00,Ethernet0,Ethernet,313.94,30.52,65.8,1.71,0.29,,17629287634,51830794052,14702062,43219992,244.48,77.35,synthetic_demo,POOR
2026-10-06T23:16:59.943559+00:00,Ethernet0,Ethernet,339.17,27.12,58.47,1.54,0.47,,17629582469,51831754637,14702307,43220792,245.2,87.91,synthetic_demo,POOR
2026-10-06T23:17:04.943559+00:00,Wi-Fi,Wi-Fi,136.41,1.73,26.34,16.11,2.09,77.4,17630890640,51841823518,14703397,43229182,2222.08,94.86,synthetic_demo,POOR
2026-10-06T23:17:09.943559+00:00,Ethernet0,Ethernet,9.66,0.0,0.44,181.97,54.79,,17665134406,51955556612,14731933,43323959,28901.73,7.8,synthetic_demo,GOOD
2026-10-06T23:17:14.943559+00:00,Ethernet0,Ethernet,84.39,3.31,29.81,10.82,2.78,,17666870046,51962321623,14733379,43329596,1660.28,94.43,synthetic_demo,POOR
2026-10-06T23:17:19.943559+00:00,Ethernet0,Ethernet,14.03,0.17,0.28,129.72,57.26,,17702659247,52043397821,14763203,43397159,22825.27,7.05,synthetic_demo,GOOD
2026-10-06T23:17:24.943559+00:00,Ethernet0,Ethernet,8.8,0.0,0.41,148.57,58.15,,17739000093,52136251491,14793487,43474537,25233.3,13.55,synthetic_demo,GOOD
2026-10-06T23:17:29.943559+00:00,Wi-Fi,Wi-Fi,15.49,0.0,5.07,63.02,15.94,87.5,17748961671,52175640811,14801788,43507361,9638.85,23.03,synthetic_demo,GOOD
2026-10-06T23:17:34.943559+00:00,Wi-Fi,Wi-Fi,15.13,0.0,10.17,57.84,26.62,82.0,17765601365,52211791433,14815654,43537486,10310.61,11.08,synthetic_demo,MODERATE
2026-10-06T23:17:39.943559+00:00,Wi-Fi,Wi-Fi,135.24,5.74,15.89,3.24,1.85,31.8,17766758753,52213816623,14816618,43539173,621.6,54.29,synthetic_demo,POOR
2026-10-06T23:17:44.943559+00:00,Wi-Fi,Wi-Fi,83.4,3.48,29.55,8.01,2.12,66.0,17768085075,52218822228,14817723,43543344,1236.7,90.17,synthetic_demo,POOR
2026-10-06T23:17:49.943559+00:00,Ethernet0,Ethernet,167.79,1.98,19.61,10.99,3.76,,17770435823,52225687953,14819681,43549065,1800.09,93.75,synthetic_demo,POOR
2026-10-06T23:17:54.943559+00:00,Wi-Fi,Wi-Fi,30.06,0.0,6.18,57.8,39.0,96.3,17794810273,52261814946,14839993,43579170,11816.69,35.19,synthetic_demo,GOOD
2026-10-06T23:17:59.943559+00:00,Wi-Fi,Wi-Fi,27.67,0.0,2.43,81.85,20.34,90.6,17807524028,52312973910,14850587,43621802,12475.14,13.8,synthetic_demo,GOOD
2026-10-06T23:18:04.943559+00:00,Wi-Fi,Wi-Fi,35.09,0.0,4.16,53.23,30.18,78.7,17826388423,52346240927,14866307,43649524,10181.92,24.33,synthetic_demo,GOOD
2026-10-06T23:18:09.943559+00:00,Ethernet0,Ethernet,172.94,42.6,77.92,2.05,0.07,,17826435279,52347524049,14866346,43650593,259.76,83.52,synthetic_demo,POOR
2026-10-06T23:18:14.943559+00:00,Ethernet0,Ethernet,12.7,0.0,1.09,181.6,41.02,,17852073141,52461021635,14887710,43745174,27174.89,9.79,synthetic_demo,GOOD
2026-10-06T23:18:19.943559+00:00,Wi-Fi,Wi-Fi,134.31,7.37,30.47,7.25,2.52,41.3,17853650784,52465554127,14889024,43748951,1193.39,71.96,synthetic_demo,POOR
2026-10-06T23:18:24.943559+00:00,Wi-Fi,Wi-Fi,118.41,0.5,18.91,23.0,7.86,53.2,17858561215,52479928478,14893116,43760929,3766.56,58.34,synthetic_demo,MODERATE
2026-10-06T23:18:29.943559+00:00,Wi-Fi,Wi-Fi,25.11,0.0,16.98,59.38,19.03,79.2,17870453532,52517041339,14903026,43791856,9571.32,41.36,synthetic_demo,MODERATE
2026-10-06T23:18:34.943559+00:00,Ethernet0,Ethernet,130.95,1.13,25.22,19.68,4.07,,17872998515,52529343516,14905146,43802107,2899.84,92.6,synthetic_demo,POOR
2026-10-06T23:18:39.943559+00:00,Wi-Fi,Wi-Fi,30.1,0.0,5.66,83.02,22.46,76.0,17887035186,52581231365,14916843,43845346,12875.88,22.75,synthetic_demo,GOOD
2026-10-06T23:18:44.943559+00:00,Wi-Fi,Wi-Fi,108.83,7.35,37.54,9.31,3.95,26.1,17889501228,52587050856,14918898,43850195,1618.27,56.31,synthetic_demo,POOR
2026-10-06T23:18:49.943559+00:00,Wi-Fi,Wi-Fi,106.67,9.2,44.35,7.91,3.56,38.7,17891725218,52591995454,14920751,43854315,1400.11,83.72,synthetic_demo,POOR
2026-10-06T23:18:54.943559+00:00,Wi-Fi,Wi-Fi,21.6,0.0,2.41,76.66,17.87,83.0,17902892518,52639909545,14930057,43894243,11539.33,28.41,synthetic_demo,GOOD
2026-10-06T23:18:59.943559+00:00,Wi-Fi,Wi-Fi,15.74,0.0,1.17,87.28,31.35,84.7,17922488910,52694458439,14946387,43939700,14481.5,41.62,synthetic_demo,GOOD
2026-10-06T23:19:04.943559+00:00,Wi-Fi,Wi-Fi,81.55,1.95,13.48,34.46,6.93,40.4,17926822990,52715997348,14949998,43957649,5053.32,45.09,synthetic_demo,MODERATE
2026-10-06T23:19:09.943559+00:00,Wi-Fi,Wi-Fi,192.24,9.05,22.78,5.93,2.35,41.5,17928291582,52719701039,14951221,43960735,1010.21,52.66,synthetic_demo,POOR
2026-10-06T23:19:14.943559+00:00,Ethernet0,Ethernet,5.82,0.0,2.59,123.37,59.41,,17965423247,52796804195,14982164,44024987,22311.49,30.36,synthetic_demo,GOOD
2026-10-06T23:19:19.943559+00:00,Wi-Fi,Wi-Fi,55.25,3.43,0.1,17.08,6.97,37.8,17969776637,52807481457,14985791,44033884,2935.67,51.4,synthetic_demo,POOR
2026-10-06T23:19:24.943559+00:00,Wi-Fi,Wi-Fi,87.2,3.11,14.28,34.81,6.98,35.1,17974140843,52829234745,14989427,44052011,5101.07,47.54,synthetic_demo,POOR
2026-10-06T23:19:29.943559+00:00,Wi-Fi,Wi-Fi,92.01,3.43,25.02,7.05,4.98,63.9,17977255437,52833640638,14992022,44055682,1468.85,93.79,synthetic_demo,POOR
2026-10-06T23:19:34.943559+00:00,Ethernet0,Ethernet,12.72,0.0,1.33,160.6,56.48,,18012555924,52934017528,15021439,44139329,26499.49,17.7,synthetic_demo,GOOD
2026-10-06T23:19:39.943559+00:00,Ethernet0,Ethernet,152.3,1.96,21.43,10.53,4.28,,18015229733,52940601021,15023667,44144815,1808.07,86.18,synthetic_demo,POOR
2026-10-06T23:19:44.943559+00:00,Wi-Fi,Wi-Fi,157.12,11.14,22.96,3.55,2.65,35.9,18016885736,52942821419,15025047,44146665,757.11,67.2,synthetic_demo,POOR
2026-10-06T23:19:49.943559+00:00,Ethernet0,Ethernet,7.73,0.0,0.57,138.28,55.09,,18051317268,53029247034,15053739,44218686,23604.91,28.48,synthetic_demo,GOOD
2026-10-06T23:19:54.943559+00:00,Ethernet0,Ethernet,15.14,0.0,1.65,172.47,65.79,,18092436228,53137040342,15088004,44308513,29084.43,7.29,synthetic_demo,GOOD
2026-10-06T23:19:59.943559+00:00,Ethernet0,Ethernet,265.32,58.81,48.52,1.88,0.36,,18092662440,53138214934,15088192,44309491,273.59,84.8,synthetic_demo,POOR
2026-10-06T23:20:04.943559+00:00,Ethernet0,Ethernet,18.1,0.0,4.67,147.06,52.64,,18125564702,53230126833,15115610,44386084,24377.77,11.97,synthetic_demo,GOOD
2026-10-06T23:20:09.943559+00:00,Wi-Fi,Wi-Fi,116.87,6.86,14.14,10.26,0.52,40.3,18125888544,53236541543,15115879,44391429,1316.12,75.74,synthetic_demo,POOR
2026-10-06T23:20:14.943559+00:00,Wi-Fi,Wi-Fi,37.26,0.1,3.05,90.58,40.48,94.2,18151190384,53293151122,15136963,44438603,15998.32,28.82,synthetic_demo,GOOD
2026-10-06T23:20:19.943559+00:00,Ethernet0,Ethernet,12.07,0.0,3.53,152.6,34.96,,18173039455,53388527739,15155170,44518083,22895.64,30.27,synthetic_demo,GOOD
2026-10-06T23:20:24.943559+00:00,Wi-Fi,Wi-Fi,141.62,5.87,29.5,7.33,3.22,28.9,18175052683,53393110038,15156847,44521901,1288.19,66.57,synthetic_demo,POOR
2026-10-06T23:20:29.943559+00:00,Wi-Fi,Wi-Fi,30.28,0.0,6.89,96.54,30.22,76.4,18193941389,53453448375,15172587,44572182,15474.03,42.27,synthetic_demo,GOOD
2026-10-06T23:20:34.943559+00:00,Wi-Fi,Wi-Fi,143.58,1.03,22.0,18.78,6.29,39.8,18197870391,53465188771,15175861,44581965,3060.43,66.59,synthetic_demo,POOR
2026-10-06T23:20:39.943559+00:00,Wi-Fi,Wi-Fi,17.56,0.0,5.81,79.37,28.86,91.7,18215909584,53514793950,15190893,44623302,13211.79,29.22,synthetic_demo,GOOD
2026-10-06T23:20:44.943559+00:00,Wi-Fi,Wi-Fi,106.2,3.22,8.91,7.62,4.45,42.8,18218688616,53519555617,15193208,44627270,1472.79,55.24,synthetic_demo,MODERATE
2026-10-06T23:20:49.943559+00:00,Ethernet0,Ethernet,11.99,0.0,1.33,134.04,62.94,,18258024573,53603332840,15225987,44697084,24045.54,31.35,synthetic_demo,GOOD
2026-10-06T23:20:54.943559+00:00,Wi-Fi,Wi-Fi,17.15,0.0,2.63,60.02,31.26,78.4,18277564851,53640848447,15242270,44728347,11143.73,15.02,synthetic_demo,GOOD
2026-10-06T23:20:59.943559+00:00,Wi-Fi,Wi-Fi,332.76,52.26,60.67,2.0,0.89,29.3,18278120148,53642098258,15242732,44729388,352.56,83.17,synthetic_demo,POOR
2026-10-06T23:21:04.943559+00:00,Wi-Fi,Wi-Fi,26.03,0.0,7.09,67.69,31.05,75.3,18297525736,53684407437,15258903,44764645,12053.67,21.62,synthetic_demo,GOOD
2026-10-06T23:21:09.943559+00:00,Wi-Fi,Wi-Fi,55.69,2.46,18.38,14.24,1.85,63.0,18298679429,53693306807,15259864,44772061,1963.49,92.15,synthetic_demo,MODERATE
2026-10-06T23:21:14.943559+00:00,Wi-Fi,Wi-Fi,25.67,0.23,0.1,76.82,20.22,88.6,18311317696,53741320897,15270395,44812072,11846.16,11.01,synthetic_demo,GOOD
2026-10-06T23:21:19.943559+00:00,Ethernet0,Ethernet,125.12,1.37,27.37,18.83,5.38,,18314677108,53753089769,15273194,44821879,2954.74,85.52,synthetic_demo,POOR
2026-10-06T23:21:24.943559+00:00,Ethernet0,Ethernet,12.73,0.0,1.51,156.27,60.13,,18352255631,53850756808,15304509,44903268,26415.15,24.87,synthetic_demo,GOOD
2026-10-06T23:21:29.943559+00:00,Wi-Fi,Wi-Fi,269.52,31.92,57.36,1.79,0.99,23.8,18352877016,53851878650,15305026,44904202,340.47,71.03,synthetic_demo,POOR
2026-10-06T23:21:34.943559+00:00,Wi-Fi,Wi-Fi,25.34,0.0,1.0,47.06,22.33,81.2,18366830852,53881289303,15316654,44928710,8469.63,25.1,synthetic_demo,GOOD
2026-10-06T23:21:39.943559+00:00,Ethernet0,Ethernet,15.74,0.0,0.53,122.82,56.46,,18402118635,53958049287,15346060,44992676,21884.33,25.11,synthetic_demo,GOOD
2026-10-06T23:21:44.943559+00:00,Ethernet0,Ethernet,9.23,0.0,0.1,151.4,61.75,,18440711120,54052672886,15378220,45071528,26018.77,23.64,synthetic_demo,GOOD
2026-10-06T23:21:49.943559+00:00,Ethernet0,Ethernet,11.65,0.0,0.44,132.87,63.71,,18480530487,54135716611,15411402,45140731,23996.7,27.31,synthetic_demo,GOOD
2026-10-06T23:21:54.943559+00:00,Wi-Fi,Wi-Fi,75.36,2.27,3.21,25.67,6.11,40.1,18484349733,54151762387,15414584,45154102,3879.89,48.05,synthetic_demo,MODERATE
2026-10-06T23:21:59.943559+00:00,Wi-Fi,Wi-Fi,27.18,0.0,2.22,90.05,31.33,76.6,18503929492,54208043449,15430900,45201002,14816.57,22.67,synthetic_demo,GOOD
2026-10-06T23:22:04.943559+00:00,Wi-Fi,Wi-Fi,107.67,7.87,27.12,10.12,0.91,44.3,18504500559,54214367903,15431375,45206272,1346.78,62.71,synthetic_demo,POOR
2026-10-06T23:22:09.943559+00:00,Wi-Fi,Wi-Fi,27.28,0.0,0.12,77.54,10.29,82.6,18510931415,54262833060,15436734,45246659,10721.88,43.52,synthetic_demo,GOOD
2026-10-06T23:22:14.943559+00:00,Ethernet0,Ethernet,10.24,0.0,1.63,160.13,42.71,,18537625066,54362916652,15458978,45330061,24761.18,26.81,synthetic_demo,GOOD
2026-10-06T23:22:19.943559+00:00,Wi-Fi,Wi-Fi,90.14,1.0,14.33,16.93,5.81,50.9,18541255805,54373494992,15462003,45338876,2775.21,61.76,synthetic_demo,MODERATE
2026-10-06T23:22:24.943559+00:00,Wi-Fi,Wi-Fi,104.76,1.69,13.28,14.27,3.45,72.9,18543414329,54382413975,15463801,45346308,2163.58,95.21,synthetic_demo,MODERATE
2026-10-06T23:22:29.943559+00:00,Ethernet0,Ethernet,11.74,0.0,0.31,142.96,53.58,,18576904245,54471762272,15491709,45420764,23991.84,7.49,synthetic_demo,GOOD
2026-10-06T23:22:34.943559+00:00,Ethernet0,Ethernet,11.7,0.0,5.38,149.5,54.13,,18610733253,54565201893,15519899,45498630,24857.15,9.88,synthetic_demo,GOOD
2026-10-06T23:22:39.943559+00:00,Ethernet0,Ethernet,12.55,0.0,1.4,146.63,57.73,,18646813465,54656843255,15549965,45574997,24945.62,24.85,synthetic_demo,GOOD
2026-10-06T23:22:44.943559+00:00,Ethernet0,Ethernet,135.72,2.92,10.94,12.82,3.73,,18649142166,54664853639,15551905,45581672,2019.35,89.13,synthetic_demo,MODERATE
2026-10-06T23:22:49.943559+00:00,Ethernet0,Ethernet,160.33,2.95,13.25,14.92,5.7,,18652705934,54674177193,15554874,45589441,2517.06,89.97,synthetic_demo,POOR
2026-10-06T23:22:54.943559+00:00,Wi-Fi,Wi-Fi,28.04,0.0,5.71,59.23,20.11,95.5,18665275451,54711193934,15565348,45620288,9684.82,43.85,synthetic_demo,GOOD
2026-10-06T23:22:59.943559+00:00,Wi-Fi,Wi-Fi,133.19,8.61,24.28,5.3,1.23,31.3,18666043327,54714508687,15565987,45623050,797.39,68.76,synthetic_demo,POOR
2026-10-06T23:23:04.943559+00:00,Wi-Fi,Wi-Fi,179.42,5.53,42.05,7.7,2.99,42.8,18667914836,54719322431,15567546,45627061,1305.71,65.73,synthetic_demo,POOR
2026-10-06T23:23:09.943559+00:00,Wi-Fi,Wi-Fi,34.23,3.3,9.72,20.21,6.37,50.9,18671895853,54731951824,15570863,45637585,3244.22,61.33,synthetic_demo,MODERATE
2026-10-06T23:23:14.943559+00:00,Wi-Fi,Wi-Fi,122.75,11.77,25.55,4.13,1.72,39.2,18672972753,54734532123,15571760,45639735,714.3,75.69,synthetic_demo,POOR
2026-10-06T23:23:19.943559+00:00,Ethernet0,Ethernet,9.51,0.0,0.1,128.85,43.42,,18700110887,54815066479,15594375,45706846,21029.78,30.61,synthetic_demo,GOOD
2026-10-06T23:23:24.943559+00:00,Ethernet0,Ethernet,14.6,0.0,1.62,153.79,29.65,,18718639140,54911187071,15609815,45786946,22392.35,18.34,synthetic_demo,GOOD
2026-10-06T23:23:29.943559+00:00,Wi-Fi,Wi-Fi,29.67,0.0,5.36,68.51,25.31,86.7,18734459239,54954008309,15622998,45822630,11453.39,28.31,synthetic_demo,GOOD
2026-10-06T23:23:34.943559+00:00,Ethernet0,Ethernet,12.85,0.0,1.9,152.87,41.87,,18760627213,55049553181,15644804,45902250,23772.04,22.12,synthetic_demo,GOOD
2026-10-06T23:23:39.943559+00:00,Wi-Fi,Wi-Fi,76.09,0.91,19.31,12.9,6.3,39.1,18764566233,55057617865,15648086,45908970,2344.47,41.09,synthetic_demo,MODERATE
2026-10-06T23:23:44.943559+00:00,Ethernet0,Ethernet,236.86,56.98,42.22,1.83,0.12,,18764643446,55058760007,15648150,45909921,238.16,76.73,synthetic_demo,POOR
2026-10-06T23:23:49.943559+00:00,Ethernet0,Ethernet,13.76,0.16,1.24,156.2,55.74,,18799478802,55156383256,15677179,45991273,25870.82,27.43,synthetic_demo,GOOD
2026-10-06T23:23:54.943559+00:00,Ethernet0,Ethernet,12.14,0.0,0.66,192.29,59.96,,18836954568,55276565758,15708408,46091425,30792.63,14.65,synthetic_demo,GOOD
2026-10-06T23:23:59.943559+00:00,Wi-Fi,Wi-Fi,17.47,0.0,1.41,81.02,26.75,85.5,18853672223,55327205182,15722339,46133624,13155.68,32.5,synthetic_demo,GOOD
2026-10-06T23:24:04.943559+00:00,Wi-Fi,Wi-Fi,250.05,55.7,76.6,2.01,0.29,20.6,18853855758,55328459343,15722491,46134669,280.8,98.81,synthetic_demo,POOR
2026-10-06T23:24:09.943559+00:00,Wi-Fi,Wi-Fi,26.76,0.27,9.83,86.5,22.89,96.5,18868159106,55382520700,15734410,46179720,13352.48,36.15,synthetic_demo,MODERATE
2026-10-06T23:24:14.943559+00:00,Wi-Fi,Wi-Fi,60.75,0.61,9.23,19.68,6.53,47.7,18872240716,55394820030,15737811,46189969,3199.4,52.34,synthetic_demo,MODERATE
2026-10-06T23:24:19.943559+00:00,Ethernet0,Ethernet,12.3,0.0,3.66,145.95,57.67,,18908284857,55486036864,15767847,46265983,24855.66,27.38,synthetic_demo,GOOD
2026-10-06T23:24:24.943559+00:00,Ethernet0,Ethernet,13.34,0.0,0.84,155.48,57.3,,18944096307,55583211912,15797689,46346962,25973.93,16.95,synthetic_demo,GOOD
2026-10-06T23:24:29.943559+00:00,Wi-Fi,Wi-Fi,258.85,27.4,27.93,0.63,0.55,13.4,18944440696,55583606265,15797975,46347290,144.29,94.01,synthetic_demo,POOR
2026-10-06T23:24:34.943559+00:00,Wi-Fi,Wi-Fi,183.97,29.61,58.52,1.08,0.82,25.4,18944951822,55584283899,15798400,46347854,232.18,76.69,synthetic_demo,POOR
2026-10-06T23:24:39.943559+00:00,Ethernet0,Ethernet,8.55,0.0,4.56,162.5,67.81,,18987335570,55685847780,15833719,46432490,28114.77,29.04,synthetic_demo,GOOD
2026-10-06T23:24:44.943559+00:00,Ethernet0,Ethernet,268.33,46.49,56.57,1.63,0.86,,18987871073,55686864734,15834165,46433337,303.21,90.1,synthetic_demo,POOR
2026-10-06T23:24:49.943559+00:00,Wi-Fi,Wi-Fi,84.97,2.7,11.84,10.16,6.04,44.1,18991645207,55693217234,15837310,46438630,1977.86,74.9,synthetic_demo,MODERATE
2026-10-06T23:24:54.943559+00:00,Wi-Fi,Wi-Fi,93.66,9.08,25.56,9.33,2.39,38.9,18993139077,55699050631,15838554,46443491,1431.11,60.31,synthetic_demo,POOR
2026-10-06T23:24:59.943559+00:00,Wi-Fi,Wi-Fi,30.62,0.0,3.02,86.86,25.85,95.7,19009294069,55753335152,15852016,46488728,13757.72,43.98,synthetic_demo,GOOD
2026-10-06T23:25:04.943559+00:00,Wi-Fi,Wi-Fi,64.51,1.78,18.81,14.63,9.32,41.3,19015118343,55762477300,15856869,46496346,2923.13,66.66,synthetic_demo,MODERATE
2026-10-06T23:25:09.943559+00:00,Wi-Fi,Wi-Fi,22.11,0.0,0.75,107.03,22.85,97.8,19029400900,55829368693,15868771,46552088,15854.29,10.03,synthetic_demo,GOOD
2026-10-06T23:25:14.943559+00:00,Wi-Fi,Wi-Fi,69.26,1.53,15.68,17.31,2.25,70.1,19030806997,55840188620,15869942,46561104,2387.9,86.44,synthetic_demo,MODERATE
2026-10-06T23:25:19.943559+00:00,Ethernet0,Ethernet,11.65,0.0,0.15,156.43,64.02,,19070820633,55937956908,15903286,46642577,26910.53,26.72,synthetic_demo,GOOD
2026-10-06T23:25:24.943559+00:00,Ethernet0,Ethernet,7.4,0.0,1.11,124.7,20.32,,19083518330,56015895797,15913867,46707526,17702.46,27.22,synthetic_demo,GOOD
2026-10-06T23:25:29.943559+00:00,Wi-Fi,Wi-Fi,31.75,0.0,4.17,80.18,19.96,76.8,19095993809,56066009145,15924263,46749287,12224.38,34.31,synthetic_demo,GOOD
2026-10-06T23:25:34.943559+00:00,Wi-Fi,Wi-Fi,62.89,1.09,30.63,15.22,4.11,74.9,19098560251,56075518968,15926401,46757211,2358.65,98.6,synthetic_demo,POOR
2026-10-06T23:25:39.943559+00:00,Ethernet0,Ethernet,12.51,0.0,1.12,128.42,51.69,,19130866447,56155781162,15953322,46824096,21986.01,23.35,synthetic_demo,GOOD
2026-10-06T23:25:44.943559+00:00,Ethernet0,Ethernet,84.99,3.13,26.9,16.64,3.32,,19132938357,56166178049,15955048,46832760,2435.31,95.87,synthetic_demo,POOR
2026-10-06T23:25:49.943559+00:00,Ethernet0,Ethernet,172.25,18.55,26.07,0.64,0.53,,19133269932,56166578639,15955324,46833093,143.0,88.18,synthetic_demo,POOR
2026-10-06T23:25:54.943559+00:00,Ethernet0,Ethernet,12.91,0.16,2.57,120.68,68.89,,19176328102,56242001899,15991205,46895945,23140.9,15.04,synthetic_demo,GOOD
2026-10-06T23:25:59.943559+00:00,Ethernet0,Ethernet,134.57,2.09,27.53,9.47,6.11,,19180146444,56247919880,15994386,46900876,1901.63,97.58,synthetic_demo,POOR
2026-10-06T23:26:04.943559+00:00,Wi-Fi,Wi-Fi,22.22,0.0,1.15,62.02,23.63,94.7,19194918165,56286685444,16006695,46933180,10456.5,28.31,synthetic_demo,GOOD
2026-10-06T23:26:09.943559+00:00,Wi-Fi,Wi-Fi,39.45,7.22,26.63,1.55,3.68,27.4,19197216893,56287653308,16008610,46933986,638.01,57.76,synthetic_demo,POOR
2026-10-06T23:26:14.943559+00:00,Ethernet0,Ethernet,12.27,0.0,0.67,175.7,45.26,,19225505125,56397464767,16032183,47025495,26972.6,14.72,synthetic_demo,GOOD
2026-10-06T23:26:19.943559+00:00,Ethernet0,Ethernet,70.46,3.01,26.27,3.63,6.78,,19229741008,56399735637,16035712,47027387,1270.85,96.34,synthetic_demo,POOR
2026-10-06T23:26:24.943559+00:00,Wi-Fi,Wi-Fi,151.55,8.71,28.83,8.86,2.28,41.4,19231164586,56405274570,16036898,47032002,1359.87,71.05,synthetic_demo,POOR
2026-10-06T23:26:29.943559+00:00,Ethernet0,Ethernet,317.93,17.79,22.1,0.32,0.84,,19231688307,56405471856,16037334,47032166,140.82,71.79,synthetic_demo,POOR
2026-10-06T23:26:34.943559+00:00,Wi-Fi,Wi-Fi,128.88,2.67,10.6,12.13,6.3,72.7,19235627961,56413053945,16040617,47038484,2250.34,95.15,synthetic_demo,MODERATE
2026-10-06T23:26:39.943559+00:00,Wi-Fi,Wi-Fi,37.36,0.0,1.54,74.53,23.23,86.6,19250147364,56459635121,16052716,47077301,11933.71,38.15,synthetic_demo,GOOD
2026-10-06T23:26:44.943559+00:00,Wi-Fi,Wi-Fi,76.71,2.15,19.32,13.82,7.85,47.2,19255053561,56468274048,16056804,47084500,2645.53,45.95,synthetic_demo,MODERATE
2026-10-06T23:26:49.943559+00:00,Wi-Fi,Wi-Fi,103.01,11.29,41.08,9.27,1.33,33.9,19255885375,56474068256,16057497,47089328,1294.14,73.07,synthetic_demo,POOR
2026-10-06T23:26:54.943559+00:00,Wi-Fi,Wi-Fi,91.08,1.82,19.83,26.54,6.51,49.4,19259955405,56490656722,16060888,47103151,4034.86,62.95,synthetic_demo,MODERATE
2026-10-06T23:26:59.943559+00:00,Ethernet0,Ethernet,11.12,0.0,0.47,119.57,42.62,,19286590248,56565390976,16083083,47165429,19798.65,11.83,synthetic_demo,GOOD
2026-10-06T23:27:04.943559+00:00,Ethernet0,Ethernet,286.59,25.17,84.51,2.3,0.23,,19286735012,56566830590,16083203,47166628,309.45,93.85,synthetic_demo,POOR
2026-10-06T23:27:09.943559+00:00,Ethernet0,Ethernet,74.7,1.57,26.4,7.42,5.35,,19290078562,56571466646,16085989,47170491,1558.52,96.41,synthetic_demo,POOR
2026-10-06T23:27:14.943559+00:00,Wi-Fi,Wi-Fi,125.88,1.68,21.84,15.79,5.23,65.5,19293348163,56581333024,16088713,47178712,2565.62,92.01,synthetic_demo,MODERATE
2026-10-06T23:27:19.943559+00:00,Ethernet0,Ethernet,15.02,0.0,0.97,136.67,42.96,,19320200435,56666754731,16111089,47249896,21928.51,27.61,synthetic_demo,GOOD
2026-10-06T23:27:24.943559+00:00,Ethernet0,Ethernet,132.27,3.46,18.9,17.47,3.94,,19322663024,56677673882,16113141,47258995,2613.62,93.94,synthetic_demo,MODERATE
2026-10-06T23:27:29.943559+00:00,Wi-Fi,Wi-Fi,25.8,0.0,11.8,90.32,29.11,76.5,19340857843,56734125051,16128303,47306037,14579.29,36.72,synthetic_demo,MODERATE
2026-10-06T23:27:34.943559+00:00,Ethernet0,Ethernet,73.66,2.37,29.0,11.71,2.51,,19342428598,56741444319,16129611,47312136,1736.33,88.41,synthetic_demo,POOR
2026-10-06T23:27:39.943559+00:00,Ethernet0,Ethernet,9.49,0.0,0.12,141.02,50.6,,19374053038,56829583604,16155964,47385585,23391.35,16.9,synthetic_demo,GOOD
2026-10-06T23:27:44.943559+00:00,Ethernet0,Ethernet,134.82,2.76,20.58,11.78,3.37,,19376158363,56836946738,16157718,47391720,1849.31,86.14,synthetic_demo,MODERATE
2026-10-06T23:27:49.943559+00:00,Wi-Fi,Wi-Fi,244.5,33.28,37.24,2.34,0.56,23.9,19376507114,56838410353,16158008,47392939,353.98,96.89,synthetic_demo,POOR
2026-10-06T23:27:54.943559+00:00,Ethernet0,Ethernet,17.14,0.0,0.39,109.59,51.42,,19408645821,56906902934,16184790,47450016,19654.55,17.7,synthetic_demo,GOOD
2026-10-06T23:27:59.943559+00:00,Ethernet0,Ethernet,247.17,19.45,36.9,0.86,0.55,,19408990289,56907443178,16185077,47450466,172.8,98.4,synthetic_demo,POOR
2026-10-06T23:28:04.943559+00:00,Wi-Fi,Wi-Fi,21.8,0.0,0.47,72.6,27.91,76.6,19426436185,56952818638,16199615,47488278,12269.8,26.27,synthetic_demo,GOOD
2026-10-06T23:28:09.943559+00:00,Wi-Fi,Wi-Fi,88.37,9.07,28.82,5.84,1.31,34.5,19427256588,56956471704,16200298,47491322,873.72,63.6,synthetic_demo,POOR
2026-10-06T23:28:14.943559+00:00,Wi-Fi,Wi-Fi,142.95,1.06,27.73,10.82,2.77,74.8,19428987051,56963236468,16201740,47496959,1659.22,97.49,synthetic_demo,POOR
2026-10-06T23:28:19.943559+00:00,Wi-Fi,Wi-Fi,83.82,2.6,12.86,6.92,8.37,53.6,19434217137,56967562386,16206098,47500563,1866.41,72.54,synthetic_demo,MODERATE
2026-10-06T23:28:24.943559+00:00,Wi-Fi,Wi-Fi,112.65,3.58,2.59,20.28,3.28,83.4,19436268297,56980238018,16207807,47511126,2876.33,88.37,synthetic_demo,MODERATE
2026-10-06T23:28:29.943559+00:00,Wi-Fi,Wi-Fi,220.37,6.56,47.86,8.87,3.94,28.5,19438733037,56985780401,16209860,47515744,1563.89,79.84,synthetic_demo,POOR
2026-10-06T23:28:34.943559+00:00,Wi-Fi,Wi-Fi,25.28,0.0,1.54,76.26,21.05,90.4,19451891641,57033442996,16220825,47555462,11879.14,42.94,synthetic_demo,GOOD
2026-10-06T23:28:39.943559+00:00,Wi-Fi,Wi-Fi,26.44,0.0,1.95,100.13,35.26,84.4,19473927608,57096022339,16239188,47607611,16526.43,39.35,synthetic_demo,GOOD
2026-10-06T23:28:44.943559+00:00,Wi-Fi,Wi-Fi,149.2,2.55,25.49,13.1,4.04,76.1,19476449531,57104208489,16241289,47614432,2091.42,90.52,synthetic_demo,POOR
2026-10-06T23:28:49.943559+00:00,Wi-Fi,Wi-Fi,170.95,8.01,35.01,0.01,2.32,44.9,19477902430,57104214739,16242499,47614437,284.99,65.95,synthetic_demo,POOR
2026-10-06T23:28:54.943559+00:00,Ethernet0,Ethernet,153.79,3.22,30.12,11.92,0.62,,19478291990,57111666792,16242823,47620647,1531.57,86.51,synthetic_demo,POOR
2026-10-06T23:28:59.943559+00:00,Wi-Fi,Wi-Fi,145.28,3.06,20.94,13.03,2.52,77.3,19479864657,57119808505,16244133,47627431,1897.34,98.44,synthetic_demo,POOR
2026-10-06T23:29:04.943559+00:00,Wi-Fi,Wi-Fi,22.93,0.0,2.88,62.16,25.56,91.8,19495837371,57158657709,16257443,47659805,10707.41,31.07,synthetic_demo,GOOD
2026-10-06T23:29:09.943559+00:00,Wi-Fi,Wi-Fi,160.15,10.38,34.91,6.08,2.16,27.2,19497188753,57162458168,16258569,47662972,1006.22,66.07,synthetic_demo,POOR
2026-10-06T23:29:14.943559+00:00,Ethernet0,Ethernet,12.02,0.0,0.17,185.15,41.08,,19522864257,57278174095,16279965,47759401,27615.51,12.96,synthetic_demo,GOOD
2026-10-06T23:29:19.943559+00:00,Wi-Fi,Wi-Fi,98.15,2.46,4.91,23.19,3.32,50.9,19524940173,57292670474,16281694,47771481,3236.78,48.03,synthetic_demo,MODERATE
2026-10-06T23:29:24.943559+00:00,Ethernet0,Ethernet,14.07,0.0,2.29,132.42,55.76,,19559788902,57375433073,16310734,47840449,22970.96,8.49,synthetic_demo,GOOD
2026-10-06T23:29:29.943559+00:00,Wi-Fi,Wi-Fi,27.32,0.0,3.22,83.52,25.1,75.4,19575476487,57427633021,16323806,47883948,13259.28,23.71,synthetic_demo,GOOD
2026-10-06T23:29:34.943559+00:00,Wi-Fi,Wi-Fi,19.66,0.19,1.64,66.19,24.64,83.3,19590876872,57468999161,16336639,47918419,11087.21,36.48,synthetic_demo,GOOD
2026-10-06T23:29:39.943559+00:00,Wi-Fi,Wi-Fi,32.07,0.0,1.65,62.08,28.03,77.5,19608398074,57507798361,16351240,47950751,11000.08,11.15,synthetic_demo,GOOD
2026-10-06T23:29:44.943559+00:00,Ethernet0,Ethernet,112.58,3.66,21.94,13.14,7.23,,19612916029,57516009420,16355004,47957593,2486.14,92.78,synthetic_demo,MODERATE
2026-10-06T23:29:49.943559+00:00,Wi-Fi,Wi-Fi,22.63,0.0,6.21,74.68,33.41,85.6,19633799350,57562684428,16372406,47996488,13194.99,32.39,synthetic_demo,GOOD
2026-10-06T23:29:54.943559+00:00,Wi-Fi,Wi-Fi,15.0,0.07,2.01,43.53,22.2,87.0,19647673657,57589888920,16383967,48019158,8023.2,22.07,synthetic_demo,GOOD
2026-10-06T23:29:59.943559+00:00,Ethernet0,Ethernet,14.04,0.0,4.77,131.97,63.0,,19687048150,57672370422,16416779,48087892,23800.0,34.85,synthetic_demo,GOOD
2026-10-06T23:30:04.943559+00:00,Wi-Fi,Wi-Fi,19.81,0.0,5.41,63.23,28.06,76.4,19704586140,57711890106,16431393,48120825,11144.08,42.16,synthetic_demo,GOOD
2026-10-06T23:30:09.943559+00:00,Ethernet0,Ethernet,9.75,0.0,3.68,90.92,44.77,,19732566738,57768717312,16454710,48168181,16564.02,34.2,synthetic_demo,GOOD
2026-10-06T23:30:14.943559+00:00,Ethernet0,Ethernet,12.04,0.0,1.08,128.34,46.7,,19761752055,57848931886,16479031,48235026,21367.17,26.34,synthetic_demo,GOOD
2026-10-06T23:30:19.943559+00:00,Wi-Fi,Wi-Fi,75.95,2.64,15.89,12.14,9.64,36.7,19767774753,57856521252,16484049,48241350,2658.61,61.93,synthetic_demo,POOR
2026-10-06T23:30:24.943559+00:00,Wi-Fi,Wi-Fi,130.44,2.42,27.19,15.94,4.34,84.2,19770490152,57866483088,16486311,48249651,2476.02,87.19,synthetic_demo,POOR
2026-10-06T23:30:29.943559+00:00,Wi-Fi,Wi-Fi,55.79,3.06,19.98,22.42,4.03,53.1,19773011273,57880493940,16488411,48261326,3228.9,52.59,synthetic_demo,MODERATE
2026-10-06T23:30:34.943559+00:00,Wi-Fi,Wi-Fi,19.95,0.24,0.4,83.38,30.84,95.1,19792288137,57932604732,16504475,48304751,13942.9,37.47,synthetic_demo,GOOD
2026-10-06T23:30:39.943559+00:00,Wi-Fi,Wi-Fi,23.66,0.0,1.62,61.89,28.17,87.3,19809894639,57971285011,16519147,48336984,10993.51,20.12,synthetic_demo,GOOD
2026-10-06T23:30:44.943559+00:00,Wi-Fi,Wi-Fi,149.26,7.13,19.09,2.49,2.6,43.0,19811516716,57972840018,16520498,48338279,620.52,60.75,synthetic_demo,POOR
2026-10-06T23:30:49.943559+00:00,Wi-Fi,Wi-Fi,46.88,1.06,17.49,22.19,6.27,47.3,19815433757,57986706794,16523762,48349834,3473.4,56.81,synthetic_demo,MODERATE
2026-10-06T23:30:54.943559+00:00,Wi-Fi,Wi-Fi,19.26,0.0,0.6,106.81,23.63,85.0,19830204118,58053464603,16536070,48405465,15923.47,33.78,synthetic_demo,GOOD
2026-10-06T23:30:59.943559+00:00,Ethernet0,Ethernet,7.06,0.0,0.79,138.41,45.83,,19858845061,58139973628,16559937,48477555,22490.23,6.38,synthetic_demo,GOOD
2026-10-06T23:31:04.943559+00:00,Wi-Fi,Wi-Fi,29.95,0.0,0.92,70.21,20.43,92.0,19871611768,58183857413,16570575,48514124,11064.55,20.29,synthetic_demo,GOOD
2026-10-06T23:31:09.943559+00:00,Wi-Fi,Wi-Fi,15.86,0.0,1.2,99.26,28.7,77.8,19889548515,58245895150,16585522,48565822,15620.02,15.72,synthetic_demo,GOOD
2026-10-06T23:31:14.943559+00:00,Wi-Fi,Wi-Fi,32.43,0.0,5.04,91.3,16.42,78.9,19899809460,58302959495,16594072,48613375,13149.47,20.9,synthetic_demo,GOOD
2026-10-06T23:31:19.943559+00:00,Wi-Fi,Wi-Fi,99.49,2.63,13.08,14.77,7.65,38.7,19904590103,58312193554,16598055,48621070,2737.25,74.02,synthetic_demo,POOR
2026-10-06T23:31:24.943559+00:00,Wi-Fi,Wi-Fi,90.97,0.54,17.6,25.76,4.45,36.6,19907370749,58328295370,16600372,48634488,3687.98,59.86,synthetic_demo,MODERATE
2026-10-06T23:31:29.943559+00:00,Wi-Fi,Wi-Fi,68.72,1.21,14.77,14.38,5.33,47.6,19910702185,58337280660,16603148,48641975,2405.61,48.48,synthetic_demo,MODERATE
2026-10-06T23:31:34.943559+00:00,Wi-Fi,Wi-Fi,107.66,2.1,28.61,13.84,4.38,60.6,19913437892,58345930716,16605427,48649183,2223.78,91.28,synthetic_demo,POOR
2026-10-06T23:31:39.943559+00:00,Wi-Fi,Wi-Fi,79.75,10.29,41.64,3.39,1.26,44.1,19914222419,58348047734,16606080,48650947,566.71,66.05,synthetic_demo,POOR
2026-10-06T23:31:44.943559+00:00,Wi-Fi,Wi-Fi,78.95,1.75,28.96,11.55,3.68,75.2,19916525398,58355269347,16607999,48656965,1860.27,86.72,synthetic_demo,POOR
2026-10-06T23:31:49.943559+00:00,Wi-Fi,Wi-Fi,291.25,25.34,60.61,2.06,0.27,23.5,19916696123,58356557866,16608141,48658038,285.01,82.92,synthetic_demo,POOR
2026-10-06T23:31:54.943559+00:00,Ethernet0,Ethernet,12.86,0.0,0.29,137.6,63.73,,19956525808,58442557579,16641332,48729704,24576.05,12.02,synthetic_demo,GOOD
2026-10-06T23:31:59.943559+00:00,Ethernet0,Ethernet,8.83,0.0,0.1,99.12,39.89,,19981456815,58504506635,16662107,48781328,16968.76,12.02,synthetic_demo,GOOD
2026-10-06T23:32:04.943559+00:00,Ethernet0,Ethernet,11.75,0.0,1.88,137.44,49.22,,20012216898,58590405412,16687740,48852910,22784.93,34.71,synthetic_demo,GOOD
2026-10-06T23:32:09.943559+00:00,Wi-Fi,Wi-Fi,79.61,1.26,4.19,15.47,8.01,49.9,20017222925,58600076276,16691911,48860969,2866.58,74.73,synthetic_demo,MODERATE
2026-10-06T23:32:14.943559+00:00,Wi-Fi,Wi-Fi,120.18,9.1,23.21,5.76,2.01,39.0,20018477996,58603678578,16692956,48863970,948.71,64.24,synthetic_demo,POOR
2026-10-06T23:32:19.943559+00:00,Ethernet0,Ethernet,12.2,0.0,4.29,139.62,41.66,,20044518193,58690943200,16714656,48936690,22129.85,9.56,synthetic_demo,GOOD
2026-10-06T23:32:24.943559+00:00,Ethernet0,Ethernet,246.69,33.28,26.51,0.21,0.96,,20045117953,58691072924,16715155,48936798,142.48,98.59,synthetic_demo,POOR
2026-10-06T23:32:29.943559+00:00,Ethernet0,Ethernet,14.42,0.0,0.41,131.55,49.36,,20075967600,58773293873,16740863,49005315,22084.1,17.58,synthetic_demo,GOOD
2026-10-06T23:32:34.943559+00:00,Wi-Fi,Wi-Fi,153.9,51.34,87.15,0.55,0.56,16.4,20076315620,58773640283,16741153,49005603,135.63,85.79,synthetic_demo,POOR
2026-10-06T23:32:39.943559+00:00,Wi-Fi,Wi-Fi,23.72,0.0,4.39,95.39,19.9,96.6,20088753217,58833258640,16751517,49055284,14073.43,31.9,synthetic_demo,GOOD
2026-10-06T23:32:44.943559+00:00,Ethernet0,Ethernet,13.11,0.0,3.08,132.69,26.08,,20105053330,58916192399,16765100,49124395,19381.62,6.71,synthetic_demo,GOOD
2026-10-06T23:32:49.943559+00:00,Wi-Fi,Wi-Fi,26.73,0.0,7.01,74.68,22.97,96.4,20119407294,58962865591,16777061,49163289,11919.37,23.82,synthetic_demo,GOOD
2026-10-06T23:32:54.943559+00:00,Wi-Fi,Wi-Fi,34.18,0.0,0.55,49.82,25.25,96.2,20135187430,58994004642,16790211,49189238,9163.9,13.72,synthetic_demo,GOOD
2026-10-06T23:32:59.943559+00:00,Wi-Fi,Wi-Fi,23.91,0.0,1.39,65.84,29.09,95.3,20153366294,59035153720,16805360,49223528,11587.49,11.92,synthetic_demo,GOOD
2026-10-06T23:33:04.943559+00:00,Wi-Fi,Wi-Fi,25.47,0.0,1.38,85.13,22.19,76.1,20167235404,59088362112,16816917,49267868,13101.07,23.84,synthetic_demo,GOOD
2026-10-06T23:33:09.943559+00:00,Wi-Fi,Wi-Fi,151.63,10.9,33.1,10.91,0.96,41.8,20167833669,59095177826,16817415,49273547,1448.04,77.54,synthetic_demo,POOR
2026-10-06T23:33:14.943559+00:00,Wi-Fi,Wi-Fi,79.06,2.47,17.66,17.77,6.65,42.4,20171990825,59106282645,16820879,49282801,2980.85,61.63,synthetic_demo,MODERATE
2026-10-06T23:33:19.943559+00:00,Wi-Fi,Wi-Fi,29.27,0.0,1.5,63.04,16.71,88.2,20182434784,59145681452,16829582,49315633,9734.92,24.98,synthetic_demo,GOOD
2026-10-06T23:33:24.943559+00:00,Wi-Fi,Wi-Fi,92.55,2.09,11.02,16.89,4.78,52.7,20185424485,59156236704,16832073,49324429,2645.5,66.43,synthetic_demo,MODERATE
2026-10-06T23:33:29.943559+00:00,Wi-Fi,Wi-Fi,109.22,2.01,20.66,17.68,4.28,81.1,20188099862,59167287381,16834302,49333637,2680.87,90.62,synthetic_demo,MODERATE
2026-10-06T23:33:34.943559+00:00,Wi-Fi,Wi-Fi,19.35,0.26,0.2,71.62,26.42,79.6,20204615083,59212049742,16848064,49370938,11968.28,28.88,synthetic_demo,GOOD
2026-10-06T23:33:39.943559+00:00,Wi-Fi,Wi-Fi,33.52,0.0,1.73,72.31,32.04,78.4,20224642929,59257245646,16864753,49408601,12739.01,35.33,synthetic_demo,GOOD
2026-10-06T23:33:44.943559+00:00,Ethernet0,Ethernet,13.48,0.0,0.91,134.44,54.58,,20258758181,59341273368,16893182,49478624,23074.8,5.99,synthetic_demo,GOOD
2026-10-06T23:33:49.943559+00:00,Ethernet0,Ethernet,13.93,0.0,3.07,150.68,46.39,,20287749217,59435447829,16917341,49557102,24055.76,26.83,synthetic_demo,GOOD
2026-10-06T23:33:54.943559+00:00,Ethernet0,Ethernet,133.96,2.94,28.45,13.95,5.61,,20291256887,59444165371,16920264,49564366,2387.74,90.63,synthetic_demo,POOR
2026-10-06T23:33:59.943559+00:00,Ethernet0,Ethernet,16.51,0.0,0.48,145.32,55.51,,20325949467,59534991875,16949174,49640054,24515.45,22.36,synthetic_demo,GOOD
2026-10-06T23:34:04.943559+00:00,Wi-Fi,Wi-Fi,70.96,1.04,17.76,22.35,6.7,45.5,20330136082,59548963704,16952662,49651697,3546.57,71.13,synthetic_demo,MODERATE
2026-10-06T23:34:09.943559+00:00,Wi-Fi,Wi-Fi,101.87,1.17,9.78,11.27,5.03,71.3,20333281491,59556008099,16955283,49657567,1990.2,95.8,synthetic_demo,MODERATE
2026-10-06T23:34:14.943559+00:00,Ethernet0,Ethernet,12.85,0.0,1.86,196.86,51.45,,20365436275,59679043811,16982078,49760096,30310.64,26.02,synthetic_demo,GOOD
2026-10-06T23:34:19.943559+00:00,Wi-Fi,Wi-Fi,90.1,3.35,11.99,29.19,5.35,49.7,20368783089,59697290288,16984867,49775301,4217.44,63.18,synthetic_demo,MODERATE
2026-10-06T23:34:24.943559+00:00,Wi-Fi,Wi-Fi,30.09,0.0,0.19,76.88,27.29,94.5,20385841215,59745342399,16999082,49815344,12716.84,14.85,synthetic_demo,GOOD
2026-10-06T23:34:29.943559+00:00,Wi-Fi,Wi-Fi,285.41,57.05,60.01,2.08,0.72,12.6,20386293258,59746639713,16999458,49816425,341.67,90.02,synthetic_demo,POOR
2026-10-06T23:34:34.943559+00:00,Wi-Fi,Wi-Fi,23.1,0.0,1.66,54.25,14.53,76.9,20395377076,59780548921,17007027,49844682,8397.08,41.22,synthetic_demo,GOOD
2026-10-06T23:34:39.943559+00:00,Wi-Fi,Wi-Fi,187.78,6.02,37.11,9.58,3.33,43.0,20397460619,59786533918,17008763,49849669,1575.89,79.08,synthetic_demo,POOR
2026-10-06T23:34:44.943559+00:00,Wi-Fi,Wi-Fi,81.74,1.64,20.42,18.95,5.21,41.6,20400715514,59798378980,17011475,49859539,2949.21,56.37,synthetic_demo,MODERATE
2026-10-06T23:34:49.943559+00:00,Ethernet0,Ethernet,13.48,0.0,0.9,155.24,36.16,,20423316395,59895402195,17030309,49940391,23364.08,16.17,synthetic_demo,GOOD
2026-10-06T23:34:54.943559+00:00,Wi-Fi,Wi-Fi,63.06,0.83,15.34,20.58,5.31,45.9,20426632678,59908264745,17033072,49951109,3159.93,58.65,synthetic_demo,MODERATE
2026-10-06T23:34:59.943559+00:00,Wi-Fi,Wi-Fi,196.13,57.79,57.15,0.43,0.09,17.6,20426688702,59908533923,17033118,49951333,63.52,88.68,synthetic_demo,POOR
2026-10-06T23:35:04.943559+00:00,Wi-Fi,Wi-Fi,59.86,0.84,11.18,7.6,6.04,36.7,20430466326,59913285121,17036266,49955292,1665.79,41.63,synthetic_demo,MODERATE
2026-10-06T23:35:09.943559+00:00,Wi-Fi,Wi-Fi,91.63,8.4,28.29,5.31,2.81,39.5,20432222479,59916602279,17037729,49958056,990.88,78.55,synthetic_demo,POOR
2026-10-06T23:35:14.943559+00:00,Wi-Fi,Wi-Fi,129.8,11.04,15.95,9.88,2.56,44.9,20433820898,59922777098,17039061,49963201,1518.21,66.36,synthetic_demo,POOR
2026-10-06T23:35:19.943559+00:00,Ethernet0,Ethernet,9.62,0.0,1.03,111.09,35.24,,20455844663,59992211451,17057414,50021062,17862.91,20.14,synthetic_demo,GOOD
2026-10-06T23:35:24.943559+00:00,Ethernet0,Ethernet,15.33,0.0,3.22,135.73,53.29,,20489148182,60077040045,17085166,50091752,23072.68,15.25,synthetic_demo,GOOD
2026-10-06T23:35:29.943559+00:00,Wi-Fi,Wi-Fi,70.48,1.43,10.32,24.51,5.7,49.4,20492713759,60092361314,17088137,50104519,3688.84,51.44,synthetic_demo,MODERATE
2026-10-06T23:35:34.943559+00:00,Wi-Fi,Wi-Fi,22.39,0.0,3.24,82.39,26.45,84.9,20509244477,60143852914,17101912,50147428,13285.61,15.83,synthetic_demo,GOOD
2026-10-06T23:35:39.943559+00:00,Wi-Fi,Wi-Fi,111.06,9.85,13.74,8.03,3.11,39.6,20511187502,60148872293,17103531,50151610,1359.84,78.41,synthetic_demo,POOR
2026-10-06T23:35:44.943559+00:00,Wi-Fi,Wi-Fi,158.81,7.8,42.57,6.13,2.3,29.1,20512626209,60152703153,17104729,50154802,1029.21,60.25,synthetic_demo,POOR
2026-10-06T23:35:49.943559+00:00,Wi-Fi,Wi-Fi,27.39,0.0,0.26,78.26,21.05,90.2,20525784482,60201617342,17115694,50195563,12123.53,21.55,synthetic_demo,GOOD
2026-10-06T23:35:54.943559+00:00,Ethernet0,Ethernet,8.4,0.0,0.17,137.73,46.61,,20554916303,60287701669,17139970,50267299,22503.15,6.97,synthetic_demo,GOOD
2026-10-06T23:35:59.943559+00:00,Ethernet0,Ethernet,153.51,1.63,14.14,13.74,1.74,,20556002743,60296286152,17140875,50274452,1888.85,92.85,synthetic_demo,POOR
2026-10-06T23:36:04.943559+00:00,Wi-Fi,Wi-Fi,28.76,0.0,1.79,86.75,26.34,97.8,20572464293,60350505383,17154592,50319634,13804.84,38.68,synthetic_demo,GOOD
2026-10-06T23:36:09.943559+00:00,Wi-Fi,Wi-Fi,164.86,4.83,39.25,0.57,2.39,40.7,20573960396,60350861552,17155838,50319930,361.77,59.89,synthetic_demo,POOR
2026-10-06T23:36:14.943559+00:00,Wi-Fi,Wi-Fi,33.66,0.0,0.17,101.59,28.45,82.5,20591739167,60414358275,17170653,50372843,15874.12,31.48,synthetic_demo,GOOD
2026-10-06T23:36:19.943559+00:00,Wi-Fi,Wi-Fi,118.88,2.03,17.88,15.84,4.74,81.3,20594704186,60424259150,17173123,50381093,2512.87,87.41,synthetic_demo,MODERATE
2026-10-06T23:36:24.943559+00:00,Ethernet0,Ethernet,16.35,0.0,2.3,147.96,43.34,,20621792617,60516735370,17195696,50458156,23352.47,22.7,synthetic_demo,GOOD
2026-10-06T23:36:29.943559+00:00,Wi-Fi,Wi-Fi,63.23,2.72,11.6,16.13,4.03,38.3,20624310632,60526818072,17197794,50466558,2461.08,45.17,synthetic_demo,POOR
2026-10-06T23:36:34.943559+00:00,Wi-Fi,Wi-Fi,30.33,0.0,2.69,74.45,24.95,77.2,20639901565,60573347107,17210786,50505332,12132.81,20.17,synthetic_demo,GOOD
2026-10-06T23:36:39.943559+00:00,Wi-Fi,Wi-Fi,60.8,2.18,16.41,16.43,5.31,38.4,20643220606,60583616229,17213551,50513889,2653.94,42.35,synthetic_demo,POOR
2026-10-06T23:36:44.943559+00:00,Ethernet0,Ethernet,10.93,0.0,0.16,190.06,45.6,,20671718570,60702403067,17237299,50612878,28766.56,27.98,synthetic_demo,GOOD
2026-10-06T23:36:49.943559+00:00,Wi-Fi,Wi-Fi,85.75,2.14,18.55,11.07,4.12,79.7,20674290783,60709321552,17239442,50618643,1853.65,94.22,synthetic_demo,MODERATE
2026-10-06T23:36:54.943559+00:00,Wi-Fi,Wi-Fi,159.41,8.36,34.46,3.88,1.72,37.6,20675364484,60711743702,17240336,50620661,682.78,77.38,synthetic_demo,POOR
2026-10-06T23:36:59.943559+00:00,Ethernet0,Ethernet,9.16,0.0,1.67,141.72,40.55,,20700709778,60800316067,17261457,50694471,22249.54,6.29,synthetic_demo,GOOD
2026-10-06T23:37:04.943559+00:00,Ethernet0,Ethernet,11.02,0.0,2.91,145.5,43.98,,20728199345,60891255124,17284364,50770253,23130.59,34.23,synthetic_demo,GOOD
2026-10-06T23:37:09.943559+00:00,Ethernet0,Ethernet,12.17,0.0,0.21,148.12,58.03,,20764466392,60983832053,17314586,50847400,25164.84,16.16,synthetic_demo,GOOD
2026-10-06T23:37:14.943559+00:00,Wi-Fi,Wi-Fi,99.97,2.48,14.27,20.68,4.72,47.7,20767416103,60996755956,17317044,50858169,3100.32,46.56,synthetic_demo,MODERATE
2026-10-06T23:37:19.943559+00:00,Wi-Fi,Wi-Fi,77.83,1.76,14.37,18.34,10.33,49.5,20773873452,61008219862,17322425,50867722,3500.25,56.77,synthetic_demo,MODERATE
2026-10-06T23:37:24.943559+00:00,Wi-Fi,Wi-Fi,57.14,3.08,8.05,9.15,5.67,53.7,20777417808,61013939442,17325378,50872488,1809.36,67.88,synthetic_demo,MODERATE
2026-10-06T23:37:29.943559+00:00,Ethernet0,Ethernet,9.86,0.0,1.77,159.84,42.94,,20804256532,61113837122,17347743,50955736,24753.2,12.71,synthetic_demo,GOOD
2026-10-06T23:37:34.943559+00:00,Wi-Fi,Wi-Fi,28.78,0.0,2.73,91.19,28.46,86.5,20822043496,61170832654,17362565,51003232,14605.96,22.73,synthetic_demo,GOOD
2026-10-06T23:37:39.943559+00:00,Wi-Fi,Wi-Fi,35.42,3.38,8.97,13.74,7.3,42.7,20826608596,61179420059,17366369,51010388,2568.85,59.04,synthetic_demo,MODERATE
2026-10-06T23:37:44.943559+00:00,Wi-Fi,Wi-Fi,21.74,0.0,4.38,109.76,30.86,92.3,20845898890,61248021773,17382444,51067556,17166.41,37.25,synthetic_demo,GOOD
2026-10-06T23:37:49.943559+00:00,Ethernet0,Ethernet,240.85,26.99,63.09,1.95,0.93,,20846480276,61249242612,17382928,51068573,352.0,71.89,synthetic_demo,POOR
2026-10-06T23:37:54.943559+00:00,Ethernet0,Ethernet,11.19,0.0,0.23,125.57,50.14,,20877816714,61327721741,17409041,51133972,21448.35,8.84,synthetic_demo,GOOD
2026-10-06T23:37:59.943559+00:00,Wi-Fi,Wi-Fi,66.88,1.29,31.3,8.23,3.24,83.5,20879843260,61332862477,17410729,51138255,1399.86,89.48,synthetic_demo,POOR
2026-10-06T23:38:04.943559+00:00,Wi-Fi,Wi-Fi,29.75,0.0,3.72,68.04,27.52,79.8,20897043553,61375389498,17425062,51173694,11665.49,44.62,synthetic_demo,GOOD
2026-10-06T23:38:09.943559+00:00,Wi-Fi,Wi-Fi,25.77,0.0,2.67,93.35,31.67,76.3,20916840261,61433735557,17441559,51222315,15262.26,17.63,synthetic_demo,GOOD
2026-10-06T23:38:14.943559+00:00,Ethernet0,Ethernet,42.29,3.13,26.46,10.73,4.02,,20919355295,61440439514,17443654,51227901,1800.58,95.31,synthetic_demo,POOR
2026-10-06T23:38:19.943559+00:00,Ethernet0,Ethernet,103.07,1.32,11.44,5.46,6.03,,20923126588,61443851349,17446796,51230744,1402.95,89.94,synthetic_demo,MODERATE
2026-10-06T23:38:24.943559+00:00,Ethernet0,Ethernet,253.09,41.52,55.58,0.23,0.1,,20923187908,61443996917,17446847,51230865,40.41,96.49,synthetic_demo,POOR
2026-10-06T23:38:29.943559+00:00,Ethernet0,Ethernet,10.89,0.0,1.01,169.61,49.22,,20953951359,61550001150,17472483,51319201,26712.44,29.93,synthetic_demo,GOOD
2026-10-06T23:38:34.943559+00:00,Ethernet0,Ethernet,12.28,0.0,4.94,133.64,51.41,,20986079539,61633526933,17499256,51388805,22588.66,22.92,synthetic_demo,GOOD
2026-10-06T23:38:39.943559+00:00,Ethernet0,Ethernet,94.77,2.68,12.61,6.26,1.83,,20987225581,61637440527,17500211,51392066,988.21,86.86,synthetic_demo,MODERATE
2026-10-06T23:38:44.943559+00:00,Wi-Fi,Wi-Fi,101.42,1.86,6.93,15.69,8.87,38.1,20992770136,61647246902,17504831,51400237,2998.23,74.17,synthetic_demo,MODERATE
2026-10-06T23:38:49.943559+00:00,Wi-Fi,Wi-Fi,29.04,0.0,1.2,60.63,18.28,85.3,21004194138,61685139706,17514351,51431814,9632.19,15.5,synthetic_demo,GOOD
2026-10-06T23:38:54.943559+00:00,Ethernet0,Ethernet,11.37,0.0,1.63,138.86,43.61,,21031452117,61771925582,17537065,51504135,22274.19,24.84,synthetic_demo,GOOD
2026-10-06T23:38:59.943559+00:00,Ethernet0,Ethernet,11.84,0.0,2.46,83.41,40.17,,21056555555,61824056784,17557984,51547577,15084.89,16.22,synthetic_demo,GOOD
2026-10-06T23:39:04.943559+00:00,Wi-Fi,Wi-Fi,146.05,10.58,22.55,6.5,0.66,35.3,21056970800,61828116206,17558330,51550959,873.96,79.52,synthetic_demo,POOR
2026-10-06T23:39:09.943559+00:00,Ethernet0,Ethernet,10.35,0.0,0.85,153.24,58.62,,21093610741,61923892277,17588863,51630772,25862.5,21.99,synthetic_demo,GOOD
2026-10-06T23:39:14.943559+00:00,Wi-Fi,Wi-Fi,28.32,0.0,1.52,52.98,26.22,85.6,21110000515,61957006920,17602521,51658367,9668.83,16.47,synthetic_demo,GOOD
2026-10-06T23:39:19.943559+00:00,Ethernet0,Ethernet,16.09,0.0,2.23,170.3,48.77,,21140483142,62063441733,17627923,51747062,26741.69,9.44,synthetic_demo,GOOD
2026-10-06T23:39:24.943559+00:00,Wi-Fi,Wi-Fi,36.04,0.0,6.6,76.88,19.81,91.9,21152865031,62111492439,17638241,51787104,11803.24,24.19,synthetic_demo,GOOD
2026-10-06T23:39:29.943559+00:00,Ethernet0,Ethernet,15.69,0.0,2.2,186.58,72.32,,21198067193,62228104623,17675909,51884280,31604.36,7.65,synthetic_demo,GOOD
2026-10-06T23:39:34.943559+00:00,Wi-Fi,Wi-Fi,98.15,1.89,3.72,15.36,8.27,49.3,21203235989,62237705815,17680216,51892280,2884.76,53.84,synthetic_demo,MODERATE
2026-10-06T23:39:39.943559+00:00,Ethernet0,Ethernet,10.25,0.0,0.6,126.17,55.96,,21238212862,62316559325,17709363,51957991,22232.5,14.4,synthetic_demo,GOOD
2026-10-06T23:39:44.943559+00:00,Wi-Fi,Wi-Fi,133.2,11.27,25.35,4.25,4.04,25.9,21240740948,62319215148,17711469,51960204,1012.48,57.74,synthetic_demo,POOR
2026-10-06T23:39:49.943559+00:00,Ethernet0,Ethernet,12.56,0.0,0.6,151.94,68.45,,21283524696,62414175973,17747122,52039338,26903.24,9.81,synthetic_demo,GOOD
2026-10-06T23:39:54.943559+00:00,Wi-Fi,Wi-Fi,68.68,2.69,18.01,32.51,5.94,41.7,21287235745,62434494807,17750214,52056270,4693.34,63.74,synthetic_demo,MODERATE
2026-10-06T23:39:59.943559+00:00,Wi-Fi,Wi-Fi,51.06,10.92,17.92,6.06,3.18,34.8,21289225783,62438284951,17751872,52059428,1128.94,62.66,synthetic_demo,POOR
2026-10-06T23:40:04.943559+00:00,Ethernet0,Ethernet,116.44,2.91,15.53,8.65,4.47,,21292020602,62443690666,17754201,52063932,1601.67,90.23,synthetic_demo,MODERATE
2026-10-06T23:40:09.943559+00:00,Wi-Fi,Wi-Fi,91.56,2.46,19.01,10.84,6.05,41.6,21295800628,62450464192,17757351,52069576,2061.24,44.79,synthetic_demo,MODERATE
2026-10-06T23:40:14.943559+00:00,Wi-Fi,Wi-Fi,21.23,0.0,3.54,82.49,19.47,82.2,21307971962,62502021099,17767493,52112540,12446.92,21.2,synthetic_demo,GOOD
2026-10-06T23:40:19.943559+00:00,Wi-Fi,Wi-Fi,24.38,0.0,0.36,82.78,28.27,79.3,21325641429,62553760927,17782217,52155656,13556.5,35.17,synthetic_demo,GOOD
2026-10-06T23:40:24.943559+00:00,Ethernet0,Ethernet,87.58,1.44,26.17,9.37,2.06,,21326930325,62559617073,17783291,52160536,1395.52,96.11,synthetic_demo,POOR
2026-10-06T23:40:29.943559+00:00,Ethernet0,Ethernet,193.7,39.61,36.52,0.35,0.66,,21327343174,62559833192,17783635,52160716,122.85,79.75,synthetic_demo,POOR
2026-10-06T23:40:34.943559+00:00,Ethernet0,Ethernet,99.31,3.61,24.53,15.24,4.09,,21329898257,62569357531,17785764,52168652,2359.26,87.91,synthetic_demo,MODERATE
2026-10-06T23:40:39.943559+00:00,Wi-Fi,Wi-Fi,44.63,2.82,23.26,17.23,10.97,53.3,21336757257,62580124527,17791479,52177624,3442.58,53.2,synthetic_demo,MODERATE
2026-10-06T23:40:44.943559+00:00,Wi-Fi,Wi-Fi,157.69,2.23,31.7,14.32,3.97,78.3,21339241436,62589072434,17793549,52185080,2232.83,86.55,synthetic_demo,POOR
2026-10-06T23:40:49.943559+00:00,Wi-Fi,Wi-Fi,27.08,0.0,4.06,78.4,20.0,87.7,21351739244,62638071073,17803963,52225912,12011.02,31.96,synthetic_demo,GOOD
2026-10-06T23:40:54.943559+00:00,Ethernet0,Ethernet,14.61,0.0,2.63,155.32,52.53,,21384568346,62735147510,17831320,52306809,25372.18,29.1,synthetic_demo,GOOD
2026-10-06T23:40:59.943559+00:00,Wi-Fi,Wi-Fi,27.34,2.99,13.8,8.13,5.87,45.1,21388238878,62740226596,17834378,52311041,1708.91,44.96,synthetic_demo,MODERATE
2026-10-06T23:41:04.943559+00:00,Ethernet0,Ethernet,179.16,58.04,42.49,1.96,0.8,,21388737450,62741454417,17834793,52312064,337.19,88.71,synthetic_demo,POOR
2026-10-06T23:41:09.943559+00:00,Ethernet0,Ethernet,13.21,0.0,4.87,162.64,56.97,,21424343266,62843104707,17864464,52396772,26807.83,8.68,synthetic_demo,GOOD
2026-10-06T23:41:14.943559+00:00,Ethernet0,Ethernet,37.44,2.71,21.4,13.06,3.97,,21426823580,62851266058,17866530,52403573,2078.45,96.93,synthetic_demo,MODERATE
2026-10-06T23:41:19.943559+00:00,Ethernet0,Ethernet,12.58,0.0,1.06,170.34,56.27,,21461994380,62957726444,17895839,52492289,27662.34,10.29,synthetic_demo,GOOD
2026-10-06T23:41:24.943559+00:00,Wi-Fi,Wi-Fi,90.6,0.77,22.32,13.83,6.87,44.4,21466287996,62966372074,17899417,52499493,2527.2,52.49,synthetic_demo,MODERATE
2026-10-06T23:41:29.943559+00:00,Ethernet0,Ethernet,16.49,0.0,1.09,158.79,26.64,,21482938285,63065615646,17913292,52582195,22635.52,30.86,synthetic_demo,GOOD
2026-10-06T23:41:34.943559+00:00,Wi-Fi,Wi-Fi,20.92,0.0,0.9,63.62,31.58,94.5,21502675959,63105379541,17929740,52615331,11621.4,21.48,synthetic_demo,GOOD
2026-10-06T23:41:39.943559+00:00,Ethernet0,Ethernet,106.3,1.96,18.57,17.17,3.77,,21505029969,63116112284,17931701,52624274,2556.01,94.8,synthetic_demo,MODERATE
2026-10-06T23:41:44.943559+00:00,Wi-Fi,Wi-Fi,26.06,0.0,0.1,68.73,26.25,96.3,21521434945,63159066200,17945371,52660068,11593.53,37.96,synthetic_demo,GOOD
2026-10-06T23:41:49.943559+00:00,Ethernet0,Ethernet,105.58,3.26,22.13,5.93,5.0,,21524560590,63162773065,17947975,52663157,1334.47,92.0,synthetic_demo,MODERATE
2026-10-06T23:41:54.943559+00:00,Ethernet0,Ethernet,115.43,2.27,24.95,11.1,4.11,,21527130198,63169709555,17950116,52668937,1856.66,89.6,synthetic_demo,MODERATE
2026-10-06T23:41:59.943559+00:00,Ethernet0,Ethernet,117.78,59.78,62.71,0.22,0.58,,21527490079,63169847971,17950415,52669052,97.32,78.85,synthetic_demo,POOR
2026-10-06T23:42:04.943559+00:00,Ethernet0,Ethernet,10.35,0.0,2.22,136.44,43.07,,21554406350,63255122472,17972845,52740114,21912.26,13.25,synthetic_demo,GOOD
2026-10-06T23:42:09.943559+00:00,Wi-Fi,Wi-Fi,33.84,0.1,1.69,89.41,28.84,93.1,21572433676,63311004409,17987867,52786682,14435.4,31.91,synthetic_demo,GOOD
2026-10-06T23:42:14.943559+00:00,Ethernet0,Ethernet,11.16,0.0,1.81,156.19,61.21,,21610692388,63408622658,18019749,52868030,26538.47,28.53,synthetic_demo,GOOD
2026-10-06T23:42:19.943559+00:00,Ethernet0,Ethernet,150.83,48.56,65.22,0.6,0.79,,21611186459,63408995352,18020160,52868340,169.29,94.14,synthetic_demo,POOR
2026-10-06T23:42:24.943559+00:00,Ethernet0,Ethernet,170.83,19.49,53.17,1.88,0.89,,21611743926,63410172893,18020624,52869321,338.87,89.53,synthetic_demo,POOR
2026-10-06T23:42:29.943559+00:00,Wi-Fi,Wi-Fi,74.39,2.28,16.12,22.38,7.71,54.4,21616564225,63424160790,18024640,52880977,3673.48,44.02,synthetic_demo,MODERATE
2026-10-06T23:42:34.943559+00:00,Wi-Fi,Wi-Fi,195.39,11.18,39.26,9.85,2.05,33.5,21617843524,63430317801,18025706,52886107,1452.4,64.78,synthetic_demo,POOR
2026-10-06T23:42:39.943559+00:00,Wi-Fi,Wi-Fi,89.71,3.46,12.15,20.68,8.34,54.2,21623057187,63443240885,18030050,52896876,3542.33,48.83,synthetic_demo,MODERATE
2026-10-06T23:42:44.943559+00:00,Wi-Fi,Wi-Fi,74.72,0.76,11.09,14.49,5.26,39.5,21626341866,63452299034,18032787,52904424,2410.71,43.72,synthetic_demo,MODERATE
2026-10-06T23:42:49.943559+00:00,Ethernet0,Ethernet,14.31,0.0,1.44,147.4,58.55,,21662935270,63544426648,18063281,52981197,25140.82,31.33,synthetic_demo,GOOD
2026-10-06T23:42:54.943559+00:00,Ethernet0,Ethernet,126.03,3.49,9.66,13.12,4.17,,21665540623,63552627000,18065452,52988030,2110.49,97.69,synthetic_demo,MODERATE
2026-10-06T23:42:59.943559+00:00,Ethernet0,Ethernet,14.57,0.08,4.43,189.16,58.48,,21702093475,63670853902,18095912,53086552,30230.42,31.09,synthetic_demo,GOOD
2026-10-06T23:43:04.943559+00:00,Wi-Fi,Wi-Fi,155.99,11.87,44.72,0.01,1.08,40.7,21702771547,63670860152,18096477,53086557,133.66,55.62,synthetic_demo,POOR
2026-10-06T23:43:09.943559+00:00,Ethernet0,Ethernet,89.29,1.77,9.43,9.4,4.18,,21705381004,63676736856,18098651,53091454,1657.45,87.1,synthetic_demo,MODERATE
2026-10-06T23:43:14.943559+00:00,Ethernet0,Ethernet,92.78,3.22,17.24,11.46,2.69,,21707062946,63683901472,18100052,53097424,1727.84,85.32,synthetic_demo,MODERATE
2026-10-06T23:43:19.943559+00:00,Ethernet0,Ethernet,15.29,0.0,3.29,129.75,67.51,,21749255702,63764995297,18135212,53165002,24079.41,14.97,synthetic_demo,GOOD
2026-10-06T23:43:24.943559+00:00,Wi-Fi,Wi-Fi,18.83,0.0,3.78,94.36,20.87,96.6,21762301911,63823968034,18146083,53214145,14066.2,13.26,synthetic_demo,GOOD
2026-10-06T23:43:29.943559+00:00,Wi-Fi,Wi-Fi,23.21,0.0,2.34,46.58,30.19,89.8,21781172935,63853078961,18161808,53238404,9371.47,30.22,synthetic_demo,GOOD
2026-10-06T23:43:34.943559+00:00,Wi-Fi,Wi-Fi,18.81,0.0,1.94,72.92,13.87,96.2,21789839305,63898652744,18169029,53276382,10593.78,26.82,synthetic_demo,GOOD
2026-10-06T23:43:39.943559+00:00,Ethernet0,Ethernet,11.91,0.0,2.27,144.32,33.4,,21810714895,63988850999,18186425,53351547,21694.11,18.95,synthetic_demo,GOOD
2026-10-06T23:43:44.943559+00:00,Ethernet0,Ethernet,244.44,59.99,75.53,1.28,0.39,,21810956623,63989650680,18186626,53352213,203.4,94.39,synthetic_demo,POOR
2026-10-06T23:43:49.943559+00:00,Wi-Fi,Wi-Fi,95.31,1.98,14.93,19.0,6.39,35.9,21814952855,64001522873,18189956,53362106,3099.3,48.77,synthetic_demo,MODERATE
2026-10-06T23:43:54.943559+00:00,Wi-Fi,Wi-Fi,22.67,0.0,4.04,67.72,24.97,89.2,21830559303,64043846796,18202961,53397375,11314.53,24.4,synthetic_demo,GOOD
2026-10-06T23:43:59.943559+00:00,Wi-Fi,Wi-Fi,25.0,0.0,0.74,87.37,28.98,95.8,21848673660,64098452489,18218056,53442879,14203.13,11.18,synthetic_demo,GOOD
2026-10-06T23:44:04.943559+00:00,Wi-Fi,Wi-Fi,29.7,0.0,3.41,72.2,20.77,96.7,21861657256,64143577664,18228875,53480483,11349.37,25.26,synthetic_demo,GOOD
2026-10-06T23:44:09.943559+00:00,Wi-Fi,Wi-Fi,87.2,2.0,23.2,19.87,7.29,40.2,21866213877,64155996292,18232672,53490831,3315.48,71.56,synthetic_demo,MODERATE
2026-10-06T23:44:14.943559+00:00,Wi-Fi,Wi-Fi,100.88,1.67,13.54,20.32,7.98,37.8,21871204192,64168694980,18236830,53501413,3454.88,62.74,synthetic_demo,MODERATE
2026-10-06T23:44:19.943559+00:00,Wi-Fi,Wi-Fi,122.21,5.78,19.2,1.7,4.82,35.0,21874219296,64169760486,18239342,53502300,796.99,58.67,synthetic_demo,POOR
2026-10-06T23:44:24.943559+00:00,Wi-Fi,Wi-Fi,30.72,0.0,6.39,90.55,31.76,81.4,21894066448,64226351603,18255881,53549459,14929.35,10.02,synthetic_demo,GOOD
2026-10-06T23:44:29.943559+00:00,Ethernet0,Ethernet,285.67,52.01,50.44,1.69,0.67,,21894484888,64227406111,18256229,53550337,287.69,95.81,synthetic_demo,POOR
2026-10-06T23:44:34.943559+00:00,Wi-Fi,Wi-Fi,103.16,5.55,23.16,5.54,1.86,43.0,21895645248,64230867763,18257195,53553221,902.74,68.45,synthetic_demo,POOR
2026-10-06T23:44:39.943559+00:00,Ethernet0,Ethernet,11.92,0.0,0.1,135.06,41.54,,21921605579,64315277546,18278828,53623562,21556.66,16.6,synthetic_demo,GOOD
2026-10-06T23:44:44.943559+00:00,Ethernet0,Ethernet,176.85,17.92,47.72,0.29,0.77,,21922088107,64315459283,18279230,53623713,129.74,83.34,synthetic_demo,POOR
2026-10-06T23:44:49.943559+00:00,Ethernet0,Ethernet,14.31,0.0,0.23,172.95,58.2,,21958462942,64423553290,18309542,53713791,28216.57,16.34,synthetic_demo,GOOD
2026-10-06T23:44:54.943559+00:00,Wi-Fi,Wi-Fi,168.12,5.08,22.1,5.37,2.68,31.9,21960140507,64426908624,18310939,53716587,982.99,73.7,synthetic_demo,POOR
2026-10-06T23:44:59.943559+00:00,Wi-Fi,Wi-Fi,25.67,0.0,2.89,76.41,28.7,96.3,21978079048,64474666528,18325887,53756385,12831.34,21.68,synthetic_demo,GOOD
2026-10-06T23:45:04.943559+00:00,Wi-Fi,Wi-Fi,101.41,9.8,15.36,8.3,2.12,25.5,21979403032,64479851135,18326990,53760705,1271.21,74.79,synthetic_demo,POOR
2026-10-06T23:45:09.943559+00:00,Wi-Fi,Wi-Fi,99.86,8.33,26.67,2.61,2.02,29.0,21980662897,64481479562,18328039,53762062,564.12,64.29,synthetic_demo,POOR
2026-10-06T23:45:14.943559+00:00,Wi-Fi,Wi-Fi,75.71,5.61,23.53,5.92,2.69,44.9,21982344230,64485181858,18329440,53765147,1051.49,73.58,synthetic_demo,POOR
2026-10-06T23:45:19.943559+00:00,Wi-Fi,Wi-Fi,141.2,3.52,24.76,9.54,3.89,64.7,21984777862,64491146985,18331468,53770117,1640.38,85.93,synthetic_demo,POOR
2026-10-06T23:45:24.943559+00:00,Wi-Fi,Wi-Fi,23.18,0.0,0.55,56.0,15.13,85.8,21994234074,64526146478,18339348,53799283,8682.75,25.02,synthetic_demo,GOOD
2026-10-06T23:45:29.943559+00:00,Ethernet0,Ethernet,10.33,0.0,4.15,150.43,61.81,,22032862363,64620164028,18371538,53877630,25907.39,27.99,synthetic_demo,GOOD
2026-10-06T23:45:34.943559+00:00,Wi-Fi,Wi-Fi,27.82,0.0,3.03,67.67,28.32,75.8,22050564089,64662456529,18386289,53912873,11717.62,37.96,synthetic_demo,GOOD
2026-10-06T23:45:39.943559+00:00,Ethernet0,Ethernet,13.94,0.0,0.38,118.12,55.23,,22085084207,64736279324,18415055,53974391,21160.73,24.84,synthetic_demo,GOOD
2026-10-06T23:45:44.943559+00:00,Ethernet0,Ethernet,119.16,3.59,16.63,13.3,2.29,,22086518562,64744593225,18416250,53981319,1903.96,89.79,synthetic_demo,MODERATE
2026-10-06T23:45:49.943559+00:00,Wi-Fi,Wi-Fi,16.02,0.0,0.1,69.89,25.18,86.5,22102255445,64788275061,18429364,54017720,11605.22,23.43,synthetic_demo,GOOD
2026-10-06T23:45:54.943559+00:00,Ethernet0,Ethernet,246.91,32.1,46.67,0.76,0.22,,22102393599,64788751535,18429479,54018117,120.04,86.7,synthetic_demo,POOR
2026-10-06T23:45:59.943559+00:00,Wi-Fi,Wi-Fi,31.86,3.03,16.72,25.09,5.81,54.7,22106023418,64804431116,18432503,54031183,3771.37,50.37,synthetic_demo,MODERATE
2026-10-06T23:46:04.943559+00:00,Wi-Fi,Wi-Fi,161.4,6.3,18.77,10.5,0.53,37.4,22106355142,64810991164,18432779,54036649,1346.05,59.65,synthetic_demo,POOR
2026-10-06T23:46:09.943559+00:00,Ethernet0,Ethernet,14.38,0.0,3.65,169.44,61.52,,22144805051,64916892765,18464820,54124900,28193.65,21.77,synthetic_demo,GOOD
2026-10-06T23:46:14.943559+00:00,Wi-Fi,Wi-Fi,127.55,6.67,29.44,6.13,2.81,39.3,22146563734,64920724993,18466285,54128093,1091.97,53.86,synthetic_demo,POOR
2026-10-06T23:46:19.943559+00:00,Wi-Fi,Wi-Fi,193.35,20.81,45.58,0.66,0.66,19.1,22146976365,64921137379,18466628,54128436,161.14,86.61,synthetic_demo,POOR
2026-10-06T23:46:24.943559+00:00,Wi-Fi,Wi-Fi,26.14,0.0,0.1,70.72,21.76,93.2,22160575298,64965339793,18477960,54165271,11289.33,35.8,synthetic_demo,GOOD
2026-10-06T23:46:29.943559+00:00,Wi-Fi,Wi-Fi,71.5,3.21,13.71,8.63,5.06,45.4,22163740393,64970732748,18480597,54169765,1671.49,41.87,synthetic_demo,MODERATE
2026-10-06T23:46:34.943559+00:00,Ethernet0,Ethernet,75.6,2.52,18.24,15.1,4.46,,22166527230,64980169312,18482919,54177628,2387.38,87.66,synthetic_demo,MODERATE
2026-10-06T23:46:39.943559+00:00,Ethernet0,Ethernet,15.24,0.0,1.87,150.55,53.22,,22199787788,65074261467,18510636,54256038,24873.58,13.14,synthetic_demo,GOOD
2026-10-06T23:46:44.943559+00:00,Wi-Fi,Wi-Fi,64.43,2.13,10.1,23.17,5.23,35.9,22203056842,65088745302,18513360,54268107,3467.36,55.01,synthetic_demo,POOR
2026-10-06T23:46:49.943559+00:00,Wi-Fi,Wi-Fi,24.79,0.0,0.11,78.83,28.77,80.7,22221039073,65138014521,18528345,54309164,13135.05,27.76,synthetic_demo,GOOD
2026-10-06T23:46:54.943559+00:00,Ethernet0,Ethernet,15.25,0.0,3.08,176.11,35.28,,22243089202,65248085100,18546720,54400889,25804.83,9.76,synthetic_demo,GOOD
2026-10-06T23:46:59.943559+00:00,Wi-Fi,Wi-Fi,20.8,0.0,2.05,67.33,27.75,83.3,22260434692,65290168488,18561174,54435958,11607.2,16.52,synthetic_demo,GOOD
2026-10-06T23:47:04.943559+00:00,Ethernet0,Ethernet,10.08,0.0,1.24,147.17,67.71,,22302751203,65382148682,18596437,54512608,26229.83,20.77,synthetic_demo,GOOD
2026-10-06T23:47:09.943559+00:00,Ethernet0,Ethernet,12.52,0.11,1.49,159.71,51.26,,22334788226,65481968839,18623134,54595791,25753.36,29.03,synthetic_demo,GOOD
2026-10-06T23:47:14.943559+00:00,Ethernet0,Ethernet,13.27,0.0,0.58,126.72,48.79,,22365280988,65561168777,18648544,54661790,21424.36,15.71,synthetic_demo,GOOD
2026-10-06T23:47:19.943559+00:00,Ethernet0,Ethernet,227.34,59.86,40.31,0.52,0.19,,22365398618,65561491313,18648642,54662058,85.97,97.45,synthetic_demo,POOR
2026-10-06T23:47:24.943559+00:00,Wi-Fi,Wi-Fi,90.23,2.8,21.16,19.58,5.99,35.9,22369144936,65573728558,18651763,54672255,3121.79,48.2,synthetic_demo,POOR
2026-10-06T23:47:29.943559+00:00,Wi-Fi,Wi-Fi,280.22,40.2,53.56,0.21,0.44,18.3,22369418354,65573858724,18651990,54672363,78.83,98.96,synthetic_demo,POOR
2026-10-06T23:47:34.943559+00:00,Wi-Fi,Wi-Fi,33.43,0.0,4.41,93.49,18.55,95.1,22381011580,65632290552,18661651,54721056,13676.77,35.62,synthetic_demo,GOOD
2026-10-06T23:47:39.943559+00:00,Wi-Fi,Wi-Fi,28.31,0.0,17.01,82.39,27.26,96.9,22398051463,65683783765,18675850,54763967,13385.37,15.29,synthetic_demo,MODERATE
2026-10-06T23:47:44.943559+00:00,Wi-Fi,Wi-Fi,129.02,1.49,14.62,20.87,7.24,49.4,22402575336,65696828793,18679619,54774837,3431.43,74.9,synthetic_demo,MODERATE
2026-10-06T23:47:49.943559+00:00,Wi-Fi,Wi-Fi,29.4,0.0,1.13,61.51,30.99,87.5,22421943279,65735275451,18695758,54806875,11291.91,17.7,synthetic_demo,GOOD
2026-10-06T23:47:54.943559+00:00,Ethernet0,Ethernet,12.88,0.0,0.72,149.85,51.62,,22454208894,65828929603,18722646,54884920,24593.7,33.91,synthetic_demo,GOOD
2026-10-06T23:47:59.943559+00:00,Wi-Fi,Wi-Fi,68.2,1.17,14.63,13.26,6.17,40.7,22458065995,65837214855,18725860,54891824,2371.55,43.08,synthetic_demo,MODERATE
2026-10-06T23:48:04.943559+00:00,Ethernet0,Ethernet,12.67,0.0,1.75,171.19,50.1,,22489379904,65944210332,18751954,54980986,27013.55,24.16,synthetic_demo,GOOD
2026-10-06T23:48:09.943559+00:00,Wi-Fi,Wi-Fi,84.75,2.23,21.05,17.67,8.29,50.7,22494560736,65955253764,18756271,54990188,3168.8,46.69,synthetic_demo,MODERATE
2026-10-06T23:48:14.943559+00:00,Ethernet0,Ethernet,126.47,1.56,34.26,15.29,5.79,,22498182565,65964810302,18759289,54998151,2573.9,96.82,synthetic_demo,POOR
2026-10-06T23:48:19.943559+00:00,Ethernet0,Ethernet,11.05,0.0,3.41,137.86,47.39,,22527801293,66050974985,18783971,55069954,22613.95,6.74,synthetic_demo,GOOD
2026-10-06T23:48:24.943559+00:00,Ethernet0,Ethernet,13.14,0.0,0.62,163.9,54.51,,22561867811,66153410186,18812359,55155316,26660.49,6.91,synthetic_demo,GOOD
2026-10-06T23:48:29.943559+00:00,Ethernet0,Ethernet,106.46,1.87,30.5,8.3,4.46,,22564655913,66158598406,18814682,55159639,1557.88,95.88,synthetic_demo,POOR
2026-10-06T23:48:34.943559+00:00,Wi-Fi,Wi-Fi,34.17,0.0,1.01,83.87,32.77,75.3,22585136641,66211019887,18831749,55203323,14238.71,41.56,synthetic_demo,GOOD
2026-10-06T23:48:39.943559+00:00,Ethernet0,Ethernet,14.71,0.0,0.88,152.68,23.45,,22599793219,66306444689,18843962,55282843,21500.27,18.48,synthetic_demo,GOOD
2026-10-06T23:48:44.943559+00:00,Ethernet0,Ethernet,252.07,50.47,59.25,2.49,0.62,,22600178077,66308001048,18844282,55284139,379.14,93.58,synthetic_demo,POOR
2026-10-06T23:48:49.943559+00:00,Ethernet0,Ethernet,9.6,0.0,0.65,178.23,41.93,,22626382268,66419396629,18866118,55376968,26874.96,20.0,synthetic_demo,GOOD
2026-10-06T23:48:54.943559+00:00,Ethernet0,Ethernet,138.45,1.76,27.09,10.19,2.85,,22628162730,66425765568,18867601,55382275,1591.68,92.11,synthetic_demo,POOR
2026-10-06T23:48:59.943559+00:00,Wi-Fi,Wi-Fi,208.51,37.94,56.45,0.98,0.56,18.5,22628511438,66426380045,18867891,55382787,188.12,78.53,synthetic_demo,POOR
2026-10-06T23:49:04.943559+00:00,Ethernet0,Ethernet,13.3,0.0,3.14,154.43,49.82,,22659650551,66522900020,18893840,55463220,24933.42,18.71,synthetic_demo,GOOD
2026-10-06T23:49:09.943559+00:00,Ethernet0,Ethernet,9.32,0.09,0.69,159.27,51.79,,22692022384,66622441971,18920816,55546171,25764.41,7.57,synthetic_demo,GOOD
2026-10-06T23:49:14.943559+00:00,Ethernet0,Ethernet,10.45,0.0,2.24,111.68,45.62,,22720532328,66692243608,18944574,55604339,19201.48,26.3,synthetic_demo,GOOD
2026-10-06T23:49:19.943559+00:00,Wi-Fi,Wi-Fi,24.74,0.0,2.16,57.35,26.42,80.1,22737042170,66728087163,18958332,55634208,10225.27,18.23,synthetic_demo,GOOD
2026-10-06T23:49:24.943559+00:00,Ethernet0,Ethernet,13.86,0.0,0.32,147.59,42.84,,22763816116,66820331575,18980643,55711078,23245.77,23.7,synthetic_demo,GOOD
2026-10-06T23:49:29.943559+00:00,Wi-Fi,Wi-Fi,66.67,2.1,11.22,13.54,3.46,68.4,22765977955,66828797140,18982444,55718132,2075.66,95.82,synthetic_demo,MODERATE
2026-10-06T23:49:34.943559+00:00,Ethernet0,Ethernet,11.45,0.0,1.42,140.89,57.37,,22801834347,66916851358,19012324,55791510,24201.29,31.55,synthetic_demo,GOOD
2026-10-06T23:49:39.943559+00:00,Wi-Fi,Wi-Fi,43.47,1.72,6.99,15.65,4.22,41.4,22804473190,66926634104,19014523,55799662,2426.09,42.61,synthetic_demo,MODERATE
2026-10-06T23:49:44.943559+00:00,Wi-Fi,Wi-Fi,221.08,20.57,67.96,1.65,1.0,14.6,22805096171,66927665144,19015042,55800521,323.05,78.39,synthetic_demo,POOR
2026-10-06T23:49:49.943559+00:00,Wi-Fi,Wi-Fi,78.54,11.49,32.69,3.41,0.34,29.8,22805310435,66929796040,19015220,55802296,458.04,81.18,synthetic_demo,POOR
2026-10-06T23:49:54.943559+00:00,Wi-Fi,Wi-Fi,71.85,2.47,19.03,16.58,3.57,47.6,22807540630,66940159040,19017078,55810931,2459.61,53.49,synthetic_demo,MODERATE
2026-10-06T23:49:59.943559+00:00,Wi-Fi,Wi-Fi,25.86,0.0,3.81,77.01,16.52,98.0,22817864641,66988287279,19025681,55851037,11416.46,30.64,synthetic_demo,GOOD
2026-10-06T23:50:04.943559+00:00,Wi-Fi,Wi-Fi,82.17,2.54,19.4,20.79,7.45,48.7,22822521015,67001279367,19029561,55861863,3446.97,54.47,synthetic_demo,MODERATE
2026-10-06T23:50:09.943559+00:00,Wi-Fi,Wi-Fi,81.08,1.58,19.44,23.26,2.9,53.5,22824335286,67015814538,19031072,55873975,3193.25,59.32,synthetic_demo,MODERATE
2026-10-06T23:50:14.943559+00:00,Wi-Fi,Wi-Fi,28.98,0.0,0.72,87.66,23.24,76.2,22838862364,67070600432,19043177,55919629,13537.69,27.93,synthetic_demo,GOOD
2026-10-06T23:50:19.943559+00:00,Ethernet0,Ethernet,16.13,0.0,0.37,147.59,51.27,,22870904680,67162847032,19069878,55996501,24275.18,8.14,synthetic_demo,GOOD
2026-10-06T23:50:24.943559+00:00,Wi-Fi,Wi-Fi,161.37,5.95,18.64,11.54,2.31,36.9,22872347602,67170061394,19071080,56002512,1690.88,50.38,synthetic_demo,POOR
2026-10-06T23:50:29.943559+00:00,Wi-Fi,Wi-Fi,27.33,0.0,1.76,74.88,28.84,91.0,22890369633,67216862063,19086098,56041512,12660.68,12.43,synthetic_demo,GOOD
2026-10-06T23:50:34.943559+00:00,Ethernet0,Ethernet,9.99,0.0,0.19,174.33,46.85,,22919651130,67325818665,19110499,56132309,26999.63,14.85,synthetic_demo,GOOD
2026-10-06T23:50:39.943559+00:00,Wi-Fi,Wi-Fi,23.23,0.0,1.38,68.86,26.1,88.6,22935963511,67368858647,19124092,56168175,11592.26,26.87,synthetic_demo,GOOD
2026-10-06T23:50:44.943559+00:00,Wi-Fi,Wi-Fi,32.54,0.0,2.48,71.29,23.93,80.2,22950918490,67413412329,19136554,56205303,11622.79,35.16,synthetic_demo,GOOD
2026-10-06T23:50:49.943559+00:00,Wi-Fi,Wi-Fi,113.99,8.18,33.01,10.96,2.22,41.7,22952306192,67420264832,19137710,56211013,1609.42,81.62,synthetic_demo,POOR
2026-10-06T23:50:54.943559+00:00,Ethernet0,Ethernet,98.39,3.11,17.5,13.88,3.56,,22954531884,67428941260,19139564,56218243,2129.32,98.97,synthetic_demo,MODERATE
2026-10-06T23:50:59.943559+00:00,Wi-Fi,Wi-Fi,50.33,3.03,15.09,14.58,4.11,77.5,22957098935,67438055597,19141703,56225838,2281.52,98.98,synthetic_demo,MODERATE
2026-10-06T23:51:04.943559+00:00,Ethernet0,Ethernet,10.28,0.0,3.4,180.49,40.5,,22982410529,67550859157,19162795,56319840,26975.62,22.95,synthetic_demo,GOOD
2026-10-06T23:51:09.943559+00:00,Wi-Fi,Wi-Fi,24.78,0.0,0.57,72.52,17.26,93.3,22993197211,67596181854,19171783,56357608,10958.86,37.94,synthetic_demo,GOOD
2026-10-06T23:51:14.943559+00:00,Wi-Fi,Wi-Fi,28.88,0.0,2.23,88.08,21.96,79.3,23006925094,67651231792,19183222,56403482,13433.17,20.14,synthetic_demo,GOOD
2026-10-06T23:51:19.943559+00:00,Ethernet0,Ethernet,13.38,0.0,1.59,130.0,41.21,,23032681242,67732480055,19204685,56471188,20899.3,32.34,synthetic_demo,GOOD
2026-10-06T23:51:24.943559+00:00,Wi-Fi,Wi-Fi,24.07,0.0,1.57,55.73,26.86,78.0,23049466801,67767313328,19218672,56500215,10081.8,24.19,synthetic_demo,GOOD
2026-10-06T23:51:29.943559+00:00,Wi-Fi,Wi-Fi,122.83,2.49,20.05,19.84,3.74,83.8,23051806587,67779710353,19220621,56510545,2878.28,86.57,synthetic_demo,MODERATE
2026-10-06T23:51:34.943559+00:00,Ethernet0,Ethernet,12.75,0.0,0.53,173.72,69.48,,23095234245,67888288049,19256810,56601026,29688.55,12.28,synthetic_demo,GOOD
2026-10-06T23:51:39.943559+00:00,Wi-Fi,Wi-Fi,71.4,2.1,12.38,29.32,6.93,36.5,23099562753,67906614820,19260417,56616298,4424.86,40.12,synthetic_demo,POOR
2026-10-06T23:51:44.943559+00:00,Ethernet0,Ethernet,11.93,0.0,1.38,141.71,72.75,,23145031430,67995180453,19298307,56690102,26178.58,8.75,synthetic_demo,GOOD
2026-10-06T23:51:49.943559+00:00,Ethernet0,Ethernet,12.69,0.0,1.68,144.81,60.03,,23182548990,68085684478,19329571,56765522,25004.22,11.09,synthetic_demo,GOOD
2026-10-06T23:51:54.943559+00:00,Ethernet0,Ethernet,16.21,0.0,1.79,142.55,50.29,,23213979106,68174779092,19355762,56839767,23539.99,33.61,synthetic_demo,GOOD
2026-10-06T23:51:59.943559+00:00,Ethernet0,Ethernet,274.72,56.55,33.59,0.33,0.53,,23214309029,68174985608,19356036,56839939,104.77,83.69,synthetic_demo,POOR
2026-10-06T23:52:04.943559+00:00,Wi-Fi,Wi-Fi,175.81,7.35,28.88,5.69,1.48,39.4,23215234637,68178542242,19356807,56842902,875.44,57.13,synthetic_demo,POOR
2026-10-06T23:52:09.943559+00:00,Ethernet0,Ethernet,184.71,42.03,67.68,1.74,0.49,,23215542938,68179632044,19357063,56843810,273.07,80.1,synthetic_demo,POOR
2026-10-06T23:52:14.943559+00:00,Wi-Fi,Wi-Fi,26.19,0.0,1.49,75.89,20.99,87.7,23228662436,68227065551,19367995,56883337,11826.76,21.5,synthetic_demo,GOOD
2026-10-06T23:52:19.943559+00:00,Ethernet0,Ethernet,11.83,0.0,0.94,153.87,35.6,,23250912295,68323235388,19386536,56963478,23128.85,13.34,synthetic_demo,GOOD
2026-10-06T23:52:24.943559+00:00,Wi-Fi,Wi-Fi,17.87,1.31,13.55,13.7,6.77,36.1,23255142655,68331799386,19390061,56970614,2498.9,66.87,synthetic_demo,MODERATE
2026-10-06T23:52:29.943559+00:00,Wi-Fi,Wi-Fi,24.91,0.0,2.06,106.51,14.83,86.5,23264410345,68398365594,19397784,57026085,14811.31,28.5,synthetic_demo,GOOD
2026-10-06T23:52:34.943559+00:00,Wi-Fi,Wi-Fi,93.14,9.69,23.51,10.4,0.2,35.7,23264538086,68404863180,19397890,57031499,1294.01,65.87,synthetic_demo,POOR
2026-10-06T23:52:39.943559+00:00,Ethernet0,Ethernet,8.93,0.0,1.79,156.02,55.74,,23299374134,68502375695,19426920,57112759,25849.33,34.13,synthetic_demo,GOOD
2026-10-06T23:52:44.943559+00:00,Wi-Fi,Wi-Fi,26.78,0.0,0.16,76.57,26.41,84.6,23315879139,68550230256,19440674,57152637,12570.23,17.42,synthetic_demo,GOOD
2026-10-06T23:52:49.943559+00:00,Ethernet0,Ethernet,12.12,0.0,1.57,172.85,40.17,,23340984494,68658260875,19461595,57242662,26003.12,34.25,synthetic_demo,GOOD
2026-10-06T23:52:54.943559+00:00,Wi-Fi,Wi-Fi,23.47,0.0,1.39,83.77,20.78,92.5,23353973254,68710617675,19472418,57286292,12762.8,22.79,synthetic_demo,GOOD
2026-10-06T23:52:59.943559+00:00,Ethernet0,Ethernet,103.32,3.6,23.26,19.4,4.61,,23356852386,68722740021,19474817,57296393,2929.98,89.54,synthetic_demo,MODERATE
2026-10-06T23:53:04.943559+00:00,Wi-Fi,Wi-Fi,12.94,0.0,0.29,53.35,28.89,75.4,23374909653,68756081097,19489864,57324177,10038.74,29.34,synthetic_demo,GOOD
2026-10-06T23:53:09.943559+00:00,Wi-Fi,Wi-Fi,16.53,0.36,2.84,102.16,25.15,86.4,23390625752,68819929861,19502960,57377384,15540.01,12.11,synthetic_demo,GOOD
2026-10-06T23:53:14.943559+00:00,Wi-Fi,Wi-Fi,19.88,0.0,4.96,63.4,28.24,94.8,23408276916,68859554096,19517669,57410404,11186.6,21.99,synthetic_demo,GOOD
2026-10-06T23:53:19.943559+00:00,Wi-Fi,Wi-Fi,37.64,0.0,4.43,69.62,24.44,89.0,23423551091,68903065098,19530397,57446663,11481.48,27.2,synthetic_demo,GOOD
2026-10-06T23:53:24.943559+00:00,Wi-Fi,Wi-Fi,110.89,3.79,19.85,14.35,1.1,79.4,23424241634,68912032226,19530972,57454135,1886.26,98.02,synthetic_demo,MODERATE
2026-10-06T23:53:29.943559+00:00,Wi-Fi,Wi-Fi,150.12,7.19,31.93,10.21,2.63,35.2,23425884637,68918413528,19532341,57459452,1567.25,66.36,synthetic_demo,POOR
2026-10-06T23:53:34.943559+00:00,Ethernet0,Ethernet,232.58,26.76,62.35,1.73,0.84,,23426406702,68919493822,19532776,57460352,312.96,78.13,synthetic_demo,POOR
2026-10-06T23:53:39.943559+00:00,Ethernet0,Ethernet,104.04,3.72,15.68,10.07,0.36,,23426628806,68925789161,19532961,57465598,1272.94,87.23,synthetic_demo,MODERATE
2026-10-06T23:53:44.943559+00:00,Wi-Fi,Wi-Fi,26.18,0.0,14.04,96.95,26.83,94.8,23443395652,68986383699,19546933,57516093,15109.65,34.53,synthetic_demo,MODERATE
2026-10-06T23:53:49.943559+00:00,Wi-Fi,Wi-Fi,67.87,1.18,17.91,4.98,4.35,79.9,23446112281,68989498741,19549196,57518688,1139.0,85.11,synthetic_demo,POOR
2026-10-06T23:53:54.943559+00:00,Wi-Fi,Wi-Fi,29.93,0.0,0.7,88.69,20.84,87.6,23459140256,69044930770,19560052,57564881,13371.09,32.89,synthetic_demo,GOOD
2026-10-06T23:53:59.943559+00:00,Wi-Fi,Wi-Fi,31.78,0.0,3.66,71.55,21.68,85.0,23472688437,69089652186,19571342,57602148,11380.78,19.12,synthetic_demo,GOOD
2026-10-06T23:54:04.943559+00:00,Wi-Fi,Wi-Fi,126.71,7.25,29.85,3.8,1.99,43.9,23473931558,69092027013,19572377,57604127,706.63,76.78,synthetic_demo,POOR
2026-10-06T23:54:09.943559+00:00,Ethernet0,Ethernet,10.07,0.0,1.13,160.87,61.26,,23512217057,69192571067,19604281,57687913,27115.15,9.65,synthetic_demo,GOOD
2026-10-06T23:54:14.943559+00:00,Wi-Fi,Wi-Fi,143.51,4.61,25.8,6.88,2.33,30.4,23513671179,69196871843,19605492,57691496,1124.0,72.0,synthetic_demo,POOR
2026-10-06T23:54:19.943559+00:00,Wi-Fi,Wi-Fi,22.43,0.0,1.14,70.69,23.97,78.0,23528650071,69241050741,19617974,57728311,11554.26,12.18,synthetic_demo,GOOD
2026-10-06T23:54:24.943559+00:00,Wi-Fi,Wi-Fi,72.24,1.46,10.82,22.26,6.79,50.7,23532894773,69254960868,19621511,57739902,3545.87,58.57,synthetic_demo,MODERATE
2026-10-06T23:54:29.943559+00:00,Wi-Fi,Wi-Fi,82.71,1.24,31.74,10.2,5.43,65.5,23536288193,69261335380,19624338,57745214,1907.8,97.2,synthetic_demo,POOR
2026-10-06T23:54:34.943559+00:00,Wi-Fi,Wi-Fi,125.14,7.16,39.03,10.77,2.54,26.3,23537877427,69268068908,19625662,57750825,1625.54,70.77,synthetic_demo,POOR
2026-10-06T23:54:39.943559+00:00,Wi-Fi,Wi-Fi,93.15,1.22,10.88,22.9,7.3,39.9,23542442219,69282378555,19629465,57762749,3686.41,65.06,synthetic_demo,MODERATE
2026-10-06T23:54:44.943559+00:00,Wi-Fi,Wi-Fi,64.85,1.0,20.6,18.94,4.3,54.6,23545130617,69294216925,19631705,57772614,2837.26,68.8,synthetic_demo,MODERATE
2026-10-06T23:54:49.943559+00:00,Ethernet0,Ethernet,15.43,0.0,0.27,101.96,21.56,,23558605969,69357942588,19642934,57825718,15078.32,20.66,synthetic_demo,GOOD
2026-10-06T23:54:54.943559+00:00,Wi-Fi,Wi-Fi,47.08,3.36,22.87,27.27,6.87,43.3,23562897276,69374987187,19646510,57839921,4167.17,57.57,synthetic_demo,MODERATE
2026-10-06T23:54:59.943559+00:00,Ethernet0,Ethernet,12.78,0.0,0.32,162.32,52.9,,23595957712,69476437508,19674060,57924462,26271.63,9.91,synthetic_demo,GOOD
2026-10-06T23:55:04.943559+00:00,Wi-Fi,Wi-Fi,83.23,2.75,28.56,7.71,5.77,80.4,23599563980,69481253730,19677065,57928475,1645.02,92.7,synthetic_demo,POOR
2026-10-06T23:55:09.943559+00:00,Wi-Fi,Wi-Fi,82.27,3.11,17.55,17.27,4.28,52.8,23602238976,69492048153,19679294,57937470,2630.75,56.36,synthetic_demo,MODERATE
2026-10-06T23:55:14.943559+00:00,Ethernet0,Ethernet,74.61,3.51,13.1,17.56,3.47,,23604405650,69503020153,19681099,57946613,2566.15,88.31,synthetic_demo,MODERATE
2026-10-06T23:55:19.943559+00:00,Ethernet0,Ethernet,12.25,0.0,0.14,162.12,59.39,,23641522794,69604347775,19712029,58031052,27039.99,31.31,synthetic_demo,GOOD
2026-10-06T23:55:24.943559+00:00,Ethernet0,Ethernet,11.96,0.06,0.88,160.83,42.28,,23667949952,69704866931,19734051,58114817,24794.2,10.54,synthetic_demo,GOOD
2026-10-06T23:55:29.943559+00:00,Wi-Fi,Wi-Fi,103.1,3.07,36.68,8.1,5.14,70.4,23671160347,69709929377,19736726,58119035,1615.79,85.46,synthetic_demo,POOR
2026-10-06T23:55:34.943559+00:00,Ethernet0,Ethernet,10.99,0.0,3.45,133.67,35.63,,23693431273,69793470152,19755285,58188652,20666.35,14.83,synthetic_demo,GOOD
2026-10-06T23:55:39.943559+00:00,Ethernet0,Ethernet,13.38,0.0,0.59,157.17,70.14,,23737266887,69891703585,19791814,58270513,27747.86,16.56,synthetic_demo,GOOD
2026-10-06T23:55:44.943559+00:00,Ethernet0,Ethernet,11.24,0.0,0.18,145.65,42.47,,23763812391,69982732895,19813935,58346370,22963.83,7.2,synthetic_demo,GOOD
2026-10-06T23:55:49.943559+00:00,Ethernet0,Ethernet,313.81,41.08,60.65,0.21,0.24,,23763963471,69982863282,19814060,58346478,54.97,92.56,synthetic_demo,POOR
2026-10-06T23:55:54.943559+00:00,Ethernet0,Ethernet,102.44,1.81,15.06,9.57,5.33,,23767295323,69988846622,19816836,58351464,1819.37,85.61,synthetic_demo,MODERATE
2026-10-06T23:55:59.943559+00:00,Wi-Fi,Wi-Fi,25.17,0.0,2.55,98.53,22.6,97.2,23781423113,70050427266,19828609,58402781,14786.8,18.02,synthetic_demo,GOOD
2026-10-06T23:56:04.943559+00:00,Wi-Fi,Wi-Fi,21.52,0.0,4.11,103.47,16.44,89.7,23791697511,70115094779,19837170,58456670,14637.09,24.55,synthetic_demo,GOOD
2026-10-06T23:56:09.943559+00:00,Wi-Fi,Wi-Fi,21.97,0.0,1.63,73.42,19.01,90.9,23803579700,70160980483,19847071,58494908,11282.79,37.97,synthetic_demo,GOOD
2026-10-06T23:56:14.943559+00:00,Wi-Fi,Wi-Fi,100.99,3.2,13.75,18.72,2.88,72.7,23805381466,70172679804,19848572,58504657,2636.93,88.38,synthetic_demo,MODERATE
2026-10-06T23:56:19.943559+00:00,Ethernet0,Ethernet,111.53,1.58,16.03,12.02,2.86,,23807169972,70180192661,19850062,58510917,1816.67,91.99,synthetic_demo,MODERATE
2026-10-06T23:56:24.943559+00:00,Ethernet0,Ethernet,14.55,0.0,0.79,167.22,60.99,,23845291319,70284706385,19881829,58598011,27858.41,17.65,synthetic_demo,GOOD
2026-10-06T23:56:29.943559+00:00,Ethernet0,Ethernet,16.7,0.0,4.41,147.33,46.89,,23874599775,70376790165,19906252,58674747,23709.42,13.64,synthetic_demo,GOOD
2026-10-06T23:56:34.943559+00:00,Ethernet0,Ethernet,9.64,0.0,2.65,156.47,44.33,,23902307253,70474583319,19929341,58756241,24511.84,32.99,synthetic_demo,GOOD
2026-10-06T23:56:39.943559+00:00,Ethernet0,Ethernet,172.18,2.4,26.07,19.02,1.39,,23903173474,70486471271,19930062,58766147,2491.05,91.47,synthetic_demo,POOR
2026-10-06T23:56:44.943559+00:00,Wi-Fi,Wi-Fi,137.2,2.0,23.45,12.36,4.09,75.2,23905732553,70494194341,19932194,58772582,2008.23,87.6,synthetic_demo,MODERATE
2026-10-06T23:56:49.943559+00:00,Wi-Fi,Wi-Fi,27.62,0.0,0.22,89.36,18.88,82.1,23917531303,70550045058,19942026,58819124,13212.79,11.74,synthetic_demo,GOOD
2026-10-06T23:56:54.943559+00:00,Ethernet0,Ethernet,10.71,0.0,0.12,168.0,42.8,,23944278875,70655042926,19964315,58906622,25731.53,28.23,synthetic_demo,GOOD
2026-10-06T23:56:59.943559+00:00,Ethernet0,Ethernet,10.61,0.0,2.45,149.43,36.93,,23967362664,70748436345,19983551,58984449,22749.45,25.64,synthetic_demo,GOOD
2026-10-06T23:57:04.943559+00:00,Ethernet0,Ethernet,275.79,25.28,57.56,1.28,0.89,,23967918784,70749239423,19984014,58985118,265.47,72.34,synthetic_demo,POOR
2026-10-06T23:57:09.943559+00:00,Wi-Fi,Wi-Fi,18.23,0.0,1.84,86.26,17.97,81.9,23979152095,70803150323,19993375,59030043,12723.48,31.47,synthetic_demo,GOOD
2026-10-06T23:57:14.943559+00:00,Ethernet0,Ethernet,129.05,2.89,17.91,16.96,3.48,,23981328889,70813749656,19995188,59038875,2495.34,96.3,synthetic_demo,MODERATE
2026-10-06T23:57:19.943559+00:00,Wi-Fi,Wi-Fi,40.66,1.87,13.27,11.72,7.26,54.4,23985864149,70821073861,19998967,59044978,2316.3,57.4,synthetic_demo,MODERATE
2026-10-06T23:57:24.943559+00:00,Wi-Fi,Wi-Fi,26.29,0.0,0.65,85.91,20.17,75.9,23998469185,70874769362,20009471,59089724,12949.32,11.8,synthetic_demo,GOOD
2026-10-06T23:57:29.943559+00:00,Ethernet0,Ethernet,16.04,0.0,0.7,174.59,51.52,,24030670396,70983886476,20036305,59180654,27601.24,8.16,synthetic_demo,GOOD
2026-10-06T23:57:34.943559+00:00,Ethernet0,Ethernet,15.46,0.0,4.59,146.99,43.91,,24058115251,71075757121,20059175,59257212,23303.81,19.63,synthetic_demo,GOOD
2026-10-06T23:57:39.943559+00:00,Wi-Fi,Wi-Fi,93.54,2.51,11.46,10.44,6.8,39.4,24062366573,71082284762,20062717,59262651,2105.27,41.66,synthetic_demo,POOR
2026-10-06T23:57:44.943559+00:00,Wi-Fi,Wi-Fi,140.23,2.03,18.73,10.51,6.35,79.6,24066334186,71088853966,20066023,59268125,2057.97,98.67,synthetic_demo,POOR
2026-10-06T23:57:49.943559+00:00,Wi-Fi,Wi-Fi,85.98,2.37,13.03,21.07,8.14,43.5,24071422511,71102022102,20070263,59279098,3565.72,47.98,synthetic_demo,MODERATE
2026-10-06T23:57:54.943559+00:00,Wi-Fi,Wi-Fi,76.26,3.47,11.17,12.87,8.36,51.5,24076646933,71110063854,20074616,59285799,2591.05,66.91,synthetic_demo,MODERATE
2026-10-06T23:57:59.943559+00:00,Ethernet0,Ethernet,10.73,0.0,2.36,166.68,35.83,,24099040744,71214240111,20093277,59372612,24720.72,20.77,synthetic_demo,GOOD
2026-10-06T23:58:04.943559+00:00,Wi-Fi,Wi-Fi,269.07,51.36,71.81,1.02,0.83,16.7,24099561332,71214875024,20093710,59373141,225.68,83.2,synthetic_demo,POOR
2026-10-06T23:58:09.943559+00:00,Ethernet0,Ethernet,98.61,1.2,22.7,14.45,5.87,,24103227720,71223904113,20096765,59380665,2479.59,97.12,synthetic_demo,MODERATE
2026-10-06T23:58:14.943559+00:00,Wi-Fi,Wi-Fi,25.14,0.0,7.86,49.39,30.66,85.7,24122391118,71254773869,20112734,59406389,9772.1,21.48,synthetic_demo,GOOD
2026-10-06T23:58:19.943559+00:00,Wi-Fi,Wi-Fi,257.55,59.88,73.17,1.99,0.31,15.3,24122584857,71256016687,20112895,59407424,280.58,80.08,synthetic_demo,POOR
2026-10-06T23:58:24.943559+00:00,Wi-Fi,Wi-Fi,80.49,2.42,14.09,13.75,4.62,52.3,24125474033,71264611397,20115302,59414586,2242.95,71.28,synthetic_demo,MODERATE
2026-10-06T23:58:29.943559+00:00,Wi-Fi,Wi-Fi,64.87,3.0,7.23,21.93,7.13,45.4,24129930533,71278316478,20119015,59426006,3547.18,71.9,synthetic_demo,MODERATE
2026-10-06T23:58:34.943559+00:00,Wi-Fi,Wi-Fi,124.58,2.51,16.41,10.06,5.21,76.4,24133185021,71284606428,20121727,59431247,1864.15,85.56,synthetic_demo,MODERATE
2026-10-06T23:58:39.943559+00:00,Wi-Fi,Wi-Fi,188.04,7.27,39.64,6.59,0.52,41.7,24133511915,71288722609,20121999,59434677,867.79,61.32,synthetic_demo,POOR
2026-10-06T23:58:44.943559+00:00,Wi-Fi,Wi-Fi,131.1,1.36,28.96,12.14,4.23,72.5,24136158573,71296309764,20124204,59440999,1998.79,90.35,synthetic_demo,POOR
2026-10-06T23:58:49.943559+00:00,Ethernet0,Ethernet,11.37,0.0,0.2,157.81,55.33,,24170740470,71394939123,20153022,59523190,26017.82,23.27,synthetic_demo,GOOD
2026-10-06T23:58:54.943559+00:00,Wi-Fi,Wi-Fi,32.23,0.0,3.16,64.92,31.28,93.4,24190289462,71435512071,20169312,59557000,11742.57,22.21,synthetic_demo,GOOD
2026-10-06T23:58:59.943559+00:00,Ethernet0,Ethernet,242.76,58.63,47.46,2.45,0.32,,24190488002,71437046437,20169477,59558278,338.46,83.24,synthetic_demo,POOR
2026-10-06T23:59:04.943559+00:00,Ethernet0,Ethernet,7.07,0.0,4.4,173.54,32.01,,24210494246,71545506229,20186148,59648661,25091.02,15.51,synthetic_demo,GOOD
2026-10-06T23:59:09.943559+00:00,Wi-Fi,Wi-Fi,26.25,0.0,2.76,94.27,24.22,84.7,24225631976,71604427913,20198762,59697762,14464.73,18.83,synthetic_demo,GOOD
2026-10-06T23:59:14.943559+00:00,Wi-Fi,Wi-Fi,26.9,0.0,2.15,67.01,23.99,93.2,24240625131,71646308840,20211256,59732662,11108.22,25.35,synthetic_demo,GOOD
2026-10-06T23:59:19.943559+00:00,Wi-Fi,Wi-Fi,20.31,0.0,2.44,91.37,26.25,82.1,24257031842,71703412226,20224928,59780248,14357.44,38.76,synthetic_demo,GOOD
2026-10-06T23:59:24.943559+00:00,Wi-Fi,Wi-Fi,39.63,1.39,17.92,25.92,3.01,39.6,24258915288,71719609858,20226497,59793746,3531.46,72.21,synthetic_demo,MODERATE
2026-10-06T23:59:29.943559+00:00,Ethernet0,Ethernet,273.45,16.65,48.69,1.15,0.16,,24259016343,71720326578,20226581,59794343,159.72,82.51,synthetic_demo,POOR
2026-10-06T23:59:34.943559+00:00,Ethernet0,Ethernet,12.98,0.0,0.64,171.5,51.14,,24290975852,71827515587,20253213,59883667,27177.44,17.65,synthetic_demo,GOOD
2026-10-06T23:59:39.943559+00:00,Ethernet0,Ethernet,12.6,0.0,3.76,183.98,56.29,,24326157339,71942504524,20282530,59979491,29330.16,17.51,synthetic_demo,GOOD
2026-10-06T23:59:44.943559+00:00,Ethernet0,Ethernet,13.84,0.0,1.04,131.83,37.57,,24349641313,72024900258,20302099,60048154,20679.63,28.82,synthetic_demo,GOOD
2026-10-06T23:59:49.943559+00:00,Wi-Fi,Wi-Fi,153.49,11.61,28.77,8.12,3.27,36.9,24351683359,72029975688,20303800,60052383,1390.13,69.18,synthetic_demo,POOR
2026-10-06T23:59:54.943559+00:00,Wi-Fi,Wi-Fi,67.28,3.28,21.12,35.7,4.34,51.9,24354393743,72052291055,20306058,60070979,4887.84,61.32,synthetic_demo,MODERATE
2026-10-06T23:59:59.943559+00:00,Wi-Fi,Wi-Fi,12.88,0.0,1.06,69.94,26.68,76.2,24371071377,72096005677,20319956,60107407,11795.36,16.71,synthetic_demo,GOOD
2026-10-07T00:00:04.943559+00:00,Wi-Fi,Wi-Fi,102.83,9.53,22.19,8.03,0.92,26.8,24371645683,72101024747,20320434,60111589,1092.46,55.15,synthetic_demo,POOR
2026-10-07T00:00:09.943559+00:00,Wi-Fi,Wi-Fi,163.82,10.95,32.17,6.23,2.24,38.5,24373043811,72104917403,20321599,60114832,1033.36,71.88,synthetic_demo,POOR
2026-10-07T00:00:14.943559+00:00,Wi-Fi,Wi-Fi,99.32,8.58,35.55,2.84,0.01,35.5,24373050061,72106693922,20321604,60116312,348.2,54.49,synthetic_demo,POOR
2026-10-07T00:00:19.943559+00:00,Wi-Fi,Wi-Fi,115.41,11.85,30.2,4.97,1.46,42.8,24373962605,72109803083,20322364,60118902,785.49,66.89,synthetic_demo,POOR
2026-10-07T00:00:24.943559+00:00,Wi-Fi,Wi-Fi,23.43,0.0,0.67,60.19,24.57,93.6,24389316997,72147420796,20335159,60150250,10346.11,30.51,synthetic_demo,GOOD
2026-10-07T00:00:29.943559+00:00,Ethernet0,Ethernet,91.16,1.56,28.72,10.26,5.88,,24392990935,72153835907,20338220,60155595,1970.52,89.45,synthetic_demo,POOR
2026-10-07T00:00:34.943559+00:00,Wi-Fi,Wi-Fi,24.7,0.0,4.18,64.86,28.56,97.4,24410843003,72194372928,20353096,60189375,11404.12,12.96,synthetic_demo,GOOD
2026-10-07T00:00:39.943559+00:00,Wi-Fi,Wi-Fi,140.31,9.92,25.14,5.7,2.48,25.5,24412394445,72197936417,20354388,60192344,999.01,71.1,synthetic_demo,POOR
2026-10-07T00:00:44.943559+00:00,Wi-Fi,Wi-Fi,95.64,1.18,2.51,1.18,3.23,77.8,24414411758,72198671024,20356069,60192956,537.48,94.04,synthetic_demo,POOR
2026-10-07T00:00:49.943559+00:00,Wi-Fi,Wi-Fi,90.19,1.5,16.54,16.57,6.44,70.2,24418439140,72209027646,20359425,60201586,2809.38,89.38,synthetic_demo,MODERATE
2026-10-07T00:00:54.943559+00:00,Ethernet0,Ethernet,109.9,1.81,25.54,10.05,4.54,,24421275627,72215306728,20361788,60206818,1780.38,95.72,synthetic_demo,POOR
2026-10-07T00:00:59.943559+00:00,Ethernet0,Ethernet,11.53,0.0,6.35,153.21,49.93,,24452483885,72311065388,20387794,60286616,24798.23,12.38,synthetic_demo,GOOD
2026-10-07T00:01:04.943559+00:00,Wi-Fi,Wi-Fi,89.71,2.25,8.21,15.78,9.66,36.4,24458519666,72320928950,20392823,60294835,3105.34,51.67,synthetic_demo,POOR
2026-10-07T00:01:09.943559+00:00,Wi-Fi,Wi-Fi,197.42,48.73,46.69,2.42,0.07,21.8,24458564347,72322438556,20392860,60296093,303.57,93.29,synthetic_demo,POOR
2026-10-07T00:01:14.943559+00:00,Ethernet0,Ethernet,248.91,16.54,42.95,0.21,0.58,,24458929257,72322568357,20393164,60296201,96.62,82.28,synthetic_demo,POOR
2026-10-07T00:01:19.943559+00:00,Ethernet0,Ethernet,18.88,0.0,0.78,136.88,53.02,,24492068157,72408115972,20420779,60367490,23180.96,8.99,synthetic_demo,GOOD
2026-10-07T00:01:24.943559+00:00,Ethernet0,Ethernet,15.58,0.0,1.28,154.02,38.67,,24516239361,72504379067,20440921,60447709,23522.32,15.86,synthetic_demo,GOOD
2026-10-07T00:01:29.943559+00:00,Ethernet0,Ethernet,15.19,0.0,1.87,162.32,51.34,,24548326487,72605828505,20467660,60532250,26081.36,23.28,synthetic_demo,GOOD
2026-10-07T00:01:34.943559+00:00,Ethernet0,Ethernet,109.08,3.01,36.43,9.92,4.92,,24551401677,72612025782,20470222,60537414,1811.03,89.71,synthetic_demo,POOR
2026-10-07T00:01:39.943559+00:00,Wi-Fi,Wi-Fi,125.92,11.14,17.01,2.38,0.51,42.2,24551720550,72613510421,20470487,60538651,352.25,68.04,synthetic_demo,POOR
2026-10-07T00:01:44.943559+00:00,Ethernet0,Ethernet,14.82,0.0,1.72,152.22,48.61,,24582104502,72708646427,20495806,60617931,24515.62,33.97,synthetic_demo,GOOD
2026-10-07T00:01:49.943559+00:00,Wi-Fi,Wi-Fi,23.65,3.41,12.76,23.11,9.13,35.3,24587809453,72723091483,20500560,60629968,3935.55,45.12,synthetic_demo,POOR
2026-10-07T00:01:54.943559+00:00,Wi-Fi,Wi-Fi,105.94,10.72,18.91,10.21,2.92,37.6,24589632776,72729472821,20502079,60635285,1602.47,63.94,synthetic_demo,POOR
2026-10-07T00:01:59.943559+00:00,Wi-Fi,Wi-Fi,110.05,1.82,21.66,13.5,3.75,82.1,24591974682,72737910661,20504030,60642316,2105.42,93.45,synthetic_demo,MODERATE
2026-10-07T00:02:04.943559+00:00,Wi-Fi,Wi-Fi,7.26,2.58,13.23,17.5,7.13,51.9,24596432403,72748848733,20507744,60651431,3006.99,61.02,synthetic_demo,MODERATE
2026-10-07T00:02:09.943559+00:00,Wi-Fi,Wi-Fi,94.34,0.9,16.77,17.51,7.78,36.9,24601296577,72759791521,20511797,60660549,3087.3,51.7,synthetic_demo,MODERATE
2026-10-07T00:02:14.943559+00:00,Wi-Fi,Wi-Fi,67.79,1.55,17.24,15.56,5.67,35.2,24604839275,72769517682,20514749,60668654,2591.57,64.35,synthetic_demo,MODERATE
2026-10-07T00:02:19.943559+00:00,Wi-Fi,Wi-Fi,23.2,0.0,3.11,56.44,22.34,91.6,24618799296,72804792491,20526382,60698049,9616.18,38.39,synthetic_demo,GOOD
2026-10-07T00:02:24.943559+00:00,Wi-Fi,Wi-Fi,74.17,1.25,9.31,21.15,4.51,45.8,24621618832,72818013287,20528731,60709066,3132.88,47.57,synthetic_demo,MODERATE
2026-10-07T00:02:29.943559+00:00,Wi-Fi,Wi-Fi,106.74,2.75,29.22,9.25,3.7,70.0,24623930869,72823795674,20530657,60713884,1580.94,93.32,synthetic_demo,POOR
2026-10-07T00:02:34.943559+00:00,Wi-Fi,Wi-Fi,161.94,5.63,27.29,3.3,1.68,33.1,24624981433,72825856651,20531532,60715601,607.72,51.39,synthetic_demo,POOR
2026-10-07T00:02:39.943559+00:00,Wi-Fi,Wi-Fi,61.61,1.93,7.33,7.6,6.67,45.5,24629152336,72830604479,20535007,60719557,1741.94,57.82,synthetic_demo,MODERATE
2026-10-07T00:02:44.943559+00:00,Wi-Fi,Wi-Fi,115.23,1.93,30.83,6.19,2.79,76.6,24630895607,72834473165,20536459,60722780,1096.09,98.73,synthetic_demo,POOR
2026-10-07T00:02:49.943559+00:00,Ethernet0,Ethernet,14.22,0.0,0.78,155.88,52.12,,24663472128,72931900727,20563606,60803969,25391.42,34.44,synthetic_demo,GOOD
2026-10-07T00:02:54.943559+00:00,Wi-Fi,Wi-Fi,26.68,0.0,1.79,88.99,25.36,87.7,24679323254,72987521091,20576815,60850319,13959.28,18.94,synthetic_demo,GOOD
2026-10-07T00:02:59.943559+00:00,Ethernet0,Ethernet,13.75,0.0,2.04,94.91,47.79,,24709192914,73046839570,20601706,60899751,17419.56,29.14,synthetic_demo,GOOD
2026-10-07T00:03:04.943559+00:00,Ethernet0,Ethernet,9.73,0.0,2.77,156.78,48.83,,24739711013,73144826187,20627137,60981406,25098.58,11.28,synthetic_demo,GOOD
2026-10-07T00:03:09.943559+00:00,Wi-Fi,Wi-Fi,120.94,1.65,25.77,12.01,4.53,83.8,24742541036,73152330326,20629495,60987659,2018.39,92.07,synthetic_demo,POOR
2026-10-07T00:03:14.943559+00:00,Wi-Fi,Wi-Fi,141.49,39.02,45.9,1.19,0.08,15.2,24742594104,73153071657,20629539,60988276,155.16,76.39,synthetic_demo,POOR
2026-10-07T00:03:19.943559+00:00,Ethernet0,Ethernet,12.68,0.0,4.71,170.19,40.42,,24767853795,73259437843,20650588,61076914,25708.18,17.1,synthetic_demo,GOOD
2026-10-07T00:03:24.943559+00:00,Wi-Fi,Wi-Fi,22.12,0.0,6.77,48.61,27.54,92.1,24785064347,73289821072,20664930,61102233,9295.66,27.7,synthetic_demo,GOOD
2026-10-07T00:03:29.943559+00:00,Wi-Fi,Wi-Fi,144.4,11.34,20.19,6.87,3.14,32.5,24787027991,73294113518,20666566,61105810,1221.89,53.04,synthetic_demo,POOR
2026-10-07T00:03:34.943559+00:00,Ethernet0,Ethernet,16.09,0.0,0.4,146.06,40.62,,24812414366,73385403378,20687721,61181884,22788.33,9.35,synthetic_demo,GOOD
2026-10-07T00:03:39.943559+00:00,Wi-Fi,Wi-Fi,82.14,0.81,10.52,19.63,4.53,49.2,24815244284,73397669756,20690079,61192105,2948.5,72.8,synthetic_demo,MODERATE
2026-10-07T00:03:44.943559+00:00,Ethernet0,Ethernet,46.3,1.16,25.62,9.31,2.83,,24817013461,73403487287,20691553,61196952,1481.78,92.03,synthetic_demo,POOR
2026-10-07T00:03:49.943559+00:00,Wi-Fi,Wi-Fi,83.03,2.84,17.12,16.07,2.91,49.4,24818833922,73413531333,20693070,61205322,2317.29,67.38,synthetic_demo,MODERATE
2026-10-07T00:03:54.943559+00:00,Ethernet0,Ethernet,14.42,0.0,0.69,167.88,66.2,,24860209913,73518453355,20727549,61292757,28573.83,20.76,synthetic_demo,GOOD
2026-10-07T00:03:59.943559+00:00,Wi-Fi,Wi-Fi,26.56,0.0,7.15,48.32,23.37,93.7,24874816482,73548652276,20739721,61317922,8751.07,25.78,synthetic_demo,GOOD
2026-10-07T00:04:04.943559+00:00,Ethernet0,Ethernet,175.25,1.01,15.3,10.58,3.68,,24877114259,73555263082,20741635,61323431,1739.96,89.22,synthetic_demo,POOR
2026-10-07T00:04:09.943559+00:00,Wi-Fi,Wi-Fi,114.02,1.9,26.91,19.36,7.31,54.9,24881682588,73567366084,20745441,61333516,3256.12,70.84,synthetic_demo,POOR
2026-10-07T00:04:14.943559+00:00,Ethernet0,Ethernet,7.98,0.0,6.97,130.67,56.68,,24917107313,73649037854,20774961,61401575,22870.41,17.17,synthetic_demo,GOOD
2026-10-07T00:04:19.943559+00:00,Wi-Fi,Wi-Fi,146.36,2.64,16.92,9.74,4.94,73.3,24920197127,73655125475,20777535,61406648,1792.47,88.14,synthetic_demo,POOR
2026-10-07T00:04:24.943559+00:00,Ethernet0,Ethernet,13.67,0.19,3.76,121.04,53.06,,24953361424,73730773915,20805171,61469688,21252.49,18.98,synthetic_demo,GOOD
2026-10-07T00:04:29.943559+00:00,Ethernet0,Ethernet,38.96,2.93,19.11,5.11,4.8,,24956362108,73733967108,20807671,61472348,1209.74,87.45,synthetic_demo,MODERATE
2026-10-07T00:04:34.943559+00:00,Ethernet0,Ethernet,11.79,0.0,3.19,192.58,51.46,,24988526520,73854331556,20834474,61572651,29790.79,21.9,synthetic_demo,GOOD
2026-10-07T00:04:39.943559+00:00,Wi-Fi,Wi-Fi,230.92,29.62,55.54,2.34,0.34,28.8,24988738296,73855792494,20834650,61573868,326.7,77.5,synthetic_demo,POOR
2026-10-07T00:04:44.943559+00:00,Wi-Fi,Wi-Fi,30.08,0.0,2.09,52.99,23.8,94.2,25003612643,73888914050,20847045,61601469,9374.2,33.51,synthetic_demo,GOOD
2026-10-07T00:04:49.943559+00:00,Wi-Fi,Wi-Fi,29.66,0.0,7.5,62.85,20.97,93.7,25016720762,73928197544,20857968,61634205,10232.74,13.71,synthetic_demo,GOOD
2026-10-07T00:04:54.943559+00:00,Ethernet0,Ethernet,12.05,0.0,0.24,119.36,67.85,,25059124734,74002794771,20893304,61696369,22851.8,30.82,synthetic_demo,GOOD
2026-10-07T00:04:59.943559+00:00,Wi-Fi,Wi-Fi,27.01,0.0,4.61,62.47,34.61,77.6,25080759088,74041839411,20911332,61728906,11851.37,34.84,synthetic_demo,GOOD
2026-10-07T00:05:04.943559+00:00,Wi-Fi,Wi-Fi,134.9,9.11,28.31,9.35,2.96,36.2,25082611424,74047682718,20912875,61733775,1503.06,57.82,synthetic_demo,POOR
2026-10-07T00:05:09.943559+00:00,Ethernet0,Ethernet,188.09,29.5,66.64,2.31,0.89,,25083169618,74049128109,20913340,61734979,391.33,82.15,synthetic_demo,POOR
2026-10-07T00:05:14.943559+00:00,Wi-Fi,Wi-Fi,29.25,0.0,3.01,53.67,23.59,78.6,25097914809,74082669419,20925627,61762930,9430.96,12.64,synthetic_demo,GOOD
2026-10-07T00:05:19.943559+00:00,Wi-Fi,Wi-Fi,21.04,0.0,5.07,85.75,27.85,90.3,25115323729,74136260738,20940134,61807589,13867.23,35.74,synthetic_demo,GOOD
2026-10-07T00:05:24.943559+00:00,Wi-Fi,Wi-Fi,89.13,3.73,15.41,13.42,7.43,84.3,25119970366,74144650616,20944006,61814580,2546.19,94.74,synthetic_demo,MODERATE
2026-10-07T00:05:29.943559+00:00,Wi-Fi,Wi-Fi,129.76,7.0,35.63,5.76,2.08,43.9,25121270276,74148252817,20945089,61817581,957.44,67.76,synthetic_demo,POOR
2026-10-07T00:05:34.943559+00:00,Wi-Fi,Wi-Fi,70.69,2.65,17.81,31.88,5.38,45.1,25124629661,74168179894,20947888,61834186,4548.14,73.85,synthetic_demo,MODERATE
2026-10-07T00:05:39.943559+00:00,Wi-Fi,Wi-Fi,19.61,0.0,1.04,87.5,20.97,95.7,25137738623,74222866665,20958812,61879758,13241.35,20.01,synthetic_demo,GOOD
2026-10-07T00:05:44.943559+00:00,Wi-Fi,Wi-Fi,23.7,0.0,7.59,69.45,26.57,92.7,25154347717,74266273438,20972652,61915930,11721.85,41.96,synthetic_demo,GOOD
2026-10-07T00:05:49.943559+00:00,Wi-Fi,Wi-Fi,115.61,2.87,30.97,19.7,3.9,60.9,25156782555,74278583521,20974681,61926188,2879.87,95.68,synthetic_demo,POOR
2026-10-07T00:05:54.943559+00:00,Ethernet0,Ethernet,11.88,0.0,2.6,139.89,45.32,,25185106569,74366015770,20998284,61999048,22608.65,17.86,synthetic_demo,GOOD
2026-10-07T00:05:59.943559+00:00,Wi-Fi,Wi-Fi,36.99,2.82,22.37,17.42,7.29,36.5,25189662300,74376904841,21002080,62008122,3016.56,41.51,synthetic_demo,POOR
2026-10-07T00:06:04.943559+00:00,Wi-Fi,Wi-Fi,25.37,0.0,3.07,92.74,23.17,76.7,25204140924,74434864373,21014145,62056421,14148.08,16.87,synthetic_demo,GOOD
2026-10-07T00:06:09.943559+00:00,Wi-Fi,Wi-Fi,154.32,1.35,29.08,11.35,4.69,77.8,25207069233,74441955290,21016585,62062330,1956.88,92.34,synthetic_demo,POOR
2026-10-07T00:06:14.943559+00:00,Ethernet0,Ethernet,13.35,0.0,0.76,141.35,34.72,,25228767098,74530296783,21034666,62135947,21492.06,25.7,synthetic_demo,GOOD
2026-10-07T00:06:19.943559+00:00,Wi-Fi,Wi-Fi,86.18,1.43,12.84,21.16,6.07,39.1,25232563589,74543520168,21037829,62146966,3324.19,66.71,synthetic_demo,MODERATE
2026-10-07T00:06:24.943559+00:00,Wi-Fi,Wi-Fi,18.07,0.0,3.68,78.63,25.2,98.0,25248310665,74592664533,21050951,62187919,12674.11,40.43,synthetic_demo,GOOD
2026-10-07T00:06:29.943559+00:00,Wi-Fi,Wi-Fi,62.95,2.76,21.9,9.07,6.4,46.2,25252310782,74598333564,21054284,62192643,1888.51,56.33,synthetic_demo,MODERATE
2026-10-07T00:06:34.943559+00:00,Ethernet0,Ethernet,15.64,0.0,1.21,193.28,45.41,,25280689060,74719133268,21077932,62293309,29136.32,18.14,synthetic_demo,GOOD
2026-10-07T00:06:39.943559+00:00,Wi-Fi,Wi-Fi,92.66,1.91,11.05,9.27,8.96,47.7,25286286468,74724925242,21082596,62298135,2224.49,52.31,synthetic_demo,MODERATE
2026-10-07T00:06:44.943559+00:00,Wi-Fi,Wi-Fi,111.31,1.45,10.08,19.8,5.89,35.4,25289966196,74737297568,21085662,62308445,3135.17,48.59,synthetic_demo,MODERATE
2026-10-07T00:06:49.943559+00:00,Wi-Fi,Wi-Fi,73.13,2.46,14.51,13.88,6.95,41.6,25294307872,74745975313,21089280,62315676,2542.86,42.54,synthetic_demo,MODERATE
2026-10-07T00:06:54.943559+00:00,Wi-Fi,Wi-Fi,70.66,3.48,14.5,24.51,8.47,38.9,25299599425,74761294219,21093689,62328441,4025.48,47.0,synthetic_demo,POOR
2026-10-07T00:06:59.943559+00:00,Wi-Fi,Wi-Fi,145.95,3.55,21.76,9.22,6.11,61.5,25303420762,74767056937,21096873,62333243,1871.89,90.86,synthetic_demo,POOR
2026-10-07T00:07:04.943559+00:00,Wi-Fi,Wi-Fi,171.42,8.88,34.76,12.26,2.13,43.3,25304751217,74774720572,21097981,62339629,1756.66,50.55,synthetic_demo,POOR
2026-10-07T00:07:09.943559+00:00,Wi-Fi,Wi-Fi,18.82,0.0,0.23,94.96,23.3,81.5,25319315792,74834071858,21110118,62389088,14436.69,31.9,synthetic_demo,GOOD
2026-10-07T00:07:14.943559+00:00,Wi-Fi,Wi-Fi,84.47,8.36,27.17,7.51,2.45,41.9,25320847180,74838765428,21111394,62392999,1215.81,61.85,synthetic_demo,POOR
2026-10-07T00:07:19.943559+00:00,Wi-Fi,Wi-Fi,21.9,0.0,8.89,84.48,24.83,89.9,25336363492,74891565307,21124324,62436998,13343.01,34.56,synthetic_demo,MODERATE
2026-10-07T00:07:24.943559+00:00,Ethernet0,Ethernet,11.29,0.0,5.37,127.85,53.8,,25369990378,74971472047,21152346,62503586,22174.54,5.62,synthetic_demo,GOOD
2026-10-07T00:07:29.943559+00:00,Ethernet0,Ethernet,12.57,0.0,1.74,128.19,63.59,,25409733815,75051592144,21185465,62570352,23410.85,34.23,synthetic_demo,GOOD
2026-10-07T00:07:34.943559+00:00,Wi-Fi,Wi-Fi,22.36,0.0,3.64,78.12,27.39,90.7,25426851509,75100414095,21199729,62611036,12878.84,17.83,synthetic_demo,GOOD
2026-10-07T00:07:39.943559+00:00,Ethernet0,Ethernet,163.39,3.79,25.89,12.65,3.58,,25429087724,75108319065,21201592,62617623,1980.7,86.91,synthetic_demo,POOR
2026-10-07T00:07:44.943559+00:00,Ethernet0,Ethernet,95.67,1.6,8.27,12.98,5.56,,25432561636,75116430201,21204486,62624382,2262.7,98.22,synthetic_demo,MODERATE
2026-10-07T00:07:49.943559+00:00,Ethernet0,Ethernet,109.15,3.77,21.77,9.15,6.48,,25436613604,75122146525,21207862,62629145,1907.87,89.3,synthetic_demo,MODERATE
2026-10-07T00:07:54.943559+00:00,Wi-Fi,Wi-Fi,79.9,0.69,13.75,11.92,3.8,38.2,25438988323,75129595534,21209840,62635352,1918.7,57.79,synthetic_demo,MODERATE
2026-10-07T00:07:59.943559+00:00,Wi-Fi,Wi-Fi,24.06,0.0,1.92,81.45,31.67,79.4,25458781952,75180501990,21226334,62677774,13808.61,40.51,synthetic_demo,GOOD
2026-10-07T00:08:04.943559+00:00,Ethernet0,Ethernet,12.67,0.0,1.92,170.76,52.69,,25491711470,75287226626,21253775,62766711,27276.2,22.53,synthetic_demo,GOOD
2026-10-07T00:08:09.943559+00:00,Wi-Fi,Wi-Fi,24.89,0.0,3.84,74.77,32.92,91.2,25512286271,75333955871,21270920,62805652,13145.32,38.35,synthetic_demo,GOOD
2026-10-07T00:08:14.943559+00:00,Wi-Fi,Wi-Fi,16.22,0.0,0.35,90.77,20.85,94.6,25525320149,75390685137,21281781,62852926,13625.61,33.74,synthetic_demo,GOOD
2026-10-07T00:08:19.943559+00:00,Ethernet0,Ethernet,9.32,0.0,1.56,147.15,41.21,,25551075441,75482656565,21303243,62929568,22993.5,27.21,synthetic_demo,GOOD
2026-10-07T00:08:24.943559+00:00,Ethernet0,Ethernet,11.66,0.0,1.94,162.68,40.05,,25576107914,75584332523,21324103,63014297,24747.74,5.32,synthetic_demo,GOOD
2026-10-07T00:08:29.943559+00:00,Wi-Fi,Wi-Fi,58.28,3.01,6.95,17.9,1.58,54.0,25577096972,75595522168,21324927,63023621,2378.65,72.94,synthetic_demo,MODERATE
2026-10-07T00:08:34.943559+00:00,Wi-Fi,Wi-Fi,97.5,3.21,19.27,5.51,4.37,62.3,25579825575,75598968164,21327200,63026492,1205.98,90.04,synthetic_demo,MODERATE
2026-10-07T00:08:39.943559+00:00,Wi-Fi,Wi-Fi,260.53,20.59,55.14,0.99,0.94,27.5,25580410191,75599589754,21327687,63027009,235.59,81.83,synthetic_demo,POOR
2026-10-07T00:08:44.943559+00:00,Ethernet0,Ethernet,252.58,58.78,47.68,1.39,0.52,,25580737419,75600458486,21327959,63027732,233.59,75.62,synthetic_demo,POOR
2026-10-07T00:08:49.943559+00:00,Wi-Fi,Wi-Fi,98.81,2.46,23.81,18.27,5.13,46.9,25583940759,75611877092,21330628,63037247,2855.85,47.26,synthetic_demo,MODERATE
2026-10-07T00:08:54.943559+00:00,Wi-Fi,Wi-Fi,21.62,0.0,2.8,61.8,22.62,96.0,25598077405,75650502388,21342408,63069434,10305.07,36.03,synthetic_demo,GOOD
2026-10-07T00:08:59.943559+00:00,Wi-Fi,Wi-Fi,91.12,1.69,13.77,15.53,5.84,41.6,25601727233,75660211381,21345449,63077524,2609.14,46.64,synthetic_demo,MODERATE
2026-10-07T00:09:04.943559+00:00,Ethernet0,Ethernet,115.79,1.77,15.8,4.98,1.05,,25602383081,75663321961,21345995,63080116,735.63,92.05,synthetic_demo,POOR
2026-10-07T00:09:09.943559+00:00,Ethernet0,Ethernet,8.32,0.0,2.57,148.02,50.74,,25634096418,75755832901,21372422,63157208,24262.55,28.99,synthetic_demo,GOOD
2026-10-07T00:09:14.943559+00:00,Wi-Fi,Wi-Fi,30.22,0.0,2.83,77.19,32.0,80.3,25654093597,75804076612,21389086,63197411,13328.3,15.85,synthetic_demo,GOOD
2026-10-07T00:09:19.943559+00:00,Wi-Fi,Wi-Fi,156.73,10.2,23.14,4.87,0.94,44.3,25654680544,75807120298,21389575,63199947,709.11,74.43,synthetic_demo,POOR
2026-10-07T00:09:24.943559+00:00,Wi-Fi,Wi-Fi,18.05,0.0,10.41,75.41,29.63,95.8,25673201471,75854253920,21405009,63239225,12823.15,24.15,synthetic_demo,MODERATE
2026-10-07T00:09:29.943559+00:00,Wi-Fi,Wi-Fi,60.22,2.49,11.27,30.85,6.03,48.7,25676969491,75873532558,21408149,63255290,4501.3,40.78,synthetic_demo,MODERATE
2026-10-07T00:09:34.943559+00:00,Wi-Fi,Wi-Fi,75.98,1.07,11.67,22.93,10.17,46.7,25683326150,75887861708,21413446,63267230,4040.2,50.59,synthetic_demo,MODERATE
2026-10-07T00:09:39.943559+00:00,Ethernet0,Ethernet,14.66,0.0,2.73,159.03,36.5,,25706136663,75987258485,21432454,63350060,23868.61,25.44,synthetic_demo,GOOD
2026-10-07T00:09:44.943559+00:00,Wi-Fi,Wi-Fi,26.27,0.0,0.71,65.25,22.74,91.9,25720349362,76028038856,21444297,63384043,10740.83,24.23,synthetic_demo,GOOD
2026-10-07T00:09:49.943559+00:00,Wi-Fi,Wi-Fi,15.39,0.0,1.03,84.84,14.95,87.6,25729693945,76081063097,21452084,63428229,12181.41,37.07,synthetic_demo,GOOD
2026-10-07T00:09:54.943559+00:00,Ethernet0,Ethernet,10.63,0.0,0.52,174.63,51.04,,25761594235,76190204400,21478667,63519180,27547.19,7.05,synthetic_demo,GOOD
2026-10-07T00:09:59.943559+00:00,Ethernet0,Ethernet,12.27,0.0,0.36,134.07,57.67,,25797637115,76273995147,21508702,63589005,23405.01,32.7,synthetic_demo,GOOD
2026-10-07T00:10:04.943559+00:00,Wi-Fi,Wi-Fi,180.0,5.77,29.15,6.52,3.67,32.8,25799927964,76278067537,21510611,63592398,1242.82,79.56,synthetic_demo,POOR
2026-10-07T00:10:09.943559+00:00,Wi-Fi,Wi-Fi,35.48,0.21,0.73,80.0,26.63,94.2,25816573473,76328064431,21524482,63634062,13016.09,15.34,synthetic_demo,GOOD
2026-10-07T00:10:14.943559+00:00,Wi-Fi,Wi-Fi,84.42,2.09,18.67,15.26,6.52,45.6,25820648145,76337600858,21527877,63642009,2658.42,50.19,synthetic_demo,MODERATE
2026-10-07T00:10:19.943559+00:00,Wi-Fi,Wi-Fi,26.08,0.0,6.93,76.75,30.88,91.9,25839949399,76385567802,21543961,63681981,13138.32,10.64,synthetic_demo,GOOD
2026-10-07T00:10:24.943559+00:00,Wi-Fi,Wi-Fi,195.84,15.87,76.65,0.58,0.51,22.1,25840268649,76385932197,21544227,63682284,133.52,74.81,synthetic_demo,POOR
2026-10-07T00:10:29.943559+00:00,Wi-Fi,Wi-Fi,26.06,0.0,1.07,79.31,17.87,84.4,25851440479,76435501907,21553536,63723592,11863.58,42.21,synthetic_demo,GOOD
2026-10-07T00:10:34.943559+00:00,Wi-Fi,Wi-Fi,24.77,0.0,1.18,90.67,26.63,93.5,25868082915,76492169897,21567404,63770815,14318.44,20.88,synthetic_demo,GOOD
2026-10-07T00:10:39.943559+00:00,Wi-Fi,Wi-Fi,75.54,5.93,24.35,5.87,2.17,34.9,25869440972,76495838248,21568535,63773871,981.72,60.52,synthetic_demo,POOR
2026-10-07T00:10:44.943559+00:00,Wi-Fi,Wi-Fi,201.35,11.29,40.98,5.13,1.48,41.6,25870367137,76499042647,21569306,63776541,806.75,73.88,synthetic_demo,POOR
2026-10-07T00:10:49.943559+00:00,Ethernet0,Ethernet,12.75,0.03,1.51,174.23,57.99,,25906607792,76607933465,21599506,63867283,28345.99,26.61,synthetic_demo,GOOD
2026-10-07T00:10:54.943559+00:00,Wi-Fi,Wi-Fi,176.46,8.81,39.1,7.13,1.78,25.4,25907720880,76612391539,21600433,63870998,1088.12,62.83,synthetic_demo,POOR
2026-10-07T00:10:59.943559+00:00,Wi-Fi,Wi-Fi,22.4,0.03,3.14,99.48,25.29,86.7,25923524824,76674565496,21613602,63922809,15230.06,21.14,synthetic_demo,GOOD
2026-10-07T00:11:04.943559+00:00,Wi-Fi,Wi-Fi,27.57,0.0,0.1,69.26,16.47,79.6,25933815825,76717853832,21622177,63958882,10464.71,13.06,synthetic_demo,GOOD
2026-10-07T00:11:09.943559+00:00,Ethernet0,Ethernet,13.41,0.0,1.44,156.23,53.21,,25967073637,76815494977,21649891,64040249,25566.2,28.38,synthetic_demo,GOOD
2026-10-07T00:11:14.943559+00:00,Ethernet0,Ethernet,10.16,0.0,4.55,167.62,60.86,,26005110627,76920257643,21681588,64127551,27890.56,12.85,synthetic_demo,GOOD
2026-10-07T00:11:19.943559+00:00,Ethernet0,Ethernet,86.83,3.31,19.26,14.16,3.5,,26007298313,76929105668,21683411,64134924,2155.41,94.68,synthetic_demo,MODERATE
2026-10-07T00:11:24.943559+00:00,Wi-Fi,Wi-Fi,19.2,0.33,0.56,96.48,31.55,86.1,26027017238,76989403319,21699843,64185172,15628.24,16.95,synthetic_demo,GOOD
2026-10-07T00:11:29.943559+00:00,Wi-Fi,Wi-Fi,16.66,0.0,0.39,77.79,20.29,76.8,26039700696,77038021415,21710412,64225687,11972.96,31.09,synthetic_demo,GOOD
2026-10-07T00:11:34.943559+00:00,Ethernet0,Ethernet,76.67,1.49,19.59,12.53,5.64,,26043224718,77045850819,21713348,64232211,2217.47,85.55,synthetic_demo,MODERATE
2026-10-07T00:11:39.943559+00:00,Wi-Fi,Wi-Fi,127.37,2.37,27.69,15.5,4.86,73.6,26046262919,77055541333,21715879,64240286,2486.08,94.45,synthetic_demo,POOR
2026-10-07T00:11:44.943559+00:00,Ethernet0,Ethernet,7.03,0.0,0.45,166.65,32.86,,26066802021,77159699654,21732994,64327084,24354.97,8.69,synthetic_demo,GOOD
2026-10-07T00:11:49.943559+00:00,Wi-Fi,Wi-Fi,65.66,1.47,13.26,24.2,4.57,43.5,26069659579,77174821760,21735375,64339685,3511.65,44.02,synthetic_demo,MODERATE
2026-10-07T00:11:54.943559+00:00,Ethernet0,Ethernet,13.36,0.0,1.44,123.77,54.92,,26103983817,77252175254,21763978,64404146,21812.06,19.23,synthetic_demo,GOOD
2026-10-07T00:11:59.943559+00:00,Ethernet0,Ethernet,96.28,3.74,23.09,9.46,7.53,,26108687740,77258088098,21767897,64409073,2073.59,91.02,synthetic_demo,MODERATE
2026-10-07T00:12:04.943559+00:00,Ethernet0,Ethernet,75.39,2.58,25.21,17.79,5.91,,26112380163,77269205609,21770974,64418337,2892.57,93.17,synthetic_demo,POOR
2026-10-07T00:12:09.943559+00:00,Wi-Fi,Wi-Fi,210.23,42.42,57.08,1.43,0.67,27.9,26112800470,77270099134,21771324,64419081,256.61,95.51,synthetic_demo,POOR
2026-10-07T00:12:14.943559+00:00,Ethernet0,Ethernet,13.01,0.0,0.1,162.99,49.62,,26143810699,77371969207,21797165,64503972,25953.18,29.44,synthetic_demo,GOOD
2026-10-07T00:12:19.943559+00:00,Ethernet0,Ethernet,15.13,0.0,0.76,160.26,52.47,,26176606249,77472132305,21824494,64587441,25968.49,7.63,synthetic_demo,GOOD
2026-10-07T00:12:24.943559+00:00,Wi-Fi,Wi-Fi,26.69,0.0,1.32,81.25,20.42,79.5,26189368755,77522912496,21835129,64629757,12410.68,39.64,synthetic_demo,GOOD
2026-10-07T00:12:29.943559+00:00,Wi-Fi,Wi-Fi,24.74,0.0,3.01,81.79,22.85,95.0,26203648607,77574031363,21847028,64672356,12773.19,28.32,synthetic_demo,GOOD
2026-10-07T00:12:34.943559+00:00,Ethernet0,Ethernet,14.3,0.0,0.47,168.18,35.73,,26225977513,77679146342,21865635,64759951,24891.38,19.91,synthetic_demo,GOOD
2026-10-07T00:12:39.943559+00:00,Wi-Fi,Wi-Fi,153.5,6.14,27.8,6.67,3.17,29.4,26227955983,77683313463,21867283,64763423,1200.31,76.55,synthetic_demo,POOR
2026-10-07T00:12:44.943559+00:00,Ethernet0,Ethernet,15.38,0.0,1.01,136.92,54.82,,26262221096,77768885811,21895837,64834733,23405.75,15.25,synthetic_demo,GOOD
2026-10-07T00:12:49.943559+00:00,Wi-Fi,Wi-Fi,27.37,0.34,8.55,65.95,19.65,83.3,26274503015,77810106560,21906071,64869083,10449.74,26.7,synthetic_demo,MODERATE
2026-10-07T00:12:54.943559+00:00,Ethernet0,Ethernet,129.75,2.87,7.89,14.94,6.28,,26278430543,77819443638,21909343,64876863,2590.74,85.85,synthetic_demo,MODERATE
2026-10-07T00:12:59.943559+00:00,Wi-Fi,Wi-Fi,24.07,0.0,5.14,67.28,19.79,80.4,26290798746,77861495895,21919649,64911906,10629.0,43.69,synthetic_demo,GOOD
2026-10-07T00:13:04.943559+00:00,Ethernet0,Ethernet,122.22,3.07,20.65,8.71,1.8,,26291926711,77866938523,21920588,64916441,1283.32,87.79,synthetic_demo,MODERATE
2026-10-07T00:13:09.943559+00:00,Ethernet0,Ethernet,12.04,0.0,0.64,159.7,62.51,,26330994140,77966752760,21953144,64999619,27125.33,27.57,synthetic_demo,GOOD
2026-10-07T00:13:14.943559+00:00,Wi-Fi,Wi-Fi,21.89,0.0,1.1,91.64,24.48,92.9,26346291727,78024025567,21965891,65047346,14173.91,23.77,synthetic_demo,GOOD
2026-10-07T00:13:19.943559+00:00,Ethernet0,Ethernet,10.36,0.0,1.02,162.59,61.29,,26384595439,78125644023,21997810,65132028,27328.55,21.34,synthetic_demo,GOOD
2026-10-07T00:13:24.943559+00:00,Ethernet0,Ethernet,5.11,0.0,0.29,139.58,63.99,,26424586265,78212881157,22031135,65204725,24849.21,20.18,synthetic_demo,GOOD
2026-10-07T00:13:29.943559+00:00,Wi-Fi,Wi-Fi,159.74,9.81,34.5,5.95,2.28,44.4,26426012505,78216601428,22032323,65207825,1005.18,69.16,synthetic_demo,POOR
2026-10-07T00:13:34.943559+00:00,Ethernet0,Ethernet,7.0,0.0,0.39,140.41,42.14,,26452352459,78304357922,22054272,65280955,22284.46,21.56,synthetic_demo,GOOD
2026-10-07T00:13:39.943559+00:00,Wi-Fi,Wi-Fi,43.7,1.38,10.36,17.17,9.17,38.9,26458081059,78315089745,22059045,65289898,3214.93,52.88,synthetic_demo,MODERATE
2026-10-07T00:13:44.943559+00:00,Wi-Fi,Wi-Fi,26.88,0.34,4.54,72.35,22.14,97.0,26471919375,78360306306,22070576,65327578,11534.16,23.72,synthetic_demo,GOOD
2026-10-07T00:13:49.943559+00:00,Wi-Fi,Wi-Fi,14.12,0.0,11.47,80.91,24.25,83.2,26487077770,78410876105,22083207,65369719,12837.54,44.5,synthetic_demo,MODERATE
2026-10-07T00:13:54.943559+00:00,Wi-Fi,Wi-Fi,45.19,9.81,29.25,5.91,2.36,35.5,26488550395,78414572179,22084434,65372799,1009.51,56.38,synthetic_demo,POOR
2026-10-07T00:13:59.943559+00:00,Ethernet0,Ethernet,12.04,0.07,3.76,158.5,66.77,,26530279462,78513633674,22119208,65455350,27498.16,22.72,synthetic_demo,GOOD
2026-10-07T00:14:04.943559+00:00,Ethernet0,Ethernet,90.3,2.87,33.73,10.56,3.13,,26532235575,78520235582,22120838,65460851,1671.49,96.7,synthetic_demo,POOR
2026-10-07T00:14:09.943559+00:00,Ethernet0,Ethernet,215.21,56.71,55.62,1.78,0.44,,26532512654,78521351178,22121068,65461780,272.01,87.95,synthetic_demo,POOR
2026-10-07T00:14:14.943559+00:00,Wi-Fi,Wi-Fi,50.9,3.16,2.79,15.58,4.99,35.2,26535628868,78531091172,22123664,65469896,2510.98,47.95,synthetic_demo,POOR
2026-10-07T00:14:19.943559+00:00,Wi-Fi,Wi-Fi,244.45,40.6,49.2,0.33,0.62,30.0,26536013405,78531299225,22123984,65470069,115.74,98.33,synthetic_demo,POOR
2026-10-07T00:14:24.943559+00:00,Ethernet0,Ethernet,10.64,0.0,0.58,146.34,70.97,,26580370450,78622760590,22160948,65546286,26527.03,27.47,synthetic_demo,GOOD
2026-10-07T00:14:29.943559+00:00,Wi-Fi,Wi-Fi,26.51,0.0,1.16,59.85,17.95,98.0,26591589367,78660166879,22170297,65577457,9497.11,37.23,synthetic_demo,GOOD
2026-10-07T00:14:34.943559+00:00,Wi-Fi,Wi-Fi,16.52,0.0,1.62,53.36,24.32,81.8,26606787627,78693519304,22182962,65605250,9482.56,37.12,synthetic_demo,GOOD
2026-10-07T00:14:39.943559+00:00,Ethernet0,Ethernet,148.43,2.18,18.86,12.68,3.09,,26608719554,78701445773,22184571,65611855,1925.47,85.41,synthetic_demo,POOR
2026-10-07T00:14:44.943559+00:00,Ethernet0,Ethernet,241.96,28.65,61.95,0.43,0.74,,26609180989,78701717359,22184955,65612081,143.17,85.44,synthetic_demo,POOR
2026-10-07T00:14:49.943559+00:00,Wi-Fi,Wi-Fi,26.42,0.0,3.16,80.21,37.16,96.3,26632406073,78751850319,22204309,65653858,14327.74,28.24,synthetic_demo,GOOD
2026-10-07T00:14:54.943559+00:00,Ethernet0,Ethernet,79.22,2.32,22.17,13.5,2.17,,26633759496,78760285213,22205436,65660887,1911.78,94.7,synthetic_demo,MODERATE
2026-10-07T00:14:59.943559+00:00,Ethernet0,Ethernet,9.69,0.0,0.13,148.55,60.41,,26671516419,78853129849,22236900,65738257,25508.12,33.87,synthetic_demo,GOOD
2026-10-07T00:15:04.943559+00:00,Wi-Fi,Wi-Fi,88.06,0.95,27.42,25.15,6.41,37.9,26675521419,78868851639,22240237,65751358,3852.89,55.27,synthetic_demo,POOR
2026-10-07T00:15:09.943559+00:00,Wi-Fi,Wi-Fi,28.39,0.0,3.61,71.38,26.37,96.9,26692002468,78913466755,22253971,65788537,11932.84,12.07,synthetic_demo,GOOD
2026-10-07T00:15:14.943559+00:00,Ethernet0,Ethernet,260.16,48.07,68.5,0.27,0.09,,26692058346,78913638293,22254017,65788679,44.42,73.05,synthetic_demo,POOR
2026-10-07T00:15:19.943559+00:00,Wi-Fi,Wi-Fi,76.97,1.15,10.72,16.99,8.23,48.9,26697199596,78924259674,22258301,65797530,3078.64,62.85,synthetic_demo,MODERATE
2026-10-07T00:15:24.943559+00:00,Wi-Fi,Wi-Fi,19.41,0.0,4.78,63.24,17.39,93.8,26708070117,78963783628,22267359,65830466,9842.67,11.92,synthetic_demo,GOOD
2026-10-07T00:15:29.943559+00:00,Ethernet0,Ethernet,13.33,0.0,0.87,155.92,51.6,,26740321737,79061235934,22294235,65911676,25332.8,27.5,synthetic_demo,GOOD
2026-10-07T00:15:34.943559+00:00,Ethernet0,Ethernet,9.1,0.0,0.93,146.14,51.95,,26772791362,79152574469,22321293,65987791,24181.28,13.76,synthetic_demo,GOOD
2026-10-07T00:15:39.943559+00:00,Ethernet0,Ethernet,11.05,0.18,0.99,169.57,40.09,,26797849469,79258558295,22342174,66076110,25594.13,31.58,synthetic_demo,GOOD
2026-10-07T00:15:44.943559+00:00,Wi-Fi,Wi-Fi,21.41,0.0,0.28,84.9,28.26,77.5,26815511473,79311623220,22356892,66120330,13813.85,38.58,synthetic_demo,GOOD
2026-10-07T00:15:49.943559+00:00,Wi-Fi,Wi-Fi,151.2,10.29,45.19,2.82,4.14,38.3,26818097952,79313383493,22359047,66121796,848.98,69.65,synthetic_demo,POOR
2026-10-07T00:15:54.943559+00:00,Wi-Fi,Wi-Fi,92.91,3.07,18.97,19.28,3.58,53.3,26820336296,79325434480,22360912,66131838,2790.88,63.86,synthetic_demo,MODERATE
2026-10-07T00:15:59.943559+00:00,Wi-Fi,Wi-Fi,81.05,2.6,7.44,15.52,8.34,54.3,26825551048,79335132663,22365257,66139919,2912.68,55.91,synthetic_demo,MODERATE
2026-10-07T00:16:04.943559+00:00,Ethernet0,Ethernet,13.25,0.0,3.73,127.93,57.86,,26861716538,79415086478,22395394,66206547,22679.55,23.24,synthetic_demo,GOOD
2026-10-07T00:16:09.943559+00:00,Wi-Fi,Wi-Fi,163.84,6.0,35.03,5.18,1.68,33.4,26862764111,79418322215,22396266,66209243,836.58,70.64,synthetic_demo,POOR
2026-10-07T00:16:14.943559+00:00,Ethernet0,Ethernet,123.55,3.56,20.44,7.12,0.99,,26863385801,79422772875,22396784,66212951,990.69,94.83,synthetic_demo,MODERATE
2026-10-07T00:16:19.943559+00:00,Ethernet0,Ethernet,9.21,0.0,0.64,180.95,47.53,,26893092939,79535868384,22421539,66307197,27891.14,25.59,synthetic_demo,GOOD
2026-10-07T00:16:24.943559+00:00,Ethernet0,Ethernet,63.19,3.18,31.26,9.5,3.98,,26895583382,79541803432,22423614,66312142,1645.6,96.11,synthetic_demo,POOR
2026-10-07T00:16:29.943559+00:00,Wi-Fi,Wi-Fi,70.62,2.39,25.89,15.66,6.28,51.0,26899510107,79551588574,22426886,66320296,2678.1,74.33,synthetic_demo,POOR
2026-10-07T00:16:34.943559+00:00,Ethernet0,Ethernet,14.17,0.0,1.28,147.84,46.03,,26928276120,79643990311,22450857,66397297,23665.58,21.96,synthetic_demo,GOOD
2026-10-07T00:16:39.943559+00:00,Wi-Fi,Wi-Fi,23.56,0.0,0.95,95.75,22.44,86.2,26942301531,79703831474,22462544,66447164,14427.07,38.09,synthetic_demo,GOOD
2026-10-07T00:16:44.943559+00:00,Wi-Fi,Wi-Fi,32.73,0.0,0.31,114.97,34.37,93.3,26963784107,79775687234,22480446,66507043,18230.14,43.89,synthetic_demo,GOOD
2026-10-07T00:16:49.943559+00:00,Ethernet0,Ethernet,12.31,0.0,6.38,137.84,51.17,,26995765613,79861835314,22507097,66578833,23072.18,20.65,synthetic_demo,GOOD
2026-10-07T00:16:54.943559+00:00,Wi-Fi,Wi-Fi,252.19,32.29,78.99,1.62,0.73,18.6,26996220873,79862850913,22507476,66579679,287.28,91.83,synthetic_demo,POOR
2026-10-07T00:16:59.943559+00:00,Wi-Fi,Wi-Fi,156.16,5.58,28.93,5.08,1.38,34.4,26997085061,79866025294,22508196,66582324,788.78,82.06,synthetic_demo,POOR
2026-10-07T00:17:04.943559+00:00,Ethernet0,Ethernet,130.96,1.59,24.95,11.13,6.8,,27001335590,79872983506,22511738,66588122,2189.21,91.44,synthetic_demo,MODERATE
2026-10-07T00:17:09.943559+00:00,Wi-Fi,Wi-Fi,17.18,0.0,0.76,92.01,29.84,81.3,27019984127,79930490508,22527278,66636044,14874.13,37.62,synthetic_demo,GOOD
2026-10-07T00:17:14.943559+00:00,Wi-Fi,Wi-Fi,22.52,0.0,0.66,62.15,20.69,85.3,27032917649,79969336574,22538055,66668415,10113.2,39.69,synthetic_demo,GOOD
2026-10-07T00:17:19.943559+00:00,Wi-Fi,Wi-Fi,57.55,3.5,25.8,21.3,2.29,75.6,27034345817,79982652046,22539245,66679511,2879.62,91.26,synthetic_demo,POOR
2026-10-07T00:17:24.943559+00:00,Wi-Fi,Wi-Fi,59.44,3.23,30.36,4.94,8.74,43.5,27039807209,79985737410,22543796,66682082,1669.29,49.43,synthetic_demo,POOR
2026-10-07T00:17:29.943559+00:00,Ethernet0,Ethernet,11.01,0.0,1.36,184.44,64.22,,27079944040,80101011963,22577243,66778144,30353.79,26.57,synthetic_demo,GOOD
2026-10-07T00:17:34.943559+00:00,Wi-Fi,Wi-Fi,69.45,2.67,16.16,16.73,4.58,36.3,27082806736,80111467298,22579628,66786856,2601.18,58.28,synthetic_demo,POOR
2026-10-07T00:17:39.943559+00:00,Wi-Fi,Wi-Fi,99.02,7.29,36.79,5.7,2.75,41.1,27084522585,80115030160,22581057,66789825,1031.0,82.45,synthetic_demo,POOR
2026-10-07T00:17:44.943559+00:00,Wi-Fi,Wi-Fi,25.68,0.0,5.45,74.19,28.53,76.9,27102351595,80161399260,22595914,66828465,12538.69,18.14,synthetic_demo,GOOD
2026-10-07T00:17:49.943559+00:00,Ethernet0,Ethernet,13.83,0.0,1.04,172.42,46.63,,27131496135,80269163702,22620201,66918268,26740.04,7.62,synthetic_demo,GOOD
2026-10-07T00:17:54.943559+00:00,Wi-Fi,Wi-Fi,65.14,1.86,13.34,9.8,3.27,76.0,27133540048,80275291567,22621904,66923374,1596.05,97.87,synthetic_demo,MODERATE
2026-10-07T00:17:59.943559+00:00,Ethernet0,Ethernet,7.25,0.0,2.66,151.67,49.39,,27164409510,80370082749,22647628,67002366,24543.09,13.73,synthetic_demo,GOOD
2026-10-07T00:18:04.943559+00:00,Wi-Fi,Wi-Fi,25.95,0.0,4.48,107.24,21.31,91.5,27177731379,80437109827,22658729,67058221,15693.15,43.62,synthetic_demo,GOOD
2026-10-07T00:18:09.943559+00:00,Ethernet0,Ethernet,15.77,0.0,1.0,135.42,41.65,,27203762277,80521749539,22680421,67128754,21615.35,8.78,synthetic_demo,GOOD
2026-10-07T00:18:14.943559+00:00,Wi-Fi,Wi-Fi,32.93,0.0,2.21,67.94,17.94,78.6,27214972617,80564213234,22689762,67164140,10483.21,28.75,synthetic_demo,GOOD
2026-10-07T00:18:19.943559+00:00,Wi-Fi,Wi-Fi,63.73,1.15,21.58,14.47,5.83,68.5,27218618565,80573257285,22692800,67171676,2478.52,85.66,synthetic_demo,MODERATE
2026-10-07T00:18:24.943559+00:00,Wi-Fi,Wi-Fi,71.73,3.29,15.9,5.34,5.43,49.8,27222014883,80576595130,22695630,67174457,1315.27,70.69,synthetic_demo,MODERATE
2026-10-07T00:18:29.943559+00:00,Ethernet0,Ethernet,8.88,0.0,3.83,115.21,39.28,,27246566645,80648598313,22716089,67234459,18858.39,10.55,synthetic_demo,GOOD
2026-10-07T00:18:34.943559+00:00,Wi-Fi,Wi-Fi,163.62,6.23,23.33,3.72,1.2,32.7,27247319457,80650924330,22716716,67236397,601.33,71.88,synthetic_demo,POOR
2026-10-07T00:18:39.943559+00:00,Wi-Fi,Wi-Fi,146.49,6.68,26.8,6.57,0.49,36.6,27247626909,80655027655,22716972,67239816,861.48,68.3,synthetic_demo,POOR
2026-10-07T00:18:44.943559+00:00,Wi-Fi,Wi-Fi,109.03,8.11,23.92,4.76,2.54,43.9,27249216793,80658001920,22718296,67242294,891.44,52.05,synthetic_demo,POOR
2026-10-07T00:18:49.943559+00:00,Ethernet0,Ethernet,12.87,0.0,1.94,121.15,62.69,,27288399797,80733721239,22750948,67305393,22441.86,28.07,synthetic_demo,GOOD
2026-10-07T00:18:54.943559+00:00,Wi-Fi,Wi-Fi,23.24,0.0,0.37,89.19,15.89,79.2,27298329377,80789462073,22759222,67351843,12826.25,41.31,synthetic_demo,GOOD
2026-10-07T00:18:59.943559+00:00,Wi-Fi,Wi-Fi,185.6,43.61,46.83,2.06,0.31,28.4,27298524837,80790750720,22759384,67352916,289.86,91.27,synthetic_demo,POOR
2026-10-07T00:19:04.943559+00:00,Ethernet0,Ethernet,124.79,1.24,30.69,13.28,6.31,,27302467506,80799050277,22762669,67359832,2391.06,86.5,synthetic_demo,POOR
2026-10-07T00:19:09.943559+00:00,Ethernet0,Ethernet,14.28,0.16,0.73,155.28,46.05,,27331250757,80896098602,22786655,67440705,24576.48,30.47,synthetic_demo,GOOD
2026-10-07T00:19:14.943559+00:00,Ethernet0,Ethernet,9.11,0.14,1.2,155.97,60.87,,27369291572,80993580160,22818355,67521939,26469.21,18.03,synthetic_demo,GOOD
2026-10-07T00:19:19.943559+00:00,Wi-Fi,Wi-Fi,27.62,0.0,8.44,107.99,29.32,96.5,27387614561,81061072547,22833624,67578182,16760.82,42.61,synthetic_demo,MODERATE
2026-10-07T00:19:24.943559+00:00,Wi-Fi,Wi-Fi,74.4,11.98,38.17,3.42,3.7,36.2,27389924258,81063212697,22835548,67579965,869.11,64.55,synthetic_demo,POOR
2026-10-07T00:19:29.943559+00:00,Wi-Fi,Wi-Fi,74.1,2.97,20.01,20.06,6.72,49.4,27394124248,81075749793,22839047,67590412,3268.96,69.92,synthetic_demo,MODERATE
2026-10-07T00:19:34.943559+00:00,Wi-Fi,Wi-Fi,20.5,0.0,2.07,71.05,27.42,91.3,27411262764,81120158000,22853329,67627418,12020.84,17.13,synthetic_demo,GOOD
2026-10-07T00:19:39.943559+00:00,Ethernet0,Ethernet,10.36,0.0,0.5,148.88,64.6,,27451638425,81213210672,22886975,67704961,26060.22,26.95,synthetic_demo,GOOD
2026-10-07T00:19:44.943559+00:00,Wi-Fi,Wi-Fi,139.5,1.1,18.92,12.17,4.21,70.8,27454269511,81220819781,22889167,67711301,2000.04,93.79,synthetic_demo,MODERATE
2026-10-07T00:19:49.943559+00:00,Wi-Fi,Wi-Fi,136.38,11.89,21.41,8.34,1.07,33.7,27454937904,81226034799,22889723,67715646,1149.1,72.84,synthetic_demo,POOR
2026-10-07T00:19:54.943559+00:00,Wi-Fi,Wi-Fi,24.28,0.0,0.65,53.43,30.23,88.0,27473832007,81259426890,22905468,67743472,10212.15,31.53,synthetic_demo,GOOD
2026-10-07T00:19:59.943559+00:00,Ethernet0,Ethernet,166.64,1.05,19.74,7.15,3.56,,27476054993,81263894013,22907320,67747194,1306.66,90.52,synthetic_demo,POOR
2026-10-07T00:20:04.943559+00:00,Wi-Fi,Wi-Fi,285.44,44.53,52.21,0.78,0.78,12.1,27476540174,81264379516,22907724,67747598,189.59,97.52,synthetic_demo,POOR
2026-10-07T00:20:09.943559+00:00,Ethernet0,Ethernet,9.22,0.0,3.59,140.17,53.0,,27509662176,81351988728,22935325,67820605,23580.32,18.14,synthetic_demo,GOOD
2026-10-07T00:20:14.943559+00:00,Wi-Fi,Wi-Fi,93.03,2.84,6.18,18.78,6.43,48.5,27513680756,81363728261,22938673,67830387,3077.76,56.31,synthetic_demo,MODERATE
2026-10-07T00:20:19.943559+00:00,Wi-Fi,Wi-Fi,20.94,0.0,2.35,78.16,30.52,94.7,27532753174,81412580693,22954566,67871097,13266.57,38.55,synthetic_demo,GOOD
2026-10-07T00:20:24.943559+00:00,Wi-Fi,Wi-Fi,109.04,1.69,6.1,5.64,3.09,76.5,27534685926,81416108218,22956176,67874036,1066.46,88.4,synthetic_demo,MODERATE
2026-10-07T00:20:29.943559+00:00,Wi-Fi,Wi-Fi,63.77,3.32,0.1,26.68,5.96,43.2,27538410334,81432782879,22959279,67887931,3984.19,71.16,synthetic_demo,MODERATE
2026-10-07T00:20:34.943559+00:00,Wi-Fi,Wi-Fi,49.85,0.53,15.32,19.45,2.87,41.0,27540205206,81444940060,22960774,67898061,2725.01,48.58,synthetic_demo,MODERATE
2026-10-07T00:20:39.943559+00:00,Ethernet0,Ethernet,116.74,2.55,22.36,8.73,4.28,,27542882084,81450397321,22963004,67902608,1588.7,98.31,synthetic_demo,MODERATE
2026-10-07T00:20:44.943559+00:00,Wi-Fi,Wi-Fi,29.7,0.0,15.14,88.6,34.69,86.9,27564561967,81505770166,22981070,67948752,15049.36,10.83,synthetic_demo,MODERATE
2026-10-07T00:20:49.943559+00:00,Wi-Fi,Wi-Fi,141.07,5.19,37.3,10.65,3.49,35.0,27566740816,81512424387,22982885,67954297,1725.21,60.74,synthetic_demo,POOR
2026-10-07T00:20:54.943559+00:00,Wi-Fi,Wi-Fi,104.69,0.56,29.45,17.16,5.86,53.0,27570405268,81523147232,22985938,67963232,2810.02,65.38,synthetic_demo,POOR
2026-10-07T00:20:59.943559+00:00,Ethernet0,Ethernet,12.65,0.0,0.38,169.01,54.34,,27604369438,81628780038,23014241,68051259,27265.03,12.06,synthetic_demo,GOOD
2026-10-07T00:21:04.943559+00:00,Wi-Fi,Wi-Fi,117.68,2.95,17.7,5.39,5.56,79.3,27607844215,81632147701,23017136,68054065,1336.41,93.25,synthetic_demo,MODERATE
2026-10-07T00:21:09.943559+00:00,Wi-Fi,Wi-Fi,99.75,3.63,23.36,12.25,5.87,80.3,27611512494,81639805685,23020192,68060446,2212.16,89.72,synthetic_demo,MODERATE
2026-10-07T00:21:14.943559+00:00,Wi-Fi,Wi-Fi,26.55,0.0,0.1,93.46,18.31,87.9,27622955210,81698216475,23029727,68109121,13643.26,36.65,synthetic_demo,GOOD
2026-10-07T00:21:19.943559+00:00,Wi-Fi,Wi-Fi,144.91,10.62,42.07,2.82,1.27,33.6,27623746878,81699978394,23030386,68110589,498.75,73.72,synthetic_demo,POOR
2026-10-07T00:21:24.943559+00:00,Wi-Fi,Wi-Fi,154.96,7.46,22.11,9.57,3.33,43.8,27625830277,81705958300,23032122,68115572,1574.86,74.97,synthetic_demo,POOR
2026-10-07T00:21:29.943559+00:00,Wi-Fi,Wi-Fi,19.03,0.0,4.13,89.94,33.44,95.0,27646731251,81762168770,23049539,68162414,15060.83,44.15,synthetic_demo,GOOD
2026-10-07T00:21:34.943559+00:00,Ethernet0,Ethernet,209.7,29.64,40.97,0.69,0.89,,27647286438,81762602586,23050001,68162775,193.16,80.83,synthetic_demo,POOR
2026-10-07T00:21:39.943559+00:00,Ethernet0,Ethernet,11.53,0.0,1.64,137.89,55.38,,27681900025,81848781124,23078845,68234590,23592.21,14.14,synthetic_demo,GOOD
2026-10-07T00:21:44.943559+00:00,Ethernet0,Ethernet,6.8,0.0,2.7,134.1,60.47,,27719694879,81932591436,23110340,68304431,23751.01,15.43,synthetic_demo,GOOD
2026-10-07T00:21:49.943559+00:00,Ethernet0,Ethernet,11.86,0.0,0.38,145.13,65.23,,27760465932,82023296442,23144315,68380018,25678.92,8.22,synthetic_demo,GOOD
2026-10-07T00:21:54.943559+00:00,Wi-Fi,Wi-Fi,111.73,10.12,16.57,6.64,1.43,39.3,27761359911,82027445503,23145059,68383475,984.97,72.89,synthetic_demo,POOR
2026-10-07T00:21:59.943559+00:00,Ethernet0,Ethernet,119.98,3.64,13.4,18.1,6.28,,27765283060,82038759480,23148328,68392903,2976.0,95.31,synthetic_demo,MODERATE
2026-10-07T00:22:04.943559+00:00,Ethernet0,Ethernet,15.1,0.0,0.1,129.36,46.74,,27794492949,82119609506,23172669,68460278,21496.08,18.68,synthetic_demo,GOOD
2026-10-07T00:22:09.943559+00:00,Wi-Fi,Wi-Fi,27.15,0.0,5.21,104.92,21.63,84.0,27808011327,82185185136,23183934,68514924,15448.05,22.28,synthetic_demo,GOOD
2026-10-07T00:22:14.943559+00:00,Wi-Fi,Wi-Fi,106.82,2.0,12.76,21.52,7.5,35.4,27812700190,82198634335,23187841,68526131,3542.59,62.06,synthetic_demo,POOR
2026-10-07T00:22:19.943559+00:00,Ethernet0,Ethernet,8.14,0.0,1.19,104.81,53.44,,27846101025,82264142006,23215675,68580720,19318.07,21.59,synthetic_demo,GOOD
2026-10-07T00:22:24.943559+00:00,Wi-Fi,Wi-Fi,156.83,10.16,30.77,3.54,4.02,30.6,27848614907,82266357271,23217769,68582566,923.66,61.26,synthetic_demo,POOR
2026-10-07T00:22:29.943559+00:00,Wi-Fi,Wi-Fi,153.43,7.02,29.49,11.69,4.54,40.4,27851453432,82273661338,23220134,68588652,1980.97,53.16,synthetic_demo,POOR
2026-10-07T00:22:34.943559+00:00,Wi-Fi,Wi-Fi,84.77,2.83,24.45,22.24,4.19,39.6,27854074427,82287562808,23222318,68600236,3227.04,74.28,synthetic_demo,POOR
2026-10-07T00:22:39.943559+00:00,Wi-Fi,Wi-Fi,154.05,59.82,32.2,1.32,0.09,28.1,27854129186,82288386486,23222363,68600922,171.57,94.56,synthetic_demo,POOR
2026-10-07T00:22:44.943559+00:00,Wi-Fi,Wi-Fi,24.72,0.0,2.82,88.63,21.39,88.4,27867499683,82343782320,23233505,68647085,13430.92,44.16,synthetic_demo,GOOD
2026-10-07T00:22:49.943559+00:00,Ethernet0,Ethernet,240.9,47.0,33.24,1.96,0.05,,27867531235,82345006360,23233531,68648105,245.23,85.15,synthetic_demo,POOR
2026-10-07T00:22:54.943559+00:00,Wi-Fi,Wi-Fi,73.59,2.0,28.05,20.98,4.11,68.2,27870099749,82358116506,23235671,68659030,3062.24,94.66,synthetic_demo,POOR
2026-10-07T00:22:59.943559+00:00,Wi-Fi,Wi-Fi,71.37,1.7,17.76,14.47,6.79,41.3,27874344388,82367158909,23239208,68666565,2595.13,44.15,synthetic_demo,MODERATE
2026-10-07T00:23:04.943559+00:00,Ethernet0,Ethernet,17.32,0.0,0.1,113.09,42.45,,27900875425,82437841110,23261317,68725466,18986.96,6.79,synthetic_demo,GOOD
2026-10-07T00:23:09.943559+00:00,Wi-Fi,Wi-Fi,201.38,8.04,43.69,6.17,1.65,29.2,27901907732,82441694667,23262177,68728677,954.27,60.92,synthetic_demo,POOR
2026-10-07T00:23:14.943559+00:00,Wi-Fi,Wi-Fi,25.96,0.0,1.83,75.16,26.77,92.1,27918640252,82488669916,23276120,68767823,12442.92,33.9,synthetic_demo,GOOD
2026-10-07T00:23:19.943559+00:00,Ethernet0,Ethernet,10.99,0.0,3.2,159.99,45.21,,27946893630,82588662598,23299664,68851150,25048.06,34.1,synthetic_demo,GOOD
2026-10-07T00:23:24.943559+00:00,Ethernet0,Ethernet,9.43,0.0,0.5,109.69,63.47,,27986562093,82657220080,23332721,68908281,21137.88,19.7,synthetic_demo,GOOD
2026-10-07T00:23:29.943559+00:00,Wi-Fi,Wi-Fi,48.27,2.52,10.61,20.54,6.63,38.1,27990706620,82670059103,23336174,68918980,3317.1,68.8,synthetic_demo,POOR
2026-10-07T00:23:34.943559+00:00,Wi-Fi,Wi-Fi,65.69,3.2,7.15,9.69,5.58,38.2,27994196729,82676117684,23339082,68924028,1864.98,56.55,synthetic_demo,POOR
2026-10-07T00:23:39.943559+00:00,Ethernet0,Ethernet,120.56,3.51,25.75,14.92,3.73,,27996528608,82685442291,23341025,68931798,2276.66,86.06,synthetic_demo,POOR
2026-10-07T00:23:44.943559+00:00,Wi-Fi,Wi-Fi,169.63,11.98,41.04,4.25,3.34,36.1,27998615014,82688096354,23342763,68934009,925.87,62.83,synthetic_demo,POOR
2026-10-07T00:23:49.943559+00:00,Ethernet0,Ethernet,10.45,0.0,1.19,135.0,41.84,,28024764869,82772470876,23364554,69004321,21586.79,7.85,synthetic_demo,GOOD
2026-10-07T00:23:54.943559+00:00,Wi-Fi,Wi-Fi,84.53,2.65,30.92,21.17,5.9,80.7,28028452534,82785705068,23367627,69015349,3305.05,89.85,synthetic_demo,POOR
2026-10-07T00:23:59.943559+00:00,Ethernet0,Ethernet,9.53,0.0,0.53,147.98,38.78,,28052690966,82878192813,23387825,69092422,22798.08,9.68,synthetic_demo,GOOD
2026-10-07T00:24:04.943559+00:00,Wi-Fi,Wi-Fi,82.4,10.04,30.0,6.15,1.56,28.4,28053663190,82882039380,23388635,69095627,941.17,50.03,synthetic_demo,POOR
2026-10-07T00:24:09.943559+00:00,Wi-Fi,Wi-Fi,148.37,5.24,40.22,9.24,3.59,34.5,28055906594,82887817343,23390504,69100441,1566.67,64.67,synthetic_demo,POOR
2026-10-07T00:24:14.943559+00:00,Wi-Fi,Wi-Fi,68.94,1.69,17.3,24.77,4.58,53.3,28058767964,82903298218,23392888,69113341,3582.47,69.74,synthetic_demo,MODERATE
2026-10-07T00:24:19.943559+00:00,Ethernet0,Ethernet,120.16,3.47,23.36,11.16,4.02,,28061282877,82910273612,23394983,69119153,1853.58,85.15,synthetic_demo,MODERATE
2026-10-07T00:24:24.943559+00:00,Wi-Fi,Wi-Fi,13.8,0.0,1.53,98.17,23.87,94.7,28076199249,82971626738,23407413,69170280,14896.39,41.6,synthetic_demo,GOOD
2026-10-07T00:24:29.943559+00:00,Wi-Fi,Wi-Fi,28.36,0.0,1.78,86.89,29.97,82.6,28094932118,83025930441,23423023,69215533,14264.96,13.59,synthetic_demo,GOOD
2026-10-07T00:24:34.943559+00:00,Wi-Fi,Wi-Fi,113.43,6.71,28.07,8.32,0.66,44.1,28095345724,83031131213,23423367,69219866,1096.56,74.0,synthetic_demo,POOR
2026-10-07T00:24:39.943559+00:00,Wi-Fi,Wi-Fi,22.01,0.0,5.62,98.81,24.47,75.2,28110639016,83092885579,23436111,69271327,15048.37,37.74,synthetic_demo,GOOD
2026-10-07T00:24:44.943559+00:00,Wi-Fi,Wi-Fi,29.47,0.0,0.1,76.2,32.01,90.8,28130643947,83140510832,23452781,69311014,13209.02,42.01,synthetic_demo,GOOD
2026-10-07T00:24:49.943559+00:00,Wi-Fi,Wi-Fi,26.22,0.0,1.09,122.23,23.79,78.8,28145514437,83216906738,23465173,69374677,17825.47,13.31,synthetic_demo,GOOD
2026-10-07T00:24:54.943559+00:00,Wi-Fi,Wi-Fi,184.16,8.05,52.96,4.56,0.85,35.2,28146043399,83219759182,23465613,69377054,660.43,81.74,synthetic_demo,POOR
2026-10-07T00:24:59.943559+00:00,Wi-Fi,Wi-Fi,24.53,0.0,3.51,97.32,27.81,78.5,28163423745,83280581261,23480096,69427739,15273.91,42.96,synthetic_demo,GOOD
2026-10-07T00:25:04.943559+00:00,Ethernet0,Ethernet,14.62,0.0,2.02,157.3,45.09,,28191602429,83378895768,23503578,69509667,24705.7,16.52,synthetic_demo,GOOD
2026-10-07T00:25:09.943559+00:00,Ethernet0,Ethernet,150.39,1.26,25.91,7.78,4.49,,28194406401,83383760550,23505914,69513720,1497.8,96.47,synthetic_demo,POOR
2026-10-07T00:25:14.943559+00:00,Wi-Fi,Wi-Fi,168.1,11.16,38.68,4.62,1.63,36.2,28195426138,83386648365,23506763,69516126,763.19,74.99,synthetic_demo,POOR
2026-10-07T00:25:19.943559+00:00,Ethernet0,Ethernet,8.76,0.06,1.41,174.57,43.63,,28222694727,83495752461,23529486,69607046,26635.29,24.55,synthetic_demo,GOOD
2026-10-07T00:25:24.943559+00:00,Ethernet0,Ethernet,10.6,0.0,0.9,141.62,44.99,,28250813535,83584264641,23552918,69680806,22779.49,14.09,synthetic_demo,GOOD
2026-10-07T00:25:29.943559+00:00,Ethernet0,Ethernet,9.61,0.0,1.19,158.53,64.9,,28291376932,83683346382,23586720,69763374,27274.44,29.79,synthetic_demo,GOOD
2026-10-07T00:25:34.943559+00:00,Wi-Fi,Wi-Fi,24.1,0.0,3.38,59.36,30.41,90.0,28310383020,83720447826,23602558,69794291,10958.5,13.3,synthetic_demo,GOOD
2026-10-07T00:25:39.943559+00:00,Wi-Fi,Wi-Fi,29.63,0.0,3.87,77.35,34.87,95.0,28332179853,83768790871,23620722,69834576,13699.19,44.89,synthetic_demo,GOOD
2026-10-07T00:25:44.943559+00:00,Ethernet0,Ethernet,88.51,3.03,23.34,15.88,5.1,,28335367526,83778713828,23623378,69842845,2560.67,86.74,synthetic_demo,MODERATE
2026-10-07T00:25:49.943559+00:00,Ethernet0,Ethernet,140.33,1.67,16.45,7.4,5.55,,28338834478,83783340566,23626267,69846700,1580.8,85.13,synthetic_demo,POOR
2026-10-07T00:25:54.943559+00:00,Wi-Fi,Wi-Fi,58.06,2.48,16.46,22.15,4.82,42.1,28341846525,83797183152,23628777,69858235,3291.92,71.52,synthetic_demo,MODERATE
2026-10-07T00:25:59.943559+00:00,Wi-Fi,Wi-Fi,16.39,0.0,1.58,60.26,29.51,97.4,28360287598,83834847999,23644144,69889622,10958.19,42.82,synthetic_demo,GOOD
2026-10-07T00:26:04.943559+00:00,Wi-Fi,Wi-Fi,191.84,7.71,39.9,7.61,0.94,33.7,28360872669,83839602932,23644631,69893584,1042.97,55.92,synthetic_demo,POOR
2026-10-07T00:26:09.943559+00:00,Wi-Fi,Wi-Fi,19.14,0.0,3.26,106.51,24.83,76.5,28376393280,83906174020,23657564,69949059,16033.53,40.66,synthetic_demo,GOOD
2026-10-07T00:26:14.943559+00:00,Ethernet0,Ethernet,285.33,20.92,59.2,2.01,0.16,,28376495274,83907432693,23657648,69950107,265.76,82.24,synthetic_demo,POOR
2026-10-07T00:26:19.943559+00:00,Wi-Fi,Wi-Fi,91.92,1.4,6.29,9.82,8.82,52.2,28382009864,83913570154,23662243,69955221,2275.79,62.19,synthetic_demo,MODERATE
2026-10-07T00:26:24.943559+00:00,Ethernet0,Ethernet,10.38,0.0,0.73,127.53,71.15,,28426478937,83993276757,23699300,70021643,24253.06,15.43,synthetic_demo,GOOD
2026-10-07T00:26:29.943559+00:00,Wi-Fi,Wi-Fi,125.25,2.33,17.11,8.31,3.75,68.0,28428823347,83998468255,23701253,70025969,1471.86,98.47,synthetic_demo,MODERATE
2026-10-07T00:26:34.943559+00:00,Wi-Fi,Wi-Fi,23.15,0.0,4.64,81.87,30.83,79.4,28448089463,84049633926,23717308,70068607,13756.21,24.17,synthetic_demo,GOOD
2026-10-07T00:26:39.943559+00:00,Ethernet0,Ethernet,157.27,3.74,26.92,9.53,5.27,,28451383265,84055591787,23720052,70073571,1806.97,94.93,synthetic_demo,POOR
2026-10-07T00:26:44.943559+00:00,Ethernet0,Ethernet,13.97,0.0,3.51,168.04,43.48,,28478561098,84160617740,23742700,70161092,25821.05,6.76,synthetic_demo,GOOD
2026-10-07T00:26:49.943559+00:00,Ethernet0,Ethernet,13.95,0.0,2.57,157.4,41.96,,28504786016,84258992480,23764554,70243070,24335.87,5.11,synthetic_demo,GOOD
2026-10-07T00:26:54.943559+00:00,Wi-Fi,Wi-Fi,124.41,5.13,24.08,3.59,2.8,35.5,28506534673,84261235095,23766011,70244938,779.55,56.45,synthetic_demo,POOR
2026-10-07T00:26:59.943559+00:00,Ethernet0,Ethernet,12.33,0.0,0.15,113.78,54.29,,28540464222,84332350100,23794285,70304200,20516.51,17.87,synthetic_demo,GOOD
2026-10-07T00:27:04.943559+00:00,Wi-Fi,Wi-Fi,127.85,11.54,32.14,6.75,2.93,28.2,28542293596,84336571951,23795809,70307718,1181.88,58.82,synthetic_demo,POOR
2026-10-07T00:27:09.943559+00:00,Wi-Fi,Wi-Fi,21.62,0.0,1.71,83.59,19.34,91.9,28554383940,84388816250,23805884,70351254,12565.36,14.38,synthetic_demo,GOOD
2026-10-07T00:27:14.943559+00:00,Wi-Fi,Wi-Fi,56.87,1.64,11.37,22.71,7.93,48.3,28559343210,84403009152,23810016,70363081,3740.66,40.22,synthetic_demo,MODERATE
2026-10-07T00:27:19.943559+00:00,Wi-Fi,Wi-Fi,88.0,1.41,15.77,9.06,3.77,78.8,28561697706,84408671218,23811978,70367799,1565.73,96.03,synthetic_demo,MODERATE
2026-10-07T00:27:24.943559+00:00,Wi-Fi,Wi-Fi,58.23,3.17,15.76,22.9,6.98,45.8,28566059255,84422986786,23815612,70379728,3647.87,51.32,synthetic_demo,MODERATE
2026-10-07T00:27:29.943559+00:00,Wi-Fi,Wi-Fi,33.61,0.0,7.97,29.84,20.75,88.5,28579028645,84441638137,23826419,70395270,6175.93,34.1,synthetic_demo,GOOD
2026-10-07T00:27:34.943559+00:00,Ethernet0,Ethernet,14.0,0.0,0.67,152.89,58.73,,28615735953,84537195982,23857008,70474901,25833.04,11.51,synthetic_demo,GOOD
2026-10-07T00:27:39.943559+00:00,Ethernet0,Ethernet,12.13,0.0,0.61,128.84,43.83,,28643126875,84617717874,23879833,70542002,21076.72,9.35,synthetic_demo,GOOD
2026-10-07T00:27:44.943559+00:00,Wi-Fi,Wi-Fi,25.93,0.0,0.19,59.98,33.0,84.2,28663753116,84655207209,23897021,70573243,11350.7,36.77,synthetic_demo,GOOD
2026-10-07T00:27:49.943559+00:00,Wi-Fi,Wi-Fi,111.23,2.66,34.48,14.3,6.1,75.4,28667565525,84664147690,23900198,70580693,2490.8,96.05,synthetic_demo,POOR
2026-10-07T00:27:54.943559+00:00,Ethernet0,Ethernet,298.93,18.88,26.74,0.96,0.44,,28667841429,84664748395,23900427,70581193,171.21,95.06,synthetic_demo,POOR
2026-10-07T00:27:59.943559+00:00,Wi-Fi,Wi-Fi,196.33,4.64,33.02,8.78,1.92,29.5,28669040233,84670234278,23901426,70585764,1305.6,51.1,synthetic_demo,POOR
2026-10-07T00:28:04.943559+00:00,Wi-Fi,Wi-Fi,97.83,2.29,34.75,7.28,5.22,78.8,28672305818,84674781300,23904147,70589553,1525.9,87.14,synthetic_demo,POOR
2026-10-07T00:28:09.943559+00:00,Wi-Fi,Wi-Fi,140.6,3.22,25.39,8.56,6.03,63.1,28676075390,84680129455,23907288,70594009,1780.81,88.04,synthetic_demo,POOR
2026-10-07T00:28:14.943559+00:00,Ethernet0,Ethernet,112.08,2.82,16.4,15.7,6.03,,28679845602,84689942681,23910429,70602186,2653.02,95.78,synthetic_demo,MODERATE
2026-10-07T00:28:19.943559+00:00,Wi-Fi,Wi-Fi,19.53,0.0,0.1,67.81,21.49,82.4,28693277687,84732322115,23921622,70637502,10900.69,31.99,synthetic_demo,GOOD
2026-10-07T00:28:24.943559+00:00,Wi-Fi,Wi-Fi,126.0,11.21,27.09,8.02,1.72,44.4,28694355697,84737336811,23922520,70641680,1189.98,69.23,synthetic_demo,POOR
2026-10-07T00:28:29.943559+00:00,Wi-Fi,Wi-Fi,100.16,3.35,27.93,11.11,3.02,72.6,28696241649,84744280825,23924091,70647466,1724.6,97.5,synthetic_demo,POOR
2026-10-07T00:28:34.943559+00:00,Wi-Fi,Wi-Fi,45.64,3.11,7.82,20.3,6.68,47.2,28700414101,84756969101,23927568,70658039,3293.11,67.34,synthetic_demo,MODERATE
2026-10-07T00:28:39.943559+00:00,Ethernet0,Ethernet,11.83,0.0,1.14,184.68,43.93,,28727869394,84872395951,23950447,70754228,27906.67,30.54,synthetic_demo,GOOD
2026-10-07T00:28:44.943559+00:00,Wi-Fi,Wi-Fi,8.32,0.0,0.58,94.26,24.15,93.4,28742961291,84931307408,23963023,70803320,14453.78,35.04,synthetic_demo,GOOD
2026-10-07T00:28:49.943559+00:00,Wi-Fi,Wi-Fi,27.04,0.0,8.28,87.24,26.26,78.9,28759376688,84985831034,23976702,70848756,13855.28,31.93,synthetic_demo,MODERATE
2026-10-07T00:28:54.943559+00:00,Wi-Fi,Wi-Fi,108.71,10.06,40.95,7.75,2.49,31.3,28760932541,84990672272,23977998,70852790,1249.43,73.86,synthetic_demo,POOR
2026-10-07T00:28:59.943559+00:00,Wi-Fi,Wi-Fi,96.47,1.89,10.6,8.87,9.53,38.2,28766886796,84996216864,23982959,70857410,2245.87,46.23,synthetic_demo,MODERATE
2026-10-07T00:29:04.943559+00:00,Wi-Fi,Wi-Fi,25.97,0.0,0.1,64.54,24.64,92.0,28782285767,85036556749,23995791,70891026,10886.5,15.52,synthetic_demo,GOOD
2026-10-07T00:29:09.943559+00:00,Wi-Fi,Wi-Fi,203.12,25.44,34.41,0.95,0.74,22.2,28782749589,85037148147,23996177,70891518,206.1,72.44,synthetic_demo,POOR
2026-10-07T00:29:14.943559+00:00,Ethernet0,Ethernet,10.74,0.0,0.97,146.75,53.35,,28816094703,85128866547,24023964,70967950,24426.47,26.78,synthetic_demo,GOOD
2026-10-07T00:29:19.943559+00:00,Wi-Fi,Wi-Fi,20.62,0.0,2.03,85.89,20.71,80.9,28829036815,85182549288,24034749,71012685,13012.67,30.51,synthetic_demo,GOOD
2026-10-07T00:29:24.943559+00:00,Ethernet0,Ethernet,13.08,0.0,1.04,179.4,36.82,,28852051806,85294672455,24053928,71106120,26394.17,19.61,synthetic_demo,GOOD
2026-10-07T00:29:29.943559+00:00,Wi-Fi,Wi-Fi,81.14,1.96,34.94,11.46,3.7,65.6,28854366622,85301832213,24055857,71112086,1850.5,98.1,synthetic_demo,POOR
2026-10-07T00:29:34.943559+00:00,Wi-Fi,Wi-Fi,115.77,5.54,31.19,6.48,1.24,28.7,28855142541,85305882458,24056503,71115461,942.61,67.45,synthetic_demo,POOR
2026-10-07T00:29:39.943559+00:00,Wi-Fi,Wi-Fi,30.92,0.0,1.84,67.41,22.47,93.2,28869184112,85348014044,24068204,71150570,10971.32,33.16,synthetic_demo,GOOD
2026-10-07T00:29:44.943559+00:00,Wi-Fi,Wi-Fi,193.88,7.58,37.21,6.01,2.69,28.6,28870863597,85351772366,24069603,71153701,1062.07,66.91,synthetic_demo,POOR
2026-10-07T00:29:49.943559+00:00,Wi-Fi,Wi-Fi,26.37,0.0,1.17,73.16,29.51,76.7,28889308365,85397496383,24084973,71191804,12532.97,40.78,synthetic_demo,GOOD
2026-10-07T00:29:54.943559+00:00,Wi-Fi,Wi-Fi,148.43,11.83,23.22,5.71,1.01,28.6,28889939528,85401064563,24085498,71194777,820.18,76.08,synthetic_demo,POOR
2026-10-07T00:29:59.943559+00:00,Wi-Fi,Wi-Fi,88.46,2.55,17.69,12.13,5.62,61.5,28893452439,85408644833,24088425,71201093,2166.64,92.89,synthetic_demo,MODERATE
2026-10-07T00:30:04.943559+00:00,Wi-Fi,Wi-Fi,122.2,5.05,34.96,7.78,1.25,36.8,28894232292,85413506615,24089074,71205144,1101.88,68.92,synthetic_demo,POOR
2026-10-07T00:30:09.943559+00:00,Ethernet0,Ethernet,10.02,0.0,0.41,126.36,51.76,,28926579431,85492482940,24116029,71270957,21742.86,8.7,synthetic_demo,GOOD
2026-10-07T00:30:14.943559+00:00,Wi-Fi,Wi-Fi,283.78,57.68,70.89,0.72,0.59,26.9,28926949666,85492930083,24116337,71271329,159.64,97.62,synthetic_demo,POOR
2026-10-07T00:30:19.943559+00:00,Wi-Fi,Wi-Fi,102.88,2.79,18.58,10.94,2.58,84.2,28928560180,85499765704,24117679,71277025,1649.64,94.36,synthetic_demo,MODERATE
2026-10-07T00:30:24.943559+00:00,Wi-Fi,Wi-Fi,19.16,0.0,13.28,73.75,18.98,89.9,28940425567,85545861753,24127566,71315438,11320.59,11.95,synthetic_demo,MODERATE
2026-10-07T00:30:29.943559+00:00,Wi-Fi,Wi-Fi,116.14,5.55,34.92,9.32,3.31,36.1,28942491595,85551688314,24129287,71320293,1541.52,60.25,synthetic_demo,POOR
2026-10-07T00:30:34.943559+00:00,Wi-Fi,Wi-Fi,18.47,0.0,3.51,101.37,23.79,93.8,28957362465,85615047115,24141679,71373092,15279.23,33.1,synthetic_demo,GOOD
2026-10-07T00:30:39.943559+00:00,Wi-Fi,Wi-Fi,124.89,9.23,13.88,1.71,3.1,35.2,28959298240,85616117968,24143292,71373984,587.23,83.92,synthetic_demo,POOR
2026-10-07T00:30:44.943559+00:00,Ethernet0,Ethernet,14.17,0.0,0.8,153.53,63.08,,28998721506,85712073926,24176144,71453947,26441.25,20.35,synthetic_demo,GOOD
2026-10-07T00:30:49.943559+00:00,Wi-Fi,Wi-Fi,136.71,3.18,23.15,9.9,4.66,69.0,29001635529,85718262584,24178572,71459104,1777.87,88.26,synthetic_demo,MODERATE
2026-10-07T00:30:54.943559+00:00,Wi-Fi,Wi-Fi,90.16,1.59,6.23,6.68,9.72,40.7,29007712354,85722439997,24183636,71462585,2002.78,43.34,synthetic_demo,MODERATE
2026-10-07T00:30:59.943559+00:00,Ethernet0,Ethernet,8.21,0.0,1.42,157.69,55.8,,29042584736,85820997082,24212696,71544715,26060.44,9.65,synthetic_demo,GOOD
2026-10-07T00:31:04.943559+00:00,Ethernet0,Ethernet,9.82,0.0,0.13,159.24,64.51,,29082905417,85920521853,24246296,71627652,27313.56,7.59,synthetic_demo,GOOD
2026-10-07T00:31:09.943559+00:00,Ethernet0,Ethernet,12.4,0.0,3.73,173.51,33.94,,29104120208,86028965028,24263974,71718021,25323.82,28.09,synthetic_demo,GOOD
2026-10-07T00:31:14.943559+00:00,Wi-Fi,Wi-Fi,24.62,0.0,3.9,81.84,27.71,81.3,29121437167,86080117962,24278404,71760648,13373.03,24.06,synthetic_demo,GOOD
2026-10-07T00:31:19.943559+00:00,Wi-Fi,Wi-Fi,23.68,0.0,1.81,35.55,40.57,93.9,29146791078,86102337922,24299532,71779164,9291.77,28.11,synthetic_demo,GOOD
2026-10-07T00:31:24.943559+00:00,Wi-Fi,Wi-Fi,96.17,1.19,20.46,21.6,8.2,37.9,29151914919,86115835825,24303801,71790412,3637.06,51.97,synthetic_demo,MODERATE
2026-10-07T00:31:29.943559+00:00,Wi-Fi,Wi-Fi,18.17,0.0,7.27,100.76,28.2,94.6,29169537927,86178813139,24318486,71842893,15742.25,43.55,synthetic_demo,GOOD
2026-10-07T00:31:34.943559+00:00,Wi-Fi,Wi-Fi,39.24,0.0,0.22,67.99,31.89,93.5,29189470293,86221304299,24335096,71878302,12192.09,41.23,synthetic_demo,GOOD
2026-10-07T00:31:39.943559+00:00,Wi-Fi,Wi-Fi,99.02,2.48,21.04,11.28,3.99,79.0,29191963201,86228354042,24337173,71884176,1863.8,85.9,synthetic_demo,MODERATE
2026-10-07T00:31:44.943559+00:00,Ethernet0,Ethernet,14.36,0.0,1.68,142.16,41.75,,29218056876,86317204121,24358917,71958217,22449.95,6.94,synthetic_demo,GOOD
2026-10-07T00:31:49.943559+00:00,Wi-Fi,Wi-Fi,141.94,10.7,32.64,6.72,3.1,35.4,29219996642,86321403740,24360533,71961716,1199.1,64.22,synthetic_demo,POOR
2026-10-07T00:31:54.943559+00:00,Wi-Fi,Wi-Fi,118.89,4.92,36.6,9.65,0.95,41.4,29220588022,86327432815,24361025,71966740,1293.06,58.59,synthetic_demo,POOR
2026-10-07T00:31:59.943559+00:00,Ethernet0,Ethernet,91.41,1.12,27.27,9.64,3.12,,29222541043,86333457070,24362652,71971760,1558.06,85.91,synthetic_demo,POOR
2026-10-07T00:32:04.943559+00:00,Wi-Fi,Wi-Fi,59.65,3.15,22.23,16.16,2.75,47.8,29224258741,86343556522,24364083,71980176,2308.04,70.71,synthetic_demo,MODERATE
2026-10-07T00:32:09.943559+00:00,Wi-Fi,Wi-Fi,54.99,11.0,36.45,4.45,1.77,33.9,29225363031,86346337652,24365003,71982493,758.87,77.48,synthetic_demo,POOR
2026-10-07T00:32:14.943559+00:00,Ethernet0,Ethernet,12.2,0.0,3.96,141.46,39.97,,29250341569,86434752821,24385818,72056172,22147.21,18.21,synthetic_demo,GOOD
2026-10-07T00:32:19.943559+00:00,Ethernet0,Ethernet,9.58,0.0,2.0,175.47,56.97,,29285949245,86544422080,24415491,72147563,28374.4,29.6,synthetic_demo,GOOD
2026-10-07T00:32:24.943559+00:00,Ethernet0,Ethernet,11.68,0.0,0.36,165.5,52.86,,29318988483,86647858511,24443023,72233760,26655.4,29.51,synthetic_demo,GOOD
2026-10-07T00:32:29.943559+00:00,Wi-Fi,Wi-Fi,164.13,3.2,23.0,13.06,4.86,69.2,29322028486,86656018242,24445556,72240559,2187.45,85.62,synthetic_demo,POOR
2026-10-07T00:32:34.943559+00:00,Ethernet0,Ethernet,16.53,0.0,1.04,138.9,45.1,,29350216939,86742831906,24469046,72312903,22461.35,20.25,synthetic_demo,GOOD
2026-10-07T00:32:39.943559+00:00,Wi-Fi,Wi-Fi,45.53,2.26,17.43,17.62,7.87,52.1,29355137062,86753846676,24473146,72322081,3112.28,72.45,synthetic_demo,MODERATE
2026-10-07T00:32:44.943559+00:00,Wi-Fi,Wi-Fi,237.28,41.46,41.24,1.12,0.36,22.8,29355362142,86754548001,24473333,72322665,180.94,70.06,synthetic_demo,POOR
2026-10-07T00:32:49.943559+00:00,Wi-Fi,Wi-Fi,108.0,11.97,24.38,7.14,2.82,32.3,29357123501,86759012880,24474800,72326385,1216.06,83.54,synthetic_demo,POOR
2026-10-07T00:32:54.943559+00:00,Wi-Fi,Wi-Fi,71.86,2.22,19.68,25.07,5.66,41.0,29360660853,86774679059,24477747,72339440,3750.69,53.01,synthetic_demo,MODERATE
2026-10-07T00:32:59.943559+00:00,Ethernet0,Ethernet,10.87,0.0,1.07,139.56,44.92,,29388736344,86861905865,24501143,72412129,22519.98,16.2,synthetic_demo,GOOD
2026-10-07T00:33:04.943559+00:00,Wi-Fi,Wi-Fi,85.77,11.91,28.7,9.13,1.75,38.4,29389831543,86867609628,24502055,72416882,1327.92,83.83,synthetic_demo,POOR
2026-10-07T00:33:09.943559+00:00,Wi-Fi,Wi-Fi,88.03,1.67,9.15,24.19,7.02,54.6,29394219891,86882728735,24505711,72429481,3810.05,55.86,synthetic_demo,MODERATE
2026-10-07T00:33:14.943559+00:00,Ethernet0,Ethernet,7.98,0.0,3.69,138.2,35.2,,29416220735,86969103026,24524045,72501459,21167.02,24.3,synthetic_demo,GOOD
2026-10-07T00:33:19.943559+00:00,Ethernet0,Ethernet,9.7,0.0,2.1,150.82,70.32,,29460173695,87063366742,24560672,72580012,26995.44,7.63,synthetic_demo,GOOD
2026-10-07T00:33:24.943559+00:00,Wi-Fi,Wi-Fi,97.49,8.21,35.98,0.01,0.96,26.3,29460776087,87063372992,24561173,72580017,118.88,67.69,synthetic_demo,POOR
2026-10-07T00:33:29.943559+00:00,Ethernet0,Ethernet,148.35,1.02,21.68,11.75,4.84,,29463801844,87070714753,24563694,72586135,2024.91,89.11,synthetic_demo,POOR
2026-10-07T00:33:34.943559+00:00,Wi-Fi,Wi-Fi,62.35,6.57,38.29,5.98,3.44,33.6,29465952218,87074452921,24565485,72589250,1150.11,50.7,synthetic_demo,POOR
2026-10-07T00:33:39.943559+00:00,Wi-Fi,Wi-Fi,164.02,9.35,23.63,6.85,2.85,29.1,29467732416,87078734439,24566968,72592817,1183.93,66.14,synthetic_demo,POOR
2026-10-07T00:33:44.943559+00:00,Wi-Fi,Wi-Fi,73.45,1.88,17.36,20.71,4.65,36.4,29470638170,87091679401,24569389,72603604,3095.84,52.23,synthetic_demo,MODERATE
2026-10-07T00:33:49.943559+00:00,Wi-Fi,Wi-Fi,101.03,2.54,25.64,13.53,3.64,44.2,29472913773,87100136128,24571285,72610651,2096.16,59.07,synthetic_demo,POOR
2026-10-07T00:33:54.943559+00:00,Wi-Fi,Wi-Fi,25.66,0.0,1.37,75.5,26.91,80.6,29489732278,87147326596,24585300,72649976,12501.75,16.71,synthetic_demo,GOOD
2026-10-07T00:33:59.943559+00:00,Wi-Fi,Wi-Fi,24.26,0.18,13.37,58.05,30.77,77.7,29508966075,87183608895,24601328,72680211,10842.99,26.56,synthetic_demo,MODERATE
2026-10-07T00:34:04.943559+00:00,Wi-Fi,Wi-Fi,28.78,0.0,6.74,72.44,18.41,88.5,29520470184,87228883159,24610914,72717939,11089.53,27.99,synthetic_demo,GOOD
2026-10-07T00:34:09.943559+00:00,Ethernet0,Ethernet,91.91,3.22,12.76,2.3,5.04,,29523622226,87230320186,24613540,72719136,896.3,85.41,synthetic_demo,POOR
2026-10-07T00:34:14.943559+00:00,Wi-Fi,Wi-Fi,95.21,2.05,16.7,17.41,10.34,50.6,29530085831,87241204473,24618926,72728206,3388.26,64.31,synthetic_demo,MODERATE
2026-10-07T00:34:19.943559+00:00,Wi-Fi,Wi-Fi,135.23,7.7,35.11,5.4,0.17,42.5,29530192646,87244582367,24619015,72731020,680.61,51.49,synthetic_demo,POOR
2026-10-07T00:34:24.943559+00:00,Wi-Fi,Wi-Fi,16.6,0.0,0.97,89.63,24.82,76.3,29545706275,87300598996,24631943,72777700,13970.75,35.15,synthetic_demo,GOOD
2026-10-07T00:34:29.943559+00:00,Wi-Fi,Wi-Fi,62.12,1.62,16.04,9.63,9.07,49.7,29551376450,87306615815,24636668,72782714,2282.62,71.21,synthetic_demo,MODERATE
2026-10-07T00:34:34.943559+00:00,Wi-Fi,Wi-Fi,74.08,1.11,12.84,22.67,5.78,53.5,29554988450,87320781626,24639678,72794518,3472.23,73.73,synthetic_demo,MODERATE
2026-10-07T00:34:39.943559+00:00,Wi-Fi,Wi-Fi,79.45,0.94,13.55,9.23,5.99,46.0,29558731944,87326549002,24642797,72799324,1857.59,64.3,synthetic_demo,MODERATE
2026-10-07T00:34:44.943559+00:00,Ethernet0,Ethernet,116.74,3.19,16.93,7.94,4.4,,29561482667,87331512307,24645089,72803460,1506.65,87.53,synthetic_demo,MODERATE
2026-10-07T00:34:49.943559+00:00,Ethernet0,Ethernet,10.14,0.0,3.29,164.3,31.42,,29581119385,87434197515,24661452,72889031,23891.0,16.93,synthetic_demo,GOOD
2026-10-07T00:34:54.943559+00:00,Wi-Fi,Wi-Fi,70.92,1.72,11.83,16.15,7.39,42.6,29585736910,87444292905,24665299,72897443,2873.62,67.4,synthetic_demo,MODERATE
2026-10-07T00:34:59.943559+00:00,Ethernet0,Ethernet,13.83,0.0,2.38,162.73,62.19,,29624603211,87545999680,24697687,72982198,27455.68,20.26,synthetic_demo,GOOD
2026-10-07T00:35:04.943559+00:00,Wi-Fi,Wi-Fi,23.25,0.0,1.08,67.3,23.0,79.2,29638979572,87588059217,24709667,73017247,11022.64,12.21,synthetic_demo,GOOD
2026-10-07T00:35:09.943559+00:00,Wi-Fi,Wi-Fi,30.76,0.0,6.96,79.4,21.2,78.3,29652231938,87637684308,24720710,73058601,12280.75,20.81,synthetic_demo,GOOD
2026-10-07T00:35:14.943559+00:00,Wi-Fi,Wi-Fi,110.33,1.87,16.64,8.89,5.22,69.7,29655495622,87643243397,24723429,73063233,1723.2,97.26,synthetic_demo,MODERATE
2026-10-07T00:35:19.943559+00:00,Wi-Fi,Wi-Fi,261.17,23.87,70.41,0.98,0.69,14.7,29655926402,87643856611,24723787,73063744,203.91,91.03,synthetic_demo,POOR
2026-10-07T00:35:24.943559+00:00,Wi-Fi,Wi-Fi,42.99,1.54,26.03,7.88,3.83,51.7,29658320456,87648782123,24725782,73067848,1429.6,65.26,synthetic_demo,POOR
2026-10-07T00:35:29.943559+00:00,Wi-Fi,Wi-Fi,133.19,3.73,17.98,19.95,4.18,64.1,29660931127,87661250958,24727957,73078238,2945.22,91.01,synthetic_demo,MODERATE
2026-10-07T00:35:34.943559+00:00,Wi-Fi,Wi-Fi,50.66,1.73,10.7,21.69,4.94,43.9,29664016979,87674806282,24730528,73089534,3250.23,67.03,synthetic_demo,MODERATE
2026-10-07T00:35:39.943559+00:00,Wi-Fi,Wi-Fi,94.67,2.38,10.42,8.73,7.61,41.7,29668771124,87680261672,24734489,73094080,1994.05,65.4,synthetic_demo,MODERATE
2026-10-07T00:35:44.943559+00:00,Ethernet0,Ethernet,7.88,0.0,0.24,129.24,42.93,,29695601679,87761034930,24756847,73161391,21016.37,16.71,synthetic_demo,GOOD
2026-10-07T00:35:49.943559+00:00,Wi-Fi,Wi-Fi,32.14,0.0,0.63,125.65,24.22,81.9,29710740775,87839565872,24769462,73226833,18294.93,33.98,synthetic_demo,GOOD
2026-10-07T00:35:54.943559+00:00,Wi-Fi,Wi-Fi,27.21,0.0,1.43,82.63,26.64,92.6,29727388649,87891211199,24783335,73269870,13338.52,11.2,synthetic_demo,GOOD
2026-10-07T00:35:59.943559+00:00,Wi-Fi,Wi-Fi,27.55,0.0,4.28,84.12,24.75,76.5,29742855128,87943785181,24796223,73313681,13289.15,26.13,synthetic_demo,GOOD
2026-10-07T00:36:04.943559+00:00,Ethernet0,Ethernet,12.88,0.06,1.33,172.19,38.61,,29766985239,88051402325,24816331,73403361,25731.89,29.66,synthetic_demo,GOOD
2026-10-07T00:36:09.943559+00:00,Ethernet0,Ethernet,14.21,0.0,2.75,146.48,44.86,,29795022275,88142953460,24839695,73479653,23357.06,13.96,synthetic_demo,GOOD
2026-10-07T00:36:14.943559+00:00,Wi-Fi,Wi-Fi,29.74,0.0,5.0,67.58,29.82,88.6,29813659622,88185188661,24855226,73514849,11889.17,14.86,synthetic_demo,GOOD
2026-10-07T00:36:19.943559+00:00,Wi-Fi,Wi-Fi,282.76,23.01,75.01,2.0,0.33,12.7,29813868519,88186437878,24855400,73515890,284.79,82.68,synthetic_demo,POOR
2026-10-07T00:36:24.943559+00:00,Wi-Fi,Wi-Fi,23.81,0.0,5.73,68.84,23.62,91.7,29828630361,88229461091,24867701,73551742,11286.14,29.9,synthetic_demo,GOOD
2026-10-07T00:36:29.943559+00:00,Wi-Fi,Wi-Fi,32.06,0.0,3.88,89.85,32.63,89.2,29849021933,88285616880,24884693,73598538,14950.66,33.9,synthetic_demo,GOOD
2026-10-07T00:36:34.943559+00:00,Ethernet0,Ethernet,14.42,0.0,3.23,143.95,41.63,,29875038294,88375583616,24906373,73673510,22652.95,23.0,synthetic_demo,GOOD
2026-10-07T00:36:39.943559+00:00,Wi-Fi,Wi-Fi,67.96,1.63,13.58,25.75,3.54,39.2,29877248919,88391676106,24908215,73686920,3574.83,53.58,synthetic_demo,MODERATE
2026-10-07T00:36:44.943559+00:00,Wi-Fi,Wi-Fi,30.41,0.0,3.21,78.18,25.17,90.9,29892979974,88440536659,24921324,73727637,12615.55,42.6,synthetic_demo,GOOD
2026-10-07T00:36:49.943559+00:00,Ethernet0,Ethernet,10.02,0.0,1.1,141.76,65.63,,29933996652,88529136005,24955504,73801469,25315.63,34.14,synthetic_demo,GOOD
2026-10-07T00:36:54.943559+00:00,Wi-Fi,Wi-Fi,84.56,3.13,13.31,13.21,4.54,45.9,29936831298,88537392807,24957866,73808349,2166.3,59.36,synthetic_demo,MODERATE
2026-10-07T00:36:59.943559+00:00,Ethernet0,Ethernet,10.62,0.0,1.87,167.86,47.61,,29966589941,88642306006,24982664,73895776,26303.09,20.61,synthetic_demo,GOOD
2026-10-07T00:37:04.943559+00:00,Ethernet0,Ethernet,8.86,0.0,0.16,134.45,49.46,,29997499497,88726338285,25008421,73965802,22449.58,28.44,synthetic_demo,GOOD
2026-10-07T00:37:09.943559+00:00,Ethernet0,Ethernet,11.94,0.06,1.28,117.97,43.35,,30024592032,88800070284,25030998,74027245,19692.29,13.26,synthetic_demo,GOOD
2026-10-07T00:37:14.943559+00:00,Ethernet0,Ethernet,11.18,0.15,1.21,147.83,56.95,,30060183558,88892466098,25060657,74104241,24997.53,32.23,synthetic_demo,GOOD
2026-10-07T00:37:19.943559+00:00,Ethernet0,Ethernet,14.49,0.0,2.33,111.35,47.5,,30089871567,88962056921,25085397,74162233,19390.4,20.21,synthetic_demo,GOOD
2026-10-07T00:37:24.943559+00:00,Wi-Fi,Wi-Fi,37.29,0.0,3.2,75.69,35.99,80.5,30112362565,89009364882,25104139,74201656,13632.61,25.2,synthetic_demo,GOOD
2026-10-07T00:37:29.943559+00:00,Wi-Fi,Wi-Fi,107.24,6.08,31.66,9.21,0.92,44.8,30112939335,89015120553,25104619,74206452,1236.8,68.68,synthetic_demo,POOR
2026-10-07T00:37:34.943559+00:00,Wi-Fi,Wi-Fi,88.27,1.37,8.66,23.34,4.89,54.8,30115995071,89029705116,25107165,74218605,3445.37,61.18,synthetic_demo,MODERATE
2026-10-07T00:37:39.943559+00:00,Wi-Fi,Wi-Fi,93.55,3.03,13.95,14.46,7.65,38.9,30120774189,89038742518,25111147,74226136,2698.54,52.47,synthetic_demo,POOR
2026-10-07T00:37:44.943559+00:00,Wi-Fi,Wi-Fi,31.3,0.0,2.85,55.42,19.69,79.8,30133078250,89073378338,25121400,74254999,9167.95,24.32,synthetic_demo,GOOD
2026-10-07T00:37:49.943559+00:00,Wi-Fi,Wi-Fi,232.85,32.0,67.39,0.66,0.65,23.7,30133486980,89073787817,25121740,74255340,159.81,84.03,synthetic_demo,POOR
2026-10-07T00:37:54.943559+00:00,Wi-Fi,Wi-Fi,24.75,0.0,1.8,80.14,22.29,85.5,30147420434,89123874045,25133351,74297078,12503.84,38.64,synthetic_demo,GOOD
2026-10-07T00:37:59.943559+00:00,Ethernet0,Ethernet,11.43,0.12,3.19,137.91,44.61,,30175301765,89210068697,25156585,74368906,22280.47,28.17,synthetic_demo,GOOD
2026-10-07T00:38:04.943559+00:00,Wi-Fi,Wi-Fi,59.68,1.63,11.95,23.77,5.45,47.4,30178706261,89224925827,25159422,74381286,3566.72,54.21,synthetic_demo,MODERATE
2026-10-07T00:38:09.943559+00:00,Ethernet0,Ethernet,13.53,0.0,0.35,150.92,46.99,,30208076644,89319253940,25183897,74459892,24159.86,17.63,synthetic_demo,GOOD
2026-10-07T00:38:14.943559+00:00,Wi-Fi,Wi-Fi,23.63,0.26,0.24,74.65,21.5,97.0,30221512661,89365908842,25195093,74498771,11736.51,24.94,synthetic_demo,GOOD
2026-10-07T00:38:19.943559+00:00,Wi-Fi,Wi-Fi,29.87,1.66,17.89,18.34,3.19,43.8,30223508076,89377369762,25196755,74508321,2628.19,49.48,synthetic_demo,MODERATE
2026-10-07T00:38:24.943559+00:00,Wi-Fi,Wi-Fi,117.9,8.32,23.22,6.19,2.65,26.3,30225163230,89381236121,25198134,74511542,1078.42,74.26,synthetic_demo,POOR
2026-10-07T00:38:29.943559+00:00,Wi-Fi,Wi-Fi,25.21,0.0,3.16,73.87,22.95,91.7,30239504375,89427403380,25210084,74550014,11818.05,14.78,synthetic_demo,GOOD
2026-10-07T00:38:34.943559+00:00,Wi-Fi,Wi-Fi,116.95,3.64,25.63,12.01,3.93,61.6,30241959314,89434911362,25212129,74556270,1945.88,93.82,synthetic_demo,POOR
2026-10-07T00:38:39.943559+00:00,Wi-Fi,Wi-Fi,195.98,22.89,68.05,0.49,0.85,12.6,30242493251,89435219805,25212573,74556527,164.53,71.06,synthetic_demo,POOR
2026-10-07T00:38:44.943559+00:00,Ethernet0,Ethernet,9.89,0.0,5.83,133.64,60.94,,30280579408,89518744776,25244311,74626131,23752.17,26.52,synthetic_demo,GOOD
2026-10-07T00:38:49.943559+00:00,Wi-Fi,Wi-Fi,24.07,0.0,1.8,53.93,28.73,86.9,30298536647,89552450102,25259275,74654218,10090.34,42.49,synthetic_demo,GOOD
2026-10-07T00:38:54.943559+00:00,Wi-Fi,Wi-Fi,28.83,0.0,0.82,97.95,32.18,76.1,30318648137,89613670465,25276034,74705234,15885.13,31.27,synthetic_demo,GOOD
2026-10-07T00:38:59.943559+00:00,Wi-Fi,Wi-Fi,31.84,0.0,2.41,64.58,20.82,85.7,30331659579,89654034497,25286876,74738870,10424.9,43.8,synthetic_demo,GOOD
2026-10-07T00:39:04.943559+00:00,Wi-Fi,Wi-Fi,29.15,0.0,0.76,79.34,17.88,96.8,30342836651,89703623100,25296190,74780193,11868.3,31.3,synthetic_demo,GOOD
2026-10-07T00:39:09.943559+00:00,Wi-Fi,Wi-Fi,169.48,9.19,18.02,2.61,2.32,37.7,30344287632,89705254485,25297399,74781552,602.02,65.06,synthetic_demo,POOR
2026-10-07T00:39:14.943559+00:00,Wi-Fi,Wi-Fi,118.11,1.98,22.15,9.78,4.5,66.8,30347100789,89711368947,25299743,74786647,1743.68,92.99,synthetic_demo,MODERATE
2026-10-07T00:39:19.943559+00:00,Wi-Fi,Wi-Fi,102.94,2.35,17.35,22.79,6.36,44.0,30351077377,89725613177,25303056,74798517,3558.75,47.88,synthetic_demo,MODERATE
2026-10-07T00:39:24.943559+00:00,Wi-Fi,Wi-Fi,23.32,0.0,0.13,58.0,17.57,78.8,30362058119,89761865597,25312206,74828727,9225.23,30.75,synthetic_demo,GOOD
2026-10-07T00:39:29.943559+00:00,Wi-Fi,Wi-Fi,152.25,10.21,40.42,0.58,2.03,26.7,30363329774,89762227804,25313265,74829028,319.11,81.33,synthetic_demo,POOR
2026-10-07T00:39:34.943559+00:00,Ethernet0,Ethernet,220.88,58.76,62.38,1.35,0.42,,30363590477,89763068764,25313482,74829728,215.17,84.06,synthetic_demo,POOR
2026-10-07T00:39:39.943559+00:00,Wi-Fi,Wi-Fi,219.23,9.27,33.5,8.03,0.01,37.8,30363596727,89768087332,25313487,74833910,981.41,65.61,synthetic_demo,POOR
2026-10-07T00:39:44.943559+00:00,Ethernet0,Ethernet,12.67,0.0,0.71,166.93,54.88,,30397896806,89872420227,25342070,74920854,27076.75,24.46,synthetic_demo,GOOD
2026-10-07T00:39:49.943559+00:00,Wi-Fi,Wi-Fi,109.45,1.79,17.89,29.26,4.46,45.6,30400686179,89890710657,25344394,74936096,4117.15,41.91,synthetic_demo,MODERATE
2026-10-07T00:39:54.943559+00:00,Ethernet0,Ethernet,11.5,0.0,0.17,184.18,42.35,,30427151888,90005823846,25366448,75032023,27652.13,21.35,synthetic_demo,GOOD
2026-10-07T00:39:59.943559+00:00,Wi-Fi,Wi-Fi,25.54,0.0,6.22,60.97,29.2,95.4,30445403662,90043929496,25381657,75063777,11007.31,30.06,synthetic_demo,GOOD
2026-10-07T00:40:04.943559+00:00,Ethernet0,Ethernet,9.13,0.0,4.01,157.38,57.73,,30481487047,90142289801,25411726,75145743,26258.53,19.67,synthetic_demo,GOOD
2026-10-07T00:40:09.943559+00:00,Wi-Fi,Wi-Fi,66.53,0.99,21.14,24.76,5.14,38.4,30484701511,90157762039,25414404,75158636,3649.75,46.79,synthetic_demo,MODERATE
2026-10-07T00:40:14.943559+00:00,Wi-Fi,Wi-Fi,71.51,3.69,16.73,16.42,4.21,71.4,30487333160,90168022696,25416597,75167186,2518.03,91.56,synthetic_demo,MODERATE
2026-10-07T00:40:19.943559+00:00,Ethernet0,Ethernet,13.09,0.0,0.4,161.53,26.58,,30503944117,90268977146,25430439,75251314,22961.99,20.84,synthetic_demo,GOOD
2026-10-07T00:40:24.943559+00:00,Wi-Fi,Wi-Fi,21.58,0.0,2.59,94.03,24.46,95.7,30519234102,90327746550,25443180,75300288,14464.72,38.72,synthetic_demo,GOOD
2026-10-07T00:40:29.943559+00:00,Wi-Fi,Wi-Fi,27.16,0.0,3.19,77.27,20.29,82.6,30531913553,90376043126,25453746,75340535,11909.38,25.04,synthetic_demo,GOOD
2026-10-07T00:40:34.943559+00:00,Wi-Fi,Wi-Fi,28.94,0.0,13.2,78.18,19.28,79.4,30543965585,90424907162,25463789,75381255,11897.67,35.06,synthetic_demo,MODERATE
2026-10-07T00:40:39.943559+00:00,Ethernet0,Ethernet,12.78,0.0,0.98,145.69,38.65,,30568119339,90515962888,25483917,75457134,22501.85,27.5,synthetic_demo,GOOD
2026-10-07T00:40:44.943559+00:00,Wi-Fi,Wi-Fi,18.81,0.0,1.37,72.73,25.7,89.0,30584179240,90561418362,25497300,75495013,12014.72,12.18,synthetic_demo,GOOD
2026-10-07T00:40:49.943559+00:00,Wi-Fi,Wi-Fi,88.69,2.16,26.7,4.28,2.53,79.9,30585763604,90564091277,25498620,75497240,831.5,87.27,synthetic_demo,POOR
2026-10-07T00:40:54.943559+00:00,Ethernet0,Ethernet,7.5,0.0,1.06,171.74,40.69,,30611193867,90671427722,25519811,75586687,25931.0,21.54,synthetic_demo,GOOD
2026-10-07T00:40:59.943559+00:00,Ethernet0,Ethernet,17.16,0.0,5.4,144.43,59.12,,30648144584,90761695620,25550603,75661910,24847.39,5.03,synthetic_demo,GOOD
2026-10-07T00:41:04.943559+00:00,Wi-Fi,Wi-Fi,26.58,0.0,0.72,76.07,20.48,92.2,30660944150,90809238414,25561269,75701528,11785.62,24.43,synthetic_demo,GOOD
2026-10-07T00:41:09.943559+00:00,Ethernet0,Ethernet,98.36,28.06,48.06,1.02,0.38,,30661183091,90809874804,25561468,75702058,170.96,89.39,synthetic_demo,POOR
2026-10-07T00:41:14.943559+00:00,Wi-Fi,Wi-Fi,118.0,2.53,17.24,7.4,3.65,70.3,30663466587,90814500017,25563370,75705912,1349.36,96.06,synthetic_demo,MODERATE
2026-10-07T00:41:19.943559+00:00,Ethernet0,Ethernet,100.32,2.88,23.04,8.88,2.36,,30664940230,90820047815,25564598,75710535,1371.38,87.74,synthetic_demo,MODERATE
2026-10-07T00:41:24.943559+00:00,Wi-Fi,Wi-Fi,28.24,0.0,3.31,93.06,23.38,89.6,30679552504,90878209930,25576774,75759003,14213.75,32.28,synthetic_demo,GOOD
2026-10-07T00:41:29.943559+00:00,Wi-Fi,Wi-Fi,44.18,2.88,19.8,13.46,9.81,44.1,30685683985,90886623415,25581883,75766014,2840.81,73.2,synthetic_demo,MODERATE
2026-10-07T00:41:34.943559+00:00,Ethernet0,Ethernet,10.33,0.0,1.69,125.45,52.87,,30718727927,90965031367,25609419,75831353,21767.95,6.98,synthetic_demo,GOOD
2026-10-07T00:41:39.943559+00:00,Wi-Fi,Wi-Fi,65.72,1.06,17.03,21.27,3.01,45.7,30720609580,90978324435,25610987,75842430,2963.81,69.56,synthetic_demo,MODERATE
2026-10-07T00:41:44.943559+00:00,Wi-Fi,Wi-Fi,161.7,6.09,37.27,4.86,2.12,26.4,30721931992,90981362138,25612089,75844961,851.58,74.97,synthetic_demo,POOR
2026-10-07T00:41:49.943559+00:00,Wi-Fi,Wi-Fi,76.26,3.02,13.12,15.15,5.75,49.3,30725525379,90990830911,25615083,75852851,2551.2,72.54,synthetic_demo,MODERATE
2026-10-07T00:41:54.943559+00:00,Wi-Fi,Wi-Fi,155.9,6.23,48.53,7.59,1.6,34.3,30726526417,90995575454,25615917,75856804,1122.18,68.57,synthetic_demo,POOR
2026-10-07T00:41:59.943559+00:00,Ethernet0,Ethernet,128.62,3.63,30.51,14.2,5.3,,30729840331,91004452152,25618678,75864201,2380.98,94.29,synthetic_demo,POOR
2026-10-07T00:42:04.943559+00:00,Ethernet0,Ethernet,11.25,0.03,0.87,139.66,57.17,,30765572643,91091741119,25648454,75936941,24027.59,29.09,synthetic_demo,GOOD
2026-10-07T00:42:09.943559+00:00,Wi-Fi,Wi-Fi,115.25,11.59,17.02,4.38,1.2,41.1,30766323331,91094480286,25649079,75939223,681.61,68.69,synthetic_demo,POOR
2026-10-07T00:42:14.943559+00:00,Ethernet0,Ethernet,14.57,0.0,0.48,206.79,53.56,,30799798533,91223725572,25676975,76046927,31781.35,33.29,synthetic_demo,GOOD
2026-10-07T00:42:19.943559+00:00,Wi-Fi,Wi-Fi,78.48,2.91,14.53,23.17,7.39,47.1,30804415430,91238206755,25680822,76058994,3730.09,48.54,synthetic_demo,MODERATE
2026-10-07T00:42:24.943559+00:00,Ethernet0,Ethernet,12.77,0.0,0.36,144.81,40.28,,30829587906,91328709912,25701799,76134413,22592.9,9.76,synthetic_demo,GOOD
2026-10-07T00:42:29.943559+00:00,Ethernet0,Ethernet,17.33,0.0,0.5,148.5,40.86,,30855122518,91421524464,25723077,76211758,23115.07,22.7,synthetic_demo,GOOD
2026-10-07T00:42:34.943559+00:00,Wi-Fi,Wi-Fi,24.42,0.0,0.1,66.93,27.5,85.1,30872307700,91463357323,25737397,76246618,11526.96,15.15,synthetic_demo,GOOD
2026-10-07T00:42:39.943559+00:00,Wi-Fi,Wi-Fi,22.39,0.0,1.06,66.92,30.92,78.7,30891634874,91505180975,25753502,76281471,11943.52,24.14,synthetic_demo,GOOD
2026-10-07T00:42:44.943559+00:00,Wi-Fi,Wi-Fi,22.69,0.0,1.51,75.82,29.34,82.9,30909971059,91552565371,25768782,76320957,12836.05,28.54,synthetic_demo,GOOD
2026-10-07T00:42:49.943559+00:00,Wi-Fi,Wi-Fi,103.6,1.66,18.51,28.11,6.45,48.7,30914005240,91570134747,25772143,76335598,4219.44,52.97,synthetic_demo,MODERATE
2026-10-07T00:42:54.943559+00:00,Ethernet0,Ethernet,10.34,0.0,2.78,183.94,45.52,,30942452269,91685098640,25795848,76431401,28009.95,29.42,synthetic_demo,GOOD
2026-10-07T00:42:59.943559+00:00,Ethernet0,Ethernet,5.69,0.0,0.39,152.56,42.46,,30968987740,91780448494,25817960,76510859,23805.73,30.78,synthetic_demo,GOOD
2026-10-07T00:43:04.943559+00:00,Wi-Fi,Wi-Fi,48.5,3.32,17.32,15.86,7.15,39.5,30973456106,91790362364,25821683,76519120,2809.03,73.92,synthetic_demo,POOR
2026-10-07T00:43:09.943559+00:00,Wi-Fi,Wi-Fi,21.65,0.0,3.54,79.45,23.93,90.4,30988414579,91840020118,25834148,76560501,12620.36,40.25,synthetic_demo,GOOD
2026-10-07T00:43:14.943559+00:00,Ethernet0,Ethernet,120.35,2.63,24.0,17.71,2.12,,30989740443,91851086458,25835252,76569722,2420.35,89.28,synthetic_demo,MODERATE
2026-10-07T00:43:19.943559+00:00,Wi-Fi,Wi-Fi,64.93,2.35,21.56,16.43,3.23,83.1,30991756939,91861356414,25836932,76578280,2399.7,98.26,synthetic_demo,MODERATE
2026-10-07T00:43:24.943559+00:00,Wi-Fi,Wi-Fi,98.56,4.8,38.61,9.46,1.88,34.3,30992929912,91867270604,25837909,76583208,1384.21,73.13,synthetic_demo,POOR
2026-10-07T00:43:29.943559+00:00,Wi-Fi,Wi-Fi,97.95,2.77,10.97,14.07,3.04,69.1,30994827538,91876064316,25839490,76590536,2088.15,96.44,synthetic_demo,MODERATE
2026-10-07T00:43:34.943559+00:00,Wi-Fi,Wi-Fi,26.45,0.0,4.76,65.24,33.42,96.5,31015713209,91916840484,25856894,76624516,12043.33,10.72,synthetic_demo,GOOD
2026-10-07T00:43:39.943559+00:00,Wi-Fi,Wi-Fi,80.12,3.16,12.58,15.81,3.11,64.8,31017658543,91926719364,25858515,76632748,2309.42,90.94,synthetic_demo,MODERATE
2026-10-07T00:43:44.943559+00:00,Wi-Fi,Wi-Fi,24.96,0.0,1.96,90.05,26.16,82.1,31034007895,91982998773,25872139,76679647,14185.3,34.52,synthetic_demo,GOOD
2026-10-07T00:43:49.943559+00:00,Wi-Fi,Wi-Fi,23.37,0.0,11.71,80.94,24.35,84.1,31049225348,92033584444,25884820,76721801,12852.17,25.44,synthetic_demo,MODERATE
2026-10-07T00:43:54.943559+00:00,Ethernet0,Ethernet,102.6,3.52,28.31,10.25,2.93,,31051057118,92039991354,25886346,76727140,1609.12,90.49,synthetic_demo,POOR
2026-10-07T00:43:59.943559+00:00,Wi-Fi,Wi-Fi,25.03,0.0,0.83,59.45,30.4,76.0,31070058495,92077147410,25902180,76758103,10968.25,29.48,synthetic_demo,GOOD
2026-10-07T00:44:04.943559+00:00,Ethernet0,Ethernet,162.38,3.52,12.57,9.6,4.85,,31073091223,92083146235,25904707,76763102,1763.98,95.27,synthetic_demo,POOR
2026-10-07T00:44:09.943559+00:00,Wi-Fi,Wi-Fi,193.96,8.21,32.13,6.58,0.96,34.8,31073693194,92087261543,25905208,76766531,921.34,68.13,synthetic_demo,POOR
2026-10-07T00:44:14.943559+00:00,Wi-Fi,Wi-Fi,65.81,8.36,11.25,7.93,2.03,38.0,31074960673,92092217155,25906264,76770660,1215.45,59.71,synthetic_demo,POOR
2026-10-07T00:44:19.943559+00:00,Wi-Fi,Wi-Fi,213.62,9.3,37.57,2.31,2.33,25.7,31076414224,92093658855,25907475,76771861,565.48,61.82,synthetic_demo,POOR
2026-10-07T00:44:24.943559+00:00,Wi-Fi,Wi-Fi,21.6,0.0,1.27,73.32,24.86,79.3,31091952844,92139480825,25920423,76810045,11984.49,42.81,synthetic_demo,GOOD
2026-10-07T00:44:29.943559+00:00,Wi-Fi,Wi-Fi,21.54,0.17,7.84,63.2,23.88,82.0,31106879384,92178979315,25932861,76842960,10629.89,27.43,synthetic_demo,GOOD
2026-10-07T00:44:34.943559+00:00,Wi-Fi,Wi-Fi,72.14,3.01,8.28,14.99,4.49,46.9,31109682839,92188347568,25935197,76850766,2377.29,52.63,synthetic_demo,MODERATE
2026-10-07T00:44:39.943559+00:00,Wi-Fi,Wi-Fi,27.42,0.0,2.94,86.54,23.42,79.1,31124317703,92242437851,25947392,76895841,13422.88,16.06,synthetic_demo,GOOD
2026-10-07T00:44:44.943559+00:00,Wi-Fi,Wi-Fi,64.99,2.35,8.68,19.49,5.95,36.9,31128034078,92254618696,25950488,76905991,3104.93,44.22,synthetic_demo,POOR
2026-10-07T00:44:49.943559+00:00,Ethernet0,Ethernet,115.06,3.74,26.26,12.39,0.99,,31128652230,92262362286,25951003,76912443,1633.15,92.0,synthetic_demo,POOR
2026-10-07T00:44:54.943559+00:00,Ethernet0,Ethernet,57.56,2.03,25.64,0.6,1.73,,31129736454,92262734366,25951906,76912753,284.43,90.98,synthetic_demo,POOR
2026-10-07T00:44:59.943559+00:00,Wi-Fi,Wi-Fi,28.61,0.0,3.48,86.16,29.28,82.9,31148036445,92316586513,25967155,76957629,14092.21,44.98,synthetic_demo,GOOD
2026-10-07T00:45:04.943559+00:00,Ethernet0,Ethernet,10.84,0.0,0.57,163.45,61.64,,31186564349,92418742172,25999261,77042758,27477.26,28.35,synthetic_demo,GOOD
2026-10-07T00:45:09.943559+00:00,Wi-Fi,Wi-Fi,24.21,0.0,0.95,51.13,28.43,77.5,31204333350,92450700366,26014068,77069389,9712.34,33.95,synthetic_demo,GOOD
2026-10-07T00:45:14.943559+00:00,Ethernet0,Ethernet,13.04,0.0,2.49,132.37,53.64,,31237856116,92533430523,26042003,77138330,22705.65,34.98,synthetic_demo,GOOD
2026-10-07T00:45:19.943559+00:00,Wi-Fi,Wi-Fi,118.82,10.88,39.75,9.61,3.61,39.5,31240110423,92539437480,26043881,77143335,1613.53,72.1,synthetic_demo,POOR
2026-10-07T00:45:24.943559+00:00,Wi-Fi,Wi-Fi,22.27,0.0,1.79,77.38,19.91,81.1,31252552129,92587801836,26054249,77183638,11876.18,23.46,synthetic_demo,GOOD
2026-10-07T00:45:29.943559+00:00,Ethernet0,Ethernet,11.9,0.0,1.17,146.8,49.84,,31283699420,92679549541,26080205,77260094,24002.93,13.74,synthetic_demo,GOOD
2026-10-07T00:45:34.943559+00:00,Ethernet0,Ethernet,11.33,0.0,0.78,167.1,54.47,,31317744835,92783989404,26108576,77347127,27047.91,33.78,synthetic_demo,GOOD
2026-10-07T00:45:39.943559+00:00,Wi-Fi,Wi-Fi,77.55,0.63,8.44,11.55,6.0,51.8,31321491905,92791208193,26111698,77353142,2141.77,43.99,synthetic_demo,MODERATE
2026-10-07T00:45:44.943559+00:00,Wi-Fi,Wi-Fi,133.61,3.41,24.23,10.23,7.89,39.8,31326424824,92797600145,26115808,77358468,2211.89,44.49,synthetic_demo,POOR
2026-10-07T00:45:49.943559+00:00,Wi-Fi,Wi-Fi,28.99,0.0,0.13,91.1,28.41,97.2,31344180976,92854538083,26130604,77405916,14588.69,30.55,synthetic_demo,GOOD
2026-10-07T00:45:54.943559+00:00,Ethernet0,Ethernet,15.16,0.0,0.72,161.1,41.93,,31370387686,92955224307,26152442,77489821,24783.78,26.23,synthetic_demo,GOOD
2026-10-07T00:45:59.943559+00:00,Wi-Fi,Wi-Fi,22.67,0.36,0.8,68.87,18.58,84.5,31382002552,92998265723,26162121,77525688,10675.06,34.99,synthetic_demo,GOOD
2026-10-07T00:46:04.943559+00:00,Wi-Fi,Wi-Fi,20.44,0.0,0.6,58.95,31.76,97.6,31401855051,93035109839,26178664,77556391,11073.56,20.46,synthetic_demo,GOOD
2026-10-07T00:46:09.943559+00:00,Wi-Fi,Wi-Fi,74.15,1.12,22.37,16.27,5.37,71.5,31405209863,93045280122,26181459,77564866,2641.62,94.48,synthetic_demo,MODERATE
2026-10-07T00:46:14.943559+00:00,Wi-Fi,Wi-Fi,118.87,2.29,18.23,11.55,7.19,40.4,31409701326,93052500886,26185201,77570883,2287.54,55.4,synthetic_demo,MODERATE
2026-10-07T00:46:19.943559+00:00,Wi-Fi,Wi-Fi,32.48,0.0,0.53,70.59,21.02,91.8,31422838125,93096622518,26196148,77607651,11183.29,26.46,synthetic_demo,GOOD
2026-10-07T00:46:24.943559+00:00,Ethernet0,Ethernet,10.27,0.0,0.81,166.98,53.96,,31456564822,93200982977,26224253,77694618,26970.15,20.24,synthetic_demo,GOOD
2026-10-07T00:46:29.943559+00:00,Ethernet0,Ethernet,304.3,39.43,63.5,0.72,0.39,,31456806707,93201434157,26224454,77694993,135.36,96.82,synthetic_demo,POOR
2026-10-07T00:46:34.943559+00:00,Wi-Fi,Wi-Fi,25.63,0.0,1.47,65.81,17.31,85.9,31467628369,93242563613,26233472,77729267,10146.7,24.29,synthetic_demo,GOOD
2026-10-07T00:46:39.943559+00:00,Wi-Fi,Wi-Fi,130.07,1.29,9.0,13.62,2.09,70.8,31468934780,93251073333,26234560,77736358,1917.21,85.73,synthetic_demo,MODERATE
2026-10-07T00:46:44.943559+00:00,Ethernet0,Ethernet,14.83,0.0,1.06,150.74,45.73,,31497515339,93345286012,26258377,77814868,23983.05,31.11,synthetic_demo,GOOD
2026-10-07T00:46:49.943559+00:00,Wi-Fi,Wi-Fi,28.7,0.0,3.22,90.08,27.02,95.5,31514404726,93401583948,26272451,77861782,14294.4,19.69,synthetic_demo,GOOD
2026-10-07T00:46:54.943559+00:00,Ethernet0,Ethernet,15.72,0.0,3.06,168.75,46.15,,31543250403,93507050561,26296489,77949670,26232.87,5.82,synthetic_demo,GOOD
2026-10-07T00:46:59.943559+00:00,Wi-Fi,Wi-Fi,130.72,1.5,19.91,22.24,4.85,37.1,31546281776,93520952442,26299015,77961254,3307.28,57.06,synthetic_demo,MODERATE
2026-10-07T00:47:04.943559+00:00,Ethernet0,Ethernet,242.38,40.99,40.59,1.88,0.27,,31546452459,93522128686,26299157,77962234,263.07,78.8,synthetic_demo,POOR
2026-10-07T00:47:09.943559+00:00,Wi-Fi,Wi-Fi,26.54,0.0,12.79,75.66,29.16,77.1,31564677803,93569418118,26314344,78001641,12795.85,20.51,synthetic_demo,MODERATE
2026-10-07T00:47:14.943559+00:00,Ethernet0,Ethernet,13.37,0.0,0.7,147.4,50.16,,31596030558,93661540673,26340471,78078409,24116.27,26.38,synthetic_demo,GOOD
2026-10-07T00:47:19.943559+00:00,Ethernet0,Ethernet,11.19,0.0,2.21,144.68,47.56,,31625752518,93751968331,26365239,78153765,23466.72,5.25,synthetic_demo,GOOD
2026-10-07T00:47:24.943559+00:00,Wi-Fi,Wi-Fi,23.22,0.0,2.69,88.48,31.52,78.3,31645455456,93807265325,26381658,78199845,14648.42,30.82,synthetic_demo,GOOD
2026-10-07T00:47:29.943559+00:00,Ethernet0,Ethernet,11.33,0.0,1.23,129.91,56.5,,31680769900,93888461345,26411086,78267508,22755.95,7.45,synthetic_demo,GOOD
2026-10-07T00:47:34.943559+00:00,Ethernet0,Ethernet,14.15,0.0,3.35,148.33,33.19,,31701514975,93981169701,26428373,78344764,22158.87,12.09,synthetic_demo,GOOD
2026-10-07T00:47:39.943559+00:00,Ethernet0,Ethernet,116.17,2.38,18.82,15.67,4.43,,31704281704,93990961270,26430678,78352923,2452.79,95.36,synthetic_demo,MODERATE
2026-10-07T00:47:44.943559+00:00,Wi-Fi,Wi-Fi,26.69,0.0,0.36,74.6,15.67,86.6,31714075811,94037586134,26438839,78391777,11019.33,29.55,synthetic_demo,GOOD
2026-10-07T00:47:49.943559+00:00,Wi-Fi,Wi-Fi,27.44,0.0,2.44,62.76,29.47,83.8,31732497175,94076811511,26454190,78424464,11259.13,19.39,synthetic_demo,GOOD
2026-10-07T00:47:54.943559+00:00,Wi-Fi,Wi-Fi,154.88,11.03,40.09,7.43,2.03,32.1,31733768176,94081458324,26455249,78428336,1155.82,83.55,synthetic_demo,POOR
2026-10-07T00:47:59.943559+00:00,Ethernet0,Ethernet,10.41,0.0,0.72,130.73,65.19,,31774514289,94163164585,26489204,78496424,23916.48,7.64,synthetic_demo,GOOD
2026-10-07T00:48:04.943559+00:00,Ethernet0,Ethernet,276.5,35.42,51.09,1.73,0.27,,31774681005,94164246266,26489342,78497325,243.83,77.78,synthetic_demo,POOR
2026-10-07T00:48:09.943559+00:00,Wi-Fi,Wi-Fi,29.5,0.0,1.09,76.55,21.44,86.6,31788080376,94212088918,26500508,78537193,11961.33,27.19,synthetic_demo,GOOD
2026-10-07T00:48:14.943559+00:00,Wi-Fi,Wi-Fi,76.06,9.47,37.89,0.01,2.03,41.5,31789349491,94212095168,26501565,78537198,249.09,75.47,synthetic_demo,POOR
2026-10-07T00:48:19.943559+00:00,Wi-Fi,Wi-Fi,96.59,3.26,13.35,9.14,6.38,53.3,31793338090,94217810651,26504888,78541960,1895.33,46.63,synthetic_demo,MODERATE
2026-10-07T00:48:24.943559+00:00,Wi-Fi,Wi-Fi,130.41,9.95,28.57,6.63,2.65,44.0,31794994060,94221955671,26506267,78545414,1133.01,53.23,synthetic_demo,POOR
2026-10-07T00:48:29.943559+00:00,Wi-Fi,Wi-Fi,260.88,37.62,56.4,0.22,0.26,14.9,31795156658,94222095443,26506402,78545530,59.06,80.14,synthetic_demo,POOR
2026-10-07T00:48:34.943559+00:00,Wi-Fi,Wi-Fi,35.3,0.02,2.65,77.81,25.37,95.2,31811012097,94270728534,26519614,78586057,12595.42,38.38,synthetic_demo,GOOD
2026-10-07T00:48:39.943559+00:00,Wi-Fi,Wi-Fi,290.14,24.09,44.42,0.8,0.45,18.9,31811291910,94271227083,26519847,78586472,152.02,97.32,synthetic_demo,POOR
2026-10-07T00:48:44.943559+00:00,Wi-Fi,Wi-Fi,34.84,0.0,0.98,103.08,26.77,89.5,31828025004,94335649407,26533791,78640157,15850.67,42.96,synthetic_demo,GOOD
2026-10-07T00:48:49.943559+00:00,Wi-Fi,Wi-Fi,26.35,0.0,1.8,95.98,29.34,97.1,31846362674,94395636512,26549072,78690146,15297.81,31.19,synthetic_demo,GOOD
2026-10-07T00:48:54.943559+00:00,Wi-Fi,Wi-Fi,27.48,0.0,0.1,73.02,22.04,82.7,31860139273,94441276822,26560552,78728179,11604.87,32.31,synthetic_demo,GOOD
2026-10-07T00:48:59.943559+00:00,Wi-Fi,Wi-Fi,122.22,1.92,19.39,18.79,2.07,37.2,31861430203,94453021657,26561627,78737966,2546.05,42.48,synthetic_demo,MODERATE
2026-10-07T00:49:04.943559+00:00,Ethernet0,Ethernet,15.98,0.0,1.24,140.73,42.47,,31887972380,94540976358,26583745,78811261,22362.67,32.19,synthetic_demo,GOOD
2026-10-07T00:49:09.943559+00:00,Wi-Fi,Wi-Fi,45.06,3.07,6.99,18.59,7.13,42.4,31892430851,94552594006,26587460,78820942,3139.87,74.5,synthetic_demo,MODERATE
2026-10-07T00:49:14.943559+00:00,Wi-Fi,Wi-Fi,64.06,1.6,21.46,9.62,8.01,46.3,31897438651,94558609417,26591633,78825954,2152.97,66.45,synthetic_demo,MODERATE
2026-10-07T00:49:19.943559+00:00,Ethernet0,Ethernet,134.57,2.36,26.89,20.98,5.44,,31900837439,94571721663,26594465,78836880,3224.81,89.98,synthetic_demo,POOR
2026-10-07T00:49:24.943559+00:00,Wi-Fi,Wi-Fi,140.37,6.06,17.64,5.35,2.93,37.3,31902666231,94575068421,26595988,78839668,1010.85,79.94,synthetic_demo,POOR
2026-10-07T00:49:29.943559+00:00,Wi-Fi,Wi-Fi,24.98,0.0,6.93,68.95,25.44,89.6,31918565059,94618164430,26609237,78875581,11522.43,43.3,synthetic_demo,GOOD
2026-10-07T00:49:34.943559+00:00,Wi-Fi,Wi-Fi,25.75,0.0,0.1,63.46,22.84,83.0,31932837008,94657829585,26621130,78908635,10534.59,31.96,synthetic_demo,GOOD
2026-10-07T00:49:39.943559+00:00,Wi-Fi,Wi-Fi,36.29,0.3,0.1,75.6,15.25,83.7,31942367136,94705079497,26629071,78948009,11089.85,20.76,synthetic_demo,GOOD
2026-10-07T00:49:44.943559+00:00,Ethernet0,Ethernet,12.16,0.0,3.8,171.48,33.96,,31963594362,94812252519,26646760,79037319,25078.17,7.95,synthetic_demo,GOOD
2026-10-07T00:49:49.943559+00:00,Ethernet0,Ethernet,10.32,0.0,4.39,188.18,56.94,,31999180770,94929862222,26676415,79135327,29921.12,8.39,synthetic_demo,GOOD
2026-10-07T00:49:54.943559+00:00,Wi-Fi,Wi-Fi,24.43,0.0,1.34,57.76,32.07,94.8,32019223716,94965964391,26693117,79165412,10965.84,10.12,synthetic_demo,GOOD
2026-10-07T00:49:59.943559+00:00,Wi-Fi,Wi-Fi,33.22,0.0,0.74,75.61,22.29,87.2,32033152787,95013218048,26704724,79204790,11949.75,39.54,synthetic_demo,GOOD
2026-10-07T00:50:04.943559+00:00,Ethernet0,Ethernet,278.17,47.63,56.03,0.73,0.93,,32033735286,95013677386,26705209,79205172,203.48,90.02,synthetic_demo,POOR
2026-10-07T00:50:09.943559+00:00,Wi-Fi,Wi-Fi,109.6,1.7,10.88,20.05,4.8,51.5,32036733306,95026207795,26707707,79215614,3032.9,65.51,synthetic_demo,MODERATE
2026-10-07T00:50:14.943559+00:00,Wi-Fi,Wi-Fi,33.59,0.0,13.72,55.27,24.3,91.6,32051920796,95060748625,26720363,79244398,9712.56,39.53,synthetic_demo,MODERATE
2026-10-07T00:50:19.943559+00:00,Wi-Fi,Wi-Fi,102.54,1.9,14.55,26.96,7.08,48.5,32056346831,95077601144,26724051,79258441,4155.97,65.44,synthetic_demo,MODERATE
2026-10-07T00:50:24.943559+00:00,Ethernet0,Ethernet,6.12,0.0,1.27,136.74,44.11,,32083917425,95163063769,26747026,79329659,22076.8,25.3,synthetic_demo,GOOD
2026-10-07T00:50:29.943559+00:00,Wi-Fi,Wi-Fi,23.19,0.0,4.93,74.03,24.87,85.9,32099461957,95209330038,26759979,79368214,12072.42,30.28,synthetic_demo,GOOD
2026-10-07T00:50:34.943559+00:00,Wi-Fi,Wi-Fi,103.82,1.16,13.56,18.09,1.84,48.5,32100613807,95220637741,26760938,79377637,2433.51,62.34,synthetic_demo,MODERATE
2026-10-07T00:50:39.943559+00:00,Wi-Fi,Wi-Fi,23.45,0.0,0.1,85.78,18.32,76.7,32112065477,95274252085,26770481,79422315,12708.21,13.77,synthetic_demo,GOOD
2026-10-07T00:50:44.943559+00:00,Wi-Fi,Wi-Fi,31.3,0.0,2.02,85.86,29.77,88.7,32130670461,95327914606,26785985,79467033,14114.75,44.14,synthetic_demo,GOOD
2026-10-07T00:50:49.943559+00:00,Wi-Fi,Wi-Fi,210.39,49.86,54.77,2.01,0.3,12.4,32130856703,95329170551,26786140,79468079,281.68,82.75,synthetic_demo,POOR
2026-10-07T00:50:54.943559+00:00,Wi-Fi,Wi-Fi,190.25,11.58,54.87,6.04,1.05,32.8,32131509857,95332944155,26786684,79471223,864.6,74.74,synthetic_demo,POOR
2026-10-07T00:50:59.943559+00:00,Wi-Fi,Wi-Fi,81.45,3.42,13.41,10.91,5.57,42.5,32134988124,95339763414,26789582,79476905,2011.24,58.92,synthetic_demo,MODERATE
2026-10-07T00:51:04.943559+00:00,Wi-Fi,Wi-Fi,68.17,1.19,18.58,13.79,5.86,48.8,32138649975,95348384048,26792633,79484088,2398.92,49.03,synthetic_demo,MODERATE
2026-10-07T00:51:09.943559+00:00,Wi-Fi,Wi-Fi,78.7,3.28,20.22,21.57,6.24,45.6,32142551529,95361868417,26795884,79495324,3395.69,50.25,synthetic_demo,MODERATE
2026-10-07T00:51:14.943559+00:00,Ethernet0,Ethernet,10.61,0.0,1.3,125.33,52.52,,32175378591,95440197239,26823239,79560598,21710.13,9.21,synthetic_demo,GOOD
2026-10-07T00:51:19.943559+00:00,Wi-Fi,Wi-Fi,17.53,0.0,1.34,89.6,22.84,97.2,32189654296,95496195976,26835135,79607263,13725.48,22.33,synthetic_demo,GOOD
2026-10-07T00:51:24.943559+00:00,Ethernet0,Ethernet,17.36,0.0,0.45,209.04,54.92,,32223976177,95626844491,26863736,79716136,32220.78,14.87,synthetic_demo,GOOD
2026-10-07T00:51:29.943559+00:00,Wi-Fi,Wi-Fi,16.07,0.09,3.61,71.58,21.22,84.4,32237239376,95671579951,26874788,79753415,11327.86,11.31,synthetic_demo,GOOD
2026-10-07T00:51:34.943559+00:00,Wi-Fi,Wi-Fi,93.63,1.21,17.55,26.05,4.68,51.3,32240161578,95687863413,26877223,79766984,3751.11,47.32,synthetic_demo,MODERATE
2026-10-07T00:51:39.943559+00:00,Ethernet0,Ethernet,9.99,0.0,1.64,120.03,73.4,,32286036555,95762884890,26915452,79829501,23612.59,31.99,synthetic_demo,GOOD
2026-10-07T00:51:44.943559+00:00,Wi-Fi,Wi-Fi,205.4,42.71,62.35,2.19,0.49,24.5,32286339684,95764253325,26915704,79830641,326.48,94.61,synthetic_demo,POOR
2026-10-07T00:51:49.943559+00:00,Wi-Fi,Wi-Fi,149.57,11.4,24.64,2.15,2.31,27.5,32287785005,95765595046,26916908,79831759,544.34,59.09,synthetic_demo,POOR
2026-10-07T00:51:54.943559+00:00,Wi-Fi,Wi-Fi,86.8,1.63,22.17,7.46,0.08,74.1,32287833002,95770256567,26916947,79835643,919.83,94.88,synthetic_demo,MODERATE
2026-10-07T00:51:59.943559+00:00,Wi-Fi,Wi-Fi,72.66,0.63,11.66,13.09,7.45,53.8,32292491976,95778437024,26920829,79842460,2507.7,57.02,synthetic_demo,MODERATE
2026-10-07T00:52:04.943559+00:00,Wi-Fi,Wi-Fi,186.45,9.85,29.19,7.93,2.16,33.4,32293840970,95783391321,26921953,79846588,1231.11,78.3,synthetic_demo,POOR
2026-10-07T00:52:09.943559+00:00,Ethernet0,Ethernet,14.71,0.0,0.51,142.31,39.36,,32318437867,95872334040,26942450,79920706,22175.71,11.87,synthetic_demo,GOOD
2026-10-07T00:52:14.943559+00:00,Wi-Fi,Wi-Fi,129.77,2.9,24.28,14.91,4.25,61.7,32321096669,95881650234,26944665,79928469,2338.87,86.41,synthetic_demo,MODERATE
2026-10-07T00:52:19.943559+00:00,Ethernet0,Ethernet,15.19,0.0,0.6,146.36,34.95,,32342939619,95973128319,26962867,80004700,22133.01,24.99,synthetic_demo,GOOD
2026-10-07T00:52:24.943559+00:00,Wi-Fi,Wi-Fi,128.97,3.06,27.61,15.81,4.58,74.5,32345803207,95983009795,26965253,80012934,2489.27,96.05,synthetic_demo,POOR
2026-10-07T00:52:29.943559+00:00,Wi-Fi,Wi-Fi,33.57,0.39,4.83,50.7,26.99,79.3,32362670500,96014698046,26979309,80039340,9483.5,11.09,synthetic_demo,GOOD
2026-10-07T00:52:34.943559+00:00,Wi-Fi,Wi-Fi,161.41,10.98,17.1,4.04,0.01,38.0,32362676750,96017221450,26979314,80041442,494.07,66.93,synthetic_demo,POOR
2026-10-07T00:52:39.943559+00:00,Ethernet0,Ethernet,317.93,53.4,46.21,1.15,0.96,,32363279222,96017939173,26979816,80042040,257.85,80.96,synthetic_demo,POOR
2026-10-07T00:52:44.943559+00:00,Ethernet0,Ethernet,9.38,0.0,1.59,161.6,48.96,,32393879846,96118941963,27005316,80126208,25703.79,31.83,synthetic_demo,GOOD
2026-10-07T00:52:49.943559+00:00,Wi-Fi,Wi-Fi,36.07,0.28,3.68,78.07,18.9,96.0,32405691454,96167738736,27015159,80166871,11837.57,24.93,synthetic_demo,GOOD
2026-10-07T00:52:54.943559+00:00,Ethernet0,Ethernet,209.35,16.5,73.75,1.03,0.62,,32406080830,96168382600,27015483,80167407,201.8,76.3,synthetic_demo,POOR
2026-10-07T00:52:59.943559+00:00,Wi-Fi,Wi-Fi,23.31,0.0,7.88,88.4,25.74,95.7,32422167242,96223630110,27028888,80213446,13932.41,43.05,synthetic_demo,GOOD
2026-10-07T00:53:04.943559+00:00,Wi-Fi,Wi-Fi,177.6,7.52,16.78,5.93,1.55,33.8,32423134652,96227338087,27029694,80216535,913.16,76.49,synthetic_demo,POOR
2026-10-07T00:53:09.943559+00:00,Wi-Fi,Wi-Fi,56.79,1.27,11.45,22.9,2.76,44.4,32424862263,96241653658,27031133,80228464,3133.43,51.79,synthetic_demo,MODERATE
2026-10-07T00:53:14.943559+00:00,Wi-Fi,Wi-Fi,17.76,0.0,0.8,53.85,27.87,75.1,32442279243,96275312914,27045647,80256513,9975.83,44.76,synthetic_demo,GOOD
2026-10-07T00:53:19.943559+00:00,Wi-Fi,Wi-Fi,29.38,0.0,3.44,93.62,14.36,80.8,32451252398,96333823548,27053124,80305271,13180.43,11.24,synthetic_demo,GOOD
2026-10-07T00:53:24.943559+00:00,Ethernet0,Ethernet,13.13,0.0,0.29,139.41,32.7,,32471688051,96420953445,27070153,80377879,21008.9,27.8,synthetic_demo,GOOD
2026-10-07T00:53:29.943559+00:00,Ethernet0,Ethernet,57.47,1.27,32.71,13.47,3.27,,32473734372,96429373629,27071858,80384895,2044.24,92.36,synthetic_demo,POOR
2026-10-07T00:53:34.943559+00:00,Wi-Fi,Wi-Fi,26.97,0.0,1.15,94.91,23.37,77.1,32488338945,96488691046,27084028,80434326,14437.89,40.08,synthetic_demo,GOOD
2026-10-07T00:53:39.943559+00:00,Wi-Fi,Wi-Fi,70.01,0.78,14.19,11.94,7.36,53.7,32492940397,96496152294,27087862,80440543,2356.0,58.08,synthetic_demo,MODERATE
2026-10-07T00:53:44.943559+00:00,Wi-Fi,Wi-Fi,13.3,0.0,1.81,53.69,21.23,87.2,32506208308,96529711652,27098918,80468509,9145.95,32.66,synthetic_demo,GOOD
2026-10-07T00:53:49.943559+00:00,Wi-Fi,Wi-Fi,72.46,1.33,18.0,24.36,4.06,54.2,32508748074,96544938751,27101034,80481198,3470.09,49.6,synthetic_demo,MODERATE
2026-10-07T00:53:54.943559+00:00,Wi-Fi,Wi-Fi,199.35,8.83,42.89,3.45,1.72,31.8,32509823950,96547096647,27101930,80482996,631.6,71.26,synthetic_demo,POOR
2026-10-07T00:53:59.943559+00:00,Ethernet0,Ethernet,305.88,24.05,28.91,2.02,0.55,,32510167013,96548361309,27102215,80484049,314.01,77.25,synthetic_demo,POOR
2026-10-07T00:54:04.943559+00:00,Wi-Fi,Wi-Fi,32.1,0.0,1.52,79.47,23.93,77.8,32525126032,96598026955,27114680,80525437,12622.0,32.04,synthetic_demo,GOOD
2026-10-07T00:54:09.943559+00:00,Wi-Fi,Wi-Fi,152.03,7.37,18.83,6.55,1.11,38.7,32525819996,96602122345,27115258,80528849,935.42,73.81,synthetic_demo,POOR
2026-10-07T00:54:14.943559+00:00,Ethernet0,Ethernet,218.08,2.78,22.29,16.26,5.96,,32529547000,96612285860,27118363,80537318,2712.99,93.22,synthetic_demo,POOR
2026-10-07T00:54:19.943559+00:00,Wi-Fi,Wi-Fi,66.61,1.28,12.51,18.73,6.39,46.1,32533542926,96623991885,27121692,80547073,3066.79,48.82,synthetic_demo,MODERATE
2026-10-07T00:54:24.943559+00:00,Wi-Fi,Wi-Fi,248.72,35.1,51.58,0.88,0.75,22.3,32534013019,96624540335,27122083,80547530,198.93,93.4,synthetic_demo,POOR
2026-10-07T00:54:29.943559+00:00,Ethernet0,Ethernet,11.45,0.0,0.6,139.76,31.73,,32553843463,96711888097,27138608,80620319,20933.24,18.33,synthetic_demo,GOOD
2026-10-07T00:54:34.943559+00:00,Ethernet0,Ethernet,12.05,0.0,1.99,183.06,61.14,,32592052971,96826298524,27170449,80715661,29808.58,11.32,synthetic_demo,GOOD
2026-10-07T00:54:39.943559+00:00,Wi-Fi,Wi-Fi,124.16,4.99,26.84,7.04,1.22,37.9,32592817631,96830697549,27171086,80719326,1008.53,81.6,synthetic_demo,POOR
2026-10-07T00:54:44.943559+00:00,Wi-Fi,Wi-Fi,23.3,0.16,7.28,64.32,28.57,87.3,32610674911,96870897167,27185967,80752825,11339.24,40.92,synthetic_demo,GOOD
2026-10-07T00:54:49.943559+00:00,Wi-Fi,Wi-Fi,166.58,7.87,34.3,5.29,1.88,27.5,32611850436,96874200458,27186946,80755577,874.77,71.32,synthetic_demo,POOR
2026-10-07T00:54:54.943559+00:00,Wi-Fi,Wi-Fi,132.94,9.05,40.86,3.2,3.4,40.1,32613977407,96876197742,27188718,80757241,805.52,59.02,synthetic_demo,POOR
2026-10-07T00:54:59.943559+00:00,Ethernet0,Ethernet,13.07,0.0,0.98,130.39,49.35,,32644819134,96957694147,27214419,80825154,21941.04,8.79,synthetic_demo,GOOD
2026-10-07T00:55:04.943559+00:00,Wi-Fi,Wi-Fi,195.26,10.75,29.26,1.69,4.63,32.7,32647715002,96958752092,27216832,80826035,772.23,56.75,synthetic_demo,POOR
2026-10-07T00:55:09.943559+00:00,Wi-Fi,Wi-Fi,26.88,0.0,4.69,68.18,20.39,86.7,32660459631,97001365668,27227452,80861546,10812.15,25.54,synthetic_demo,GOOD
2026-10-07T00:55:14.943559+00:00,Wi-Fi,Wi-Fi,87.29,1.77,16.8,18.19,5.58,43.8,32663946926,97012734804,27230358,80871020,2901.65,62.47,synthetic_demo,MODERATE
2026-10-07T00:55:19.943559+00:00,Wi-Fi,Wi-Fi,67.63,2.0,16.15,16.69,0.35,50.7,32664166459,97023165066,27230540,80879711,2080.04,43.26,synthetic_demo,MODERATE
2026-10-07T00:55:24.943559+00:00,Ethernet0,Ethernet,184.69,45.19,41.41,0.5,0.36,,32664389857,97023477351,27230726,80879971,104.63,73.11,synthetic_demo,POOR
2026-10-07T00:55:29.943559+00:00,Ethernet0,Ethernet,12.1,0.0,0.53,148.1,37.02,,32687529144,97116037337,27250008,80957104,22597.51,19.01,synthetic_demo,GOOD
2026-10-07T00:55:34.943559+00:00,Wi-Fi,Wi-Fi,40.84,0.27,2.0,65.03,27.87,80.3,32704950725,97156682591,27264525,80990975,11341.18,11.69,synthetic_demo,GOOD
2026-10-07T00:55:39.943559+00:00,Ethernet0,Ethernet,125.91,3.74,10.5,10.54,3.27,,32706994478,97163270985,27266228,80996465,1685.97,89.59,synthetic_demo,MODERATE
2026-10-07T00:55:44.943559+00:00,Wi-Fi,Wi-Fi,86.42,2.84,28.99,10.58,4.81,72.6,32710001174,97169881412,27268733,81001973,1878.34,88.86,synthetic_demo,POOR
2026-10-07T00:55:49.943559+00:00,Wi-Fi,Wi-Fi,109.94,2.94,38.25,15.25,5.23,61.1,32713270832,97179411888,27271457,81009915,2500.03,96.24,synthetic_demo,POOR
2026-10-07T00:55:54.943559+00:00,Ethernet0,Ethernet,14.32,0.0,0.75,195.52,57.59,,32749267168,97301612875,27301453,81111749,30897.91,9.49,synthetic_demo,GOOD
2026-10-07T00:55:59.943559+00:00,Wi-Fi,Wi-Fi,16.07,0.0,0.29,61.54,23.56,83.6,32763993948,97340072978,27313725,81143799,10388.06,41.31,synthetic_demo,GOOD
2026-10-07T00:56:04.943559+00:00,Wi-Fi,Wi-Fi,23.55,0.0,1.61,90.37,21.64,76.2,32777520518,97396551223,27324997,81190864,13672.82,16.88,synthetic_demo,GOOD
2026-10-07T00:56:09.943559+00:00,Wi-Fi,Wi-Fi,96.95,6.54,34.13,5.94,3.44,37.6,32779671953,97400262572,27326789,81193956,1145.08,61.59,synthetic_demo,POOR
2026-10-07T00:56:14.943559+00:00,Wi-Fi,Wi-Fi,16.83,0.0,3.17,80.43,26.75,94.6,32796393079,97450529764,27340723,81235845,13083.66,14.21,synthetic_demo,GOOD
2026-10-07T00:56:19.943559+00:00,Ethernet0,Ethernet,9.38,0.0,0.12,173.41,34.0,,32817642569,97558908710,27358430,81326160,25318.05,21.78,synthetic_demo,GOOD
2026-10-07T00:56:24.943559+00:00,Wi-Fi,Wi-Fi,275.57,22.92,56.39,2.0,0.11,27.7,32817709314,97560159242,27358485,81327202,257.28,90.22,synthetic_demo,POOR
2026-10-07T00:56:29.943559+00:00,Ethernet0,Ethernet,9.09,0.0,1.39,140.24,41.82,,32843845975,97647807538,27380265,81400242,22223.62,29.8,synthetic_demo,GOOD
2026-10-07T00:56:34.943559+00:00,Wi-Fi,Wi-Fi,138.34,19.03,51.84,0.94,0.24,27.9,32843998587,97648392619,27380392,81400729,144.08,76.53,synthetic_demo,POOR
2026-10-07T00:56:39.943559+00:00,Ethernet0,Ethernet,133.09,3.47,34.26,8.03,6.19,,32847868870,97653413752,27383617,81404913,1736.6,88.56,synthetic_demo,POOR
2026-10-07T00:56:44.943559+00:00,Wi-Fi,Wi-Fi,101.61,4.66,28.05,7.16,3.18,29.1,32849855038,97657889795,27385272,81408643,1262.15,80.3,synthetic_demo,POOR
2026-10-07T00:56:49.943559+00:00,Wi-Fi,Wi-Fi,23.03,0.0,1.37,56.38,31.36,83.0,32869453441,97693125457,27401604,81438006,10709.78,35.67,synthetic_demo,GOOD
2026-10-07T00:56:54.943559+00:00,Ethernet0,Ethernet,9.53,0.0,2.45,137.42,84.08,,32922003757,97779013201,27445395,81509579,27038.68,25.88,synthetic_demo,GOOD
2026-10-07T00:56:59.943559+00:00,Ethernet0,Ethernet,100.74,2.17,28.54,12.9,5.09,,32925184864,97787074781,27448045,81516296,2195.84,89.71,synthetic_demo,POOR
2026-10-07T00:57:04.943559+00:00,Wi-Fi,Wi-Fi,147.5,6.54,28.79,9.2,1.23,40.1,32925956186,97792822433,27448687,81521085,1273.24,69.21,synthetic_demo,POOR
2026-10-07T00:57:09.943559+00:00,Wi-Fi,Wi-Fi,123.68,2.38,26.53,20.55,5.07,67.6,32929124045,97805667571,27451326,81531789,3127.54,88.88,synthetic_demo,POOR
2026-10-07T00:57:14.943559+00:00,Ethernet0,Ethernet,10.03,0.0,1.69,136.75,48.42,,32959383815,97891134528,27476542,81603011,22602.88,27.76,synthetic_demo,GOOD
2026-10-07T00:57:19.943559+00:00,Wi-Fi,Wi-Fi,79.57,3.36,30.26,14.72,4.08,62.0,32961933926,97900336588,27478667,81610679,2295.35,92.2,synthetic_demo,POOR
2026-10-07T00:57:24.943559+00:00,Ethernet0,Ethernet,100.55,3.72,22.46,7.86,2.75,,32963653660,97905250639,27480100,81614774,1295.66,91.8,synthetic_demo,MODERATE
2026-10-07T00:57:29.943559+00:00,Ethernet0,Ethernet,93.36,2.23,31.69,2.69,5.16,,32966875985,97906931640,27482785,81616174,957.68,97.8,synthetic_demo,POOR
2026-10-07T00:57:34.943559+00:00,Ethernet0,Ethernet,91.43,1.5,18.82,13.39,5.98,,32970616606,97915300032,27485902,81623147,2365.04,98.39,synthetic_demo,MODERATE
2026-10-07T00:57:39.943559+00:00,Wi-Fi,Wi-Fi,132.06,11.83,16.27,7.64,2.78,28.8,32972354228,97920074510,27487350,81627125,1271.89,76.93,synthetic_demo,POOR
2026-10-07T00:57:44.943559+00:00,Wi-Fi,Wi-Fi,83.49,2.33,4.4,26.96,7.44,48.2,32977005137,97936922629,27491225,81641165,4199.03,42.39,synthetic_demo,MODERATE
2026-10-07T00:57:49.943559+00:00,Ethernet0,Ethernet,17.03,0.0,0.56,139.53,47.82,,33006895578,98024128207,27516133,81713836,22870.32,34.6,synthetic_demo,GOOD
2026-10-07T00:57:54.943559+00:00,Wi-Fi,Wi-Fi,19.98,0.0,2.27,71.5,29.12,95.0,33025096088,98068814178,27531300,81751074,12282.52,11.36,synthetic_demo,GOOD
2026-10-07T00:57:59.943559+00:00,Ethernet0,Ethernet,10.92,0.0,2.82,132.76,51.84,,33057499143,98151787135,27558302,81820218,22534.38,28.36,synthetic_demo,GOOD
2026-10-07T00:58:04.943559+00:00,Wi-Fi,Wi-Fi,23.95,0.0,0.72,59.61,27.01,79.4,33074378724,98189042805,27572368,81851264,10573.29,31.93,synthetic_demo,GOOD
2026-10-07T00:58:09.943559+00:00,Wi-Fi,Wi-Fi,29.84,0.0,2.38,110.08,29.17,80.4,33092612585,98257844270,27587562,81908598,16999.09,13.41,synthetic_demo,GOOD
2026-10-07T00:58:14.943559+00:00,Ethernet0,Ethernet,11.59,0.0,0.15,127.23,31.1,,33112051973,98337363487,27603761,81974864,19327.85,21.43,synthetic_demo,GOOD
2026-10-07T00:58:19.943559+00:00,Wi-Fi,Wi-Fi,20.23,0.0,3.9,70.17,16.81,89.3,33122558097,98381219082,27612516,82011410,10617.52,28.87,synthetic_demo,GOOD
2026-10-07T00:58:24.943559+00:00,Ethernet0,Ethernet,11.71,0.0,0.78,156.45,49.57,,33153537561,98478998685,27638332,82092893,25148.26,30.48,synthetic_demo,GOOD
2026-10-07T00:58:29.943559+00:00,Wi-Fi,Wi-Fi,153.63,10.02,35.21,10.91,1.71,36.7,33154605649,98485815594,27639222,82098573,1540.04,56.13,synthetic_demo,POOR
2026-10-07T00:58:34.943559+00:00,Wi-Fi,Wi-Fi,183.24,30.44,42.0,1.34,0.86,24.8,33155144477,98486650373,27639671,82099268,268.28,95.06,synthetic_demo,POOR
2026-10-07T00:58:39.943559+00:00,Ethernet0,Ethernet,11.48,0.0,0.1,169.21,42.92,,33181970469,98592406671,27662025,82187398,25894.98,33.46,synthetic_demo,GOOD
2026-10-07T00:58:44.943559+00:00,Wi-Fi,Wi-Fi,310.02,51.75,40.25,1.53,1.0,20.4,33182594271,98593362450,27662544,82188194,308.51,98.09,synthetic_demo,POOR
2026-10-07T00:58:49.943559+00:00,Wi-Fi,Wi-Fi,53.73,2.86,13.5,26.31,3.57,54.3,33184822712,98609805113,27664401,82201896,3646.7,73.58,synthetic_demo,MODERATE
2026-10-07T00:58:54.943559+00:00,Wi-Fi,Wi-Fi,22.76,0.0,1.05,59.57,15.84,94.1,33194720892,98647036857,27672649,82232922,9205.06,13.17,synthetic_demo,GOOD
2026-10-07T00:58:59.943559+00:00,Ethernet0,Ethernet,13.08,0.0,2.11,147.22,49.58,,33225705372,98739047209,27698469,82309597,24022.43,16.04,synthetic_demo,GOOD
2026-10-07T00:59:04.943559+00:00,Wi-Fi,Wi-Fi,46.14,1.73,14.31,14.05,5.64,46.1,33229229472,98747827073,27701405,82316913,2403.12,63.75,synthetic_demo,MODERATE
2026-10-07T00:59:09.943559+00:00,Wi-Fi,Wi-Fi,115.21,2.43,22.18,15.53,4.59,74.8,33232095883,98757531676,27703793,82325000,2455.28,85.38,synthetic_demo,MODERATE
2026-10-07T00:59:14.943559+00:00,Wi-Fi,Wi-Fi,78.56,1.44,19.14,9.53,0.78,82.3,33232582881,98763488911,27704198,82329964,1258.64,93.57,synthetic_demo,MODERATE
2026-10-07T00:59:19.943559+00:00,Ethernet0,Ethernet,10.08,0.0,1.12,148.43,41.22,,33258347085,98856256794,27725668,82407270,23150.8,29.66,synthetic_demo,GOOD
2026-10-07T00:59:24.943559+00:00,Ethernet0,Ethernet,9.41,0.0,0.22,118.23,58.2,,33294722079,98930148741,27755980,82468846,21536.51,16.58,synthetic_demo,GOOD
2026-10-07T00:59:29.943559+00:00,Wi-Fi,Wi-Fi,19.4,0.0,2.31,50.92,26.57,87.0,33311325653,98961974924,27769816,82495367,9458.94,10.83,synthetic_demo,GOOD
2026-10-07T00:59:34.943559+00:00,Wi-Fi,Wi-Fi,34.25,0.0,0.89,48.91,22.15,90.0,33325169265,98992542178,27781352,82520839,8674.0,32.7,synthetic_demo,GOOD
2026-10-07T00:59:39.943559+00:00,Ethernet0,Ethernet,6.72,0.0,2.92,161.64,36.62,,33348054411,99093565694,27800422,82605025,24200.91,31.62,synthetic_demo,GOOD
2026-10-07T00:59:44.943559+00:00,Wi-Fi,Wi-Fi,26.12,0.0,1.74,75.88,24.7,92.0,33363489197,99140988916,27813284,82644544,12276.95,11.06,synthetic_demo,GOOD
2026-10-07T00:59:49.943559+00:00,Wi-Fi,Wi-Fi,143.44,9.71,30.31,7.88,2.32,27.1,33364937847,99145911916,27814491,82648646,1244.46,51.91,synthetic_demo,POOR
2026-10-07T00:59:54.943559+00:00,Ethernet0,Ethernet,268.0,51.44,49.53,1.97,0.55,,33365281060,99147144455,27814777,82649673,307.76,98.7,synthetic_demo,POOR
2026-10-07T00:59:59.943559+00:00,Wi-Fi,Wi-Fi,21.51,0.0,3.39,85.43,25.08,84.2,33380954039,99200536622,27827837,82694166,13489.29,18.04,synthetic_demo,GOOD
2026-10-07T01:00:04.943559+00:00,Wi-Fi,Wi-Fi,165.82,8.23,27.67,7.9,0.01,27.7,33380960289,99205474601,27827842,82698280,965.67,50.19,synthetic_demo,POOR
2026-10-07T01:00:09.943559+00:00,Wi-Fi,Wi-Fi,28.66,0.0,5.26,52.03,24.25,92.0,33396117146,99237993190,27840472,82725378,9311.61,12.61,synthetic_demo,GOOD
2026-10-07T01:00:14.943559+00:00,Wi-Fi,Wi-Fi,28.64,0.05,1.79,64.74,20.37,89.9,33408845630,99278455282,27851079,82759096,10388.78,22.55,synthetic_demo,GOOD
2026-10-07T01:00:19.943559+00:00,Ethernet0,Ethernet,6.77,0.0,0.12,177.4,62.46,,33447883498,99389332018,27883610,82851493,29280.2,15.19,synthetic_demo,GOOD
2026-10-07T01:00:24.943559+00:00,Wi-Fi,Wi-Fi,85.0,1.66,12.26,21.75,6.01,47.9,33451637327,99402926219,27886738,82862821,3388.29,60.99,synthetic_demo,MODERATE
2026-10-07T01:00:29.943559+00:00,Ethernet0,Ethernet,187.83,17.55,32.37,1.92,0.88,,33452186760,99404127400,27887195,82863821,341.92,78.44,synthetic_demo,POOR
2026-10-07T01:00:34.943559+00:00,Wi-Fi,Wi-Fi,66.71,0.79,12.76,16.33,6.85,54.5,33456465803,99414333157,27890760,82872325,2829.06,53.98,synthetic_demo,MODERATE
2026-10-07T01:00:39.943559+00:00,Wi-Fi,Wi-Fi,15.16,0.0,0.55,68.24,22.6,92.5,33470593771,99456985709,27902533,82907868,11089.95,12.14,synthetic_demo,GOOD
2026-10-07T01:00:44.943559+00:00,Wi-Fi,Wi-Fi,75.12,2.13,15.65,26.28,3.93,44.4,33473051647,99473413470,27904581,82921557,3688.6,51.52,synthetic_demo,MODERATE
2026-10-07T01:00:49.943559+00:00,Ethernet0,Ethernet,12.73,0.0,0.86,146.76,43.28,,33500100764,99565138985,27927121,82997994,23198.17,10.58,synthetic_demo,GOOD
2026-10-07T01:00:54.943559+00:00,Wi-Fi,Wi-Fi,126.49,5.92,24.02,10.96,2.71,28.8,33501793543,99571991844,27928531,83003704,1669.07,69.7,synthetic_demo,POOR
2026-10-07T01:00:59.943559+00:00,Wi-Fi,Wi-Fi,94.12,2.73,21.3,28.06,4.16,46.4,33504391219,99589529226,27930695,83018318,3932.63,48.48,synthetic_demo,MODERATE
2026-10-07T01:01:04.943559+00:00,Wi-Fi,Wi-Fi,29.69,0.0,1.97,92.58,27.85,95.6,33521796791,99647394083,27945199,83066538,14701.26,35.62,synthetic_demo,GOOD
2026-10-07T01:01:09.943559+00:00,Wi-Fi,Wi-Fi,76.24,2.36,14.69,22.32,6.37,40.0,33525780725,99661345760,27948518,83078164,3503.05,48.39,synthetic_demo,POOR
2026-10-07T01:01:14.943559+00:00,Wi-Fi,Wi-Fi,108.14,1.84,15.44,13.5,10.23,47.2,33532173904,99669784100,27953845,83085195,2896.78,68.78,synthetic_demo,MODERATE
2026-10-07T01:01:19.943559+00:00,Ethernet0,Ethernet,13.4,0.0,0.89,131.66,43.85,,33559583095,99752069016,27976685,83153765,21424.63,15.72,synthetic_demo,GOOD
2026-10-07T01:01:24.943559+00:00,Wi-Fi,Wi-Fi,141.83,2.4,29.0,14.98,6.43,78.0,33563601291,99761430989,27980033,83161566,2613.31,89.16,synthetic_demo,POOR
2026-10-07T01:01:29.943559+00:00,Ethernet0,Ethernet,9.33,0.0,3.38,172.56,63.49,,33603280401,99869278407,28013098,83251438,28813.78,6.77,synthetic_demo,GOOD
2026-10-07T01:01:34.943559+00:00,Ethernet0,Ethernet,144.62,3.73,23.53,15.02,1.74,,33604367774,99878664571,28014004,83259259,2045.61,85.53,synthetic_demo,POOR
2026-10-07T01:01:39.943559+00:00,Wi-Fi,Wi-Fi,121.64,7.58,34.67,7.7,2.92,25.1,33606194744,99883479734,28015526,83263271,1297.29,64.11,synthetic_demo,POOR
2026-10-07T01:01:44.943559+00:00,Wi-Fi,Wi-Fi,138.55,11.77,29.32,2.46,2.66,32.1,33607859819,99885019146,28016913,83264553,625.88,84.18,synthetic_demo,POOR
2026-10-07T01:01:49.943559+00:00,Wi-Fi,Wi-Fi,81.57,1.7,7.63,20.98,6.73,41.8,33612062957,99898130519,28020415,83275479,3381.74,63.11,synthetic_demo,MODERATE
2026-10-07T01:01:54.943559+00:00,Wi-Fi,Wi-Fi,40.29,1.32,16.92,10.82,6.27,51.2,33615979860,99904896008,28023679,83281116,2086.4,42.42,synthetic_demo,MODERATE
2026-10-07T01:01:59.943559+00:00,Ethernet0,Ethernet,11.32,0.0,0.97,136.09,65.46,,33656892075,99989954777,28057772,83351998,24603.71,33.59,synthetic_demo,GOOD
2026-10-07T01:02:04.943559+00:00,Ethernet0,Ethernet,89.02,1.5,20.89,14.56,0.18,,33657001881,99999051949,28057863,83359578,1798.24,88.93,synthetic_demo,MODERATE
2026-10-07T01:02:09.943559+00:00,Wi-Fi,Wi-Fi,20.8,0.0,1.21,52.57,27.26,93.3,33674039914,100031905659,28072061,83386956,9744.48,37.1,synthetic_demo,GOOD
2026-10-07T01:02:14.943559+00:00,Wi-Fi,Wi-Fi,30.18,0.0,2.48,57.57,32.0,76.9,33694040757,100067887658,28088728,83416940,10934.15,33.46,synthetic_demo,GOOD
2026-10-07T01:02:19.943559+00:00,Wi-Fi,Wi-Fi,34.46,0.0,1.73,67.12,23.27,75.8,33708587272,100109837023,28100850,83451897,11034.35,19.65,synthetic_demo,GOOD
2026-10-07T01:02:24.943559+00:00,Ethernet0,Ethernet,10.02,0.0,6.25,156.79,57.85,,33744745357,100207831659,28130981,83533559,26201.7,34.93,synthetic_demo,GOOD
2026-10-07T01:02:29.943559+00:00,Wi-Fi,Wi-Fi,65.61,2.27,20.48,10.78,5.39,44.1,33748115882,100214567464,28133789,83539172,1973.89,51.17,synthetic_demo,MODERATE
2026-10-07T01:02:34.943559+00:00,Ethernet0,Ethernet,12.8,0.0,2.96,113.55,41.13,,33773819991,100285534805,28155209,83598311,18881.14,23.11,synthetic_demo,GOOD
2026-10-07T01:02:39.943559+00:00,Wi-Fi,Wi-Fi,113.52,2.15,11.07,11.02,3.83,73.0,33776213919,100292419405,28157203,83604048,1812.21,96.43,synthetic_demo,MODERATE
2026-10-07T01:02:44.943559+00:00,Wi-Fi,Wi-Fi,22.85,0.0,5.81,83.58,28.45,95.8,33793992636,100344657632,28172018,83647579,13675.18,17.28,synthetic_demo,GOOD
2026-10-07T01:02:49.943559+00:00,Ethernet0,Ethernet,11.64,0.0,0.3,177.56,70.08,,33837792361,100455631127,28208517,83740056,30229.14,16.72,synthetic_demo,GOOD
2026-10-07T01:02:54.943559+00:00,Wi-Fi,Wi-Fi,85.13,1.01,15.75,9.48,3.62,43.6,33840053974,100461556661,28210401,83744993,1599.05,57.62,synthetic_demo,MODERATE
2026-10-07T01:02:59.943559+00:00,Ethernet0,Ethernet,10.53,0.0,2.63,178.14,45.67,,33868595502,100572895402,28234185,83837775,27320.37,14.44,synthetic_demo,GOOD
2026-10-07T01:03:04.943559+00:00,Wi-Fi,Wi-Fi,27.84,0.0,0.25,66.42,15.35,79.3,33878191075,100614405828,28242181,83872367,9981.64,16.3,synthetic_demo,GOOD
2026-10-07T01:03:09.943559+00:00,Wi-Fi,Wi-Fi,129.38,3.74,25.38,13.01,6.4,68.2,33882189469,100622537948,28245512,83879143,2369.24,87.88,synthetic_demo,POOR
2026-10-07T01:03:14.943559+00:00,Ethernet0,Ethernet,10.65,0.0,5.0,116.51,47.39,,33911805100,100695355697,28270191,83939824,20006.52,27.19,synthetic_demo,GOOD
2026-10-07T01:03:19.943559+00:00,Wi-Fi,Wi-Fi,175.72,9.54,25.66,2.61,4.26,35.9,33914465131,100696988480,28272407,83941184,838.44,66.55,synthetic_demo,POOR
2026-10-07T01:03:24.943559+00:00,Ethernet0,Ethernet,12.54,0.0,1.03,179.09,26.9,,33931275342,100808920090,28286415,84034460,25144.89,31.64,synthetic_demo,GOOD
2026-10-07T01:03:29.943559+00:00,Ethernet0,Ethernet,15.48,0.0,1.55,166.61,45.97,,33960006947,100913051968,28310358,84121236,25949.9,34.99,synthetic_demo,GOOD
2026-10-07T01:03:34.943559+00:00,Wi-Fi,Wi-Fi,112.0,2.11,19.57,17.49,3.04,66.4,33961907529,100923986086,28311941,84130347,2506.78,88.52,synthetic_demo,MODERATE
2026-10-07T01:03:39.943559+00:00,Wi-Fi,Wi-Fi,29.24,0.0,5.06,42.61,20.73,97.4,33974864356,100950614444,28322738,84152537,7731.48,14.09,synthetic_demo,GOOD
2026-10-07T01:03:44.943559+00:00,Ethernet0,Ethernet,5.57,0.0,0.47,142.49,62.06,,34013654934,101039670340,28355063,84226750,24970.01,20.65,synthetic_demo,GOOD
2026-10-07T01:03:49.943559+00:00,Wi-Fi,Wi-Fi,27.07,0.0,3.62,93.37,20.05,97.0,34026183954,101098029540,28365503,84275382,13845.36,44.33,synthetic_demo,GOOD
2026-10-07T01:03:54.943559+00:00,Wi-Fi,Wi-Fi,19.25,0.0,8.76,82.77,18.29,96.5,34037617673,101149760540,28375031,84318491,12336.86,13.66,synthetic_demo,MODERATE
2026-10-07T01:03:59.943559+00:00,Wi-Fi,Wi-Fi,124.84,9.97,24.62,6.67,1.07,37.1,34038288461,101153931061,28375589,84321966,945.57,66.7,synthetic_demo,POOR
2026-10-07T01:04:04.943559+00:00,Wi-Fi,Wi-Fi,22.87,0.39,1.29,62.48,21.37,78.7,34051641607,101192982484,28386716,84354508,10235.27,44.97,synthetic_demo,GOOD
2026-10-07T01:04:09.943559+00:00,Wi-Fi,Wi-Fi,139.99,2.8,20.22,15.19,3.61,78.7,34053895516,101202473259,28388594,84362416,2293.88,88.19,synthetic_demo,MODERATE
2026-10-07T01:04:14.943559+00:00,Wi-Fi,Wi-Fi,157.36,8.22,34.17,4.08,2.31,29.9,34055337178,101205022753,28389795,84364540,779.52,70.83,synthetic_demo,POOR
2026-10-07T01:04:19.943559+00:00,Wi-Fi,Wi-Fi,19.84,0.0,2.23,40.73,21.54,88.7,34068799105,101230477972,28401013,84385752,7601.01,40.37,synthetic_demo,GOOD
2026-10-07T01:04:24.943559+00:00,Wi-Fi,Wi-Fi,128.26,9.64,22.53,5.1,3.48,33.2,34070972076,101233662974,28402823,84388406,1046.48,67.58,synthetic_demo,POOR
2026-10-07T01:04:29.943559+00:00,Wi-Fi,Wi-Fi,21.39,0.0,0.26,52.77,25.79,82.8,34087089318,101266645672,28416254,84415891,9589.83,32.56,synthetic_demo,GOOD
2026-10-07T01:04:34.943559+00:00,Wi-Fi,Wi-Fi,160.5,45.13,65.33,0.44,0.75,22.9,34087557456,101266920544,28416644,84416120,145.12,99.14,synthetic_demo,POOR
2026-10-07T01:04:39.943559+00:00,Ethernet0,Ethernet,11.37,0.13,1.39,159.56,58.15,,34123904264,101366643192,28446933,84499222,26576.07,32.2,synthetic_demo,GOOD
2026-10-07T01:04:44.943559+00:00,Wi-Fi,Wi-Fi,115.03,2.08,21.72,9.63,5.16,72.5,34127126873,101372662361,28449618,84504237,1805.03,86.34,synthetic_demo,MODERATE
2026-10-07T01:04:49.943559+00:00,Wi-Fi,Wi-Fi,28.36,0.0,8.07,64.08,19.54,92.2,34139338111,101412710321,28459794,84537610,10206.87,35.68,synthetic_demo,MODERATE
2026-10-07T01:04:54.943559+00:00,Wi-Fi,Wi-Fi,23.96,0.0,1.89,86.49,24.22,93.2,34154472658,101466767860,28472406,84582657,13514.08,25.15,synthetic_demo,GOOD
2026-10-07T01:04:59.943559+00:00,Wi-Fi,Wi-Fi,77.84,0.57,15.86,15.46,7.89,49.7,34159401328,101476427858,28476513,84590706,2849.35,40.76,synthetic_demo,MODERATE
2026-10-07T01:05:04.943559+00:00,Ethernet0,Ethernet,100.16,1.54,35.17,7.33,3.81,,34161783844,101481008977,28478498,84594523,1360.08,96.32,synthetic_demo,POOR
2026-10-07T01:05:09.943559+00:00,Ethernet0,Ethernet,14.66,0.0,0.8,188.24,50.09,,34193092263,101598657654,28504588,84692563,29093.18,5.93,synthetic_demo,GOOD
2026-10-07T01:05:14.943559+00:00,Ethernet0,Ethernet,12.64,0.0,5.96,157.47,61.26,,34231378758,101697076187,28536493,84774578,26700.2,18.69,synthetic_demo,GOOD
2026-10-07T01:05:19.943559+00:00,Ethernet0,Ethernet,87.47,1.44,18.58,10.87,3.38,,34233492455,101703872420,28538254,84780241,1740.22,94.72,synthetic_demo,MODERATE
2026-10-07T01:05:24.943559+00:00,Ethernet0,Ethernet,132.16,3.52,26.42,8.77,3.93,,34235951056,101709353505,28540302,84784808,1550.72,90.88,synthetic_demo,POOR
2026-10-07T01:05:29.943559+00:00,Ethernet0,Ethernet,163.77,31.19,54.0,2.41,0.75,,34236420110,101710862534,28540692,84786065,386.34,94.88,synthetic_demo,POOR
2026-10-07T01:05:34.943559+00:00,Wi-Fi,Wi-Fi,131.58,2.64,18.94,8.91,6.14,61.0,34240259511,101716432002,28543891,84790706,1837.67,92.43,synthetic_demo,MODERATE
2026-10-07T01:05:39.943559+00:00,Ethernet0,Ethernet,279.02,18.55,82.65,0.23,0.77,,34240742169,101716574342,28544293,84790824,122.07,87.29,synthetic_demo,POOR
2026-10-07T01:05:44.943559+00:00,Ethernet0,Ethernet,110.18,1.61,12.95,10.35,4.57,,34243595341,101723040340,28546670,84796212,1820.15,85.36,synthetic_demo,MODERATE
2026-10-07T01:05:49.943559+00:00,Wi-Fi,Wi-Fi,28.46,0.12,0.46,96.91,30.81,96.7,34262851305,101783608058,28562716,84846685,15590.56,43.32,synthetic_demo,GOOD
2026-10-07T01:05:54.943559+00:00,Ethernet0,Ethernet,12.52,0.0,1.39,105.27,46.87,,34292147760,101849399993,28587129,84901511,18571.95,29.99,synthetic_demo,GOOD
2026-10-07T01:05:59.943559+00:00,Ethernet0,Ethernet,94.33,1.77,28.22,16.77,1.86,,34293311664,101859879370,28588098,84910243,2274.08,97.44,synthetic_demo,POOR
2026-10-07T01:06:04.943559+00:00,Wi-Fi,Wi-Fi,72.47,2.53,17.63,12.89,7.03,39.5,34297705110,101867937828,28591759,84916958,2432.01,74.61,synthetic_demo,POOR
2026-10-07T01:06:09.943559+00:00,Ethernet0,Ethernet,12.8,0.0,1.38,131.31,68.12,,34340281551,101950007007,28627239,84985348,24344.85,19.25,synthetic_demo,GOOD
2026-10-07T01:06:14.943559+00:00,Wi-Fi,Wi-Fi,26.48,0.0,0.41,86.98,23.68,93.0,34355082491,102004368583,28639573,85030649,13508.3,23.33,synthetic_demo,GOOD
2026-10-07T01:06:19.943559+00:00,Wi-Fi,Wi-Fi,245.21,40.56,68.76,1.68,0.72,29.8,34355532339,102005418345,28639947,85031523,292.89,81.6,synthetic_demo,POOR
2026-10-07T01:06:24.943559+00:00,Wi-Fi,Wi-Fi,49.72,1.9,16.7,25.91,2.79,37.5,34357277165,102021613493,28641401,85045018,3503.9,63.05,synthetic_demo,MODERATE
2026-10-07T01:06:29.943559+00:00,Wi-Fi,Wi-Fi,23.13,0.0,0.1,49.08,21.28,82.3,34370578061,102052287018,28652485,85070579,8588.75,25.58,synthetic_demo,GOOD
2026-10-07T01:06:34.943559+00:00,Wi-Fi,Wi-Fi,30.36,0.0,2.19,98.31,17.6,92.4,34381580594,102113729975,28661653,85121781,14149.51,14.93,synthetic_demo,GOOD
2026-10-07T01:06:39.943559+00:00,Ethernet0,Ethernet,11.65,0.0,0.82,162.57,52.38,,34414319328,102215334984,28688935,85206451,26239.01,33.4,synthetic_demo,GOOD
2026-10-07T01:06:44.943559+00:00,Wi-Fi,Wi-Fi,22.38,0.0,2.19,64.06,33.95,88.8,34435536123,102255370348,28706615,85239813,11963.31,43.97,synthetic_demo,GOOD
2026-10-07T01:06:49.943559+00:00,Wi-Fi,Wi-Fi,23.01,0.0,1.88,95.44,25.95,89.1,34451752110,102315021218,28720128,85289522,14817.75,32.65,synthetic_demo,GOOD
2026-10-07T01:06:54.943559+00:00,Ethernet0,Ethernet,12.2,0.0,1.76,156.52,66.74,,34493462676,102412845763,28754886,85371042,27252.95,19.97,synthetic_demo,GOOD
2026-10-07T01:06:59.943559+00:00,Ethernet0,Ethernet,103.25,2.26,20.97,8.57,0.88,,34494015259,102418202618,28755346,85375506,1154.19,88.39,synthetic_demo,MODERATE
2026-10-07T01:07:04.943559+00:00,Wi-Fi,Wi-Fi,27.87,0.0,1.42,93.87,27.96,92.5,34511490358,102476868339,28769908,85424394,14871.25,23.14,synthetic_demo,GOOD
2026-10-07T01:07:09.943559+00:00,Wi-Fi,Wi-Fi,79.42,11.03,53.42,4.98,2.83,26.8,34513255988,102479980161,28771379,85426987,952.63,55.87,synthetic_demo,POOR
2026-10-07T01:07:14.943559+00:00,Wi-Fi,Wi-Fi,168.62,9.43,12.11,9.65,0.78,43.8,34513741194,102486009168,28771783,85432011,1272.31,72.82,synthetic_demo,POOR
2026-10-07T01:07:19.943559+00:00,Ethernet0,Ethernet,12.68,0.0,3.07,126.79,40.45,,34539022668,102565254499,28792850,85498048,20415.39,22.96,synthetic_demo,GOOD
2026-10-07T01:07:24.943559+00:00,Ethernet0,Ethernet,54.34,3.01,22.52,9.83,3.45,,34541181516,102571400177,28794649,85503169,1621.98,94.26,synthetic_demo,MODERATE
2026-10-07T01:07:29.943559+00:00,Wi-Fi,Wi-Fi,21.27,0.0,1.11,89.77,31.63,77.1,34560948774,102627506521,28811121,85549924,14819.06,30.2,synthetic_demo,GOOD
2026-10-07T01:07:34.943559+00:00,Wi-Fi,Wi-Fi,119.5,7.94,25.7,7.41,1.44,41.6,34561848136,102632140828,28811870,85553785,1080.79,84.81,synthetic_demo,POOR
2026-10-07T01:07:39.943559+00:00,Ethernet0,Ethernet,14.56,0.0,0.28,146.09,42.89,,34588652445,102723447130,28834206,85629873,23068.48,23.62,synthetic_demo,GOOD
2026-10-07T01:07:44.943559+00:00,Ethernet0,Ethernet,109.0,1.57,17.72,12.91,5.27,,34591947105,102731516514,28836951,85636597,2219.54,88.93,synthetic_demo,MODERATE
2026-10-07T01:07:49.943559+00:00,Wi-Fi,Wi-Fi,56.0,2.03,22.66,9.85,4.97,38.2,34595053580,102737670014,28839539,85641724,1808.59,55.18,synthetic_demo,POOR
2026-10-07T01:07:54.943559+00:00,Wi-Fi,Wi-Fi,31.69,0.0,4.55,65.5,22.38,96.2,34609038184,102778608892,28851192,85675839,10727.24,11.54,synthetic_demo,GOOD
2026-10-07T01:07:59.943559+00:00,Ethernet0,Ethernet,10.91,0.0,0.53,145.86,67.84,,34651437647,102869771092,28886524,85751807,26086.26,11.29,synthetic_demo,GOOD
2026-10-07T01:08:04.943559+00:00,Wi-Fi,Wi-Fi,83.12,3.19,12.38,16.55,5.75,74.8,34655032110,102880115685,28889519,85760427,2722.47,88.35,synthetic_demo,MODERATE
2026-10-07T01:08:09.943559+00:00,Wi-Fi,Wi-Fi,131.69,3.25,25.86,15.6,4.23,80.5,34657673662,102889867124,28891720,85768553,2420.51,90.46,synthetic_demo,POOR
2026-10-07T01:08:14.943559+00:00,Wi-Fi,Wi-Fi,21.25,0.0,2.66,100.6,30.78,88.9,34676909747,102952740255,28907750,85820947,16036.96,32.75,synthetic_demo,GOOD
2026-10-07T01:08:19.943559+00:00,Wi-Fi,Wi-Fi,56.43,1.2,16.65,17.06,6.08,47.7,34680707963,102963403960,28910915,85829833,2824.59,63.29,synthetic_demo,MODERATE
2026-10-07T01:08:24.943559+00:00,Wi-Fi,Wi-Fi,27.69,0.0,0.91,53.53,29.4,84.8,34699083785,102996861584,28926228,85857714,10123.72,32.04,synthetic_demo,GOOD
2026-10-07T01:08:29.943559+00:00,Wi-Fi,Wi-Fi,107.61,1.22,13.54,9.34,2.95,66.2,34700925381,103002700881,28927762,85862580,1500.17,91.03,synthetic_demo,MODERATE
2026-10-07T01:08:34.943559+00:00,Ethernet0,Ethernet,13.32,0.0,1.32,128.58,33.77,,34722033464,103083060653,28945352,85929546,19817.94,30.89,synthetic_demo,GOOD
2026-10-07T01:08:39.943559+00:00,Wi-Fi,Wi-Fi,142.16,9.35,42.71,10.32,2.29,36.0,34723463845,103089513739,28946543,85934923,1539.74,53.89,synthetic_demo,POOR
2026-10-07T01:08:44.943559+00:00,Wi-Fi,Wi-Fi,27.96,0.0,0.63,85.56,20.33,86.7,34736173132,103142986933,28957134,85979483,12926.27,14.69,synthetic_demo,GOOD
2026-10-07T01:08:49.943559+00:00,Wi-Fi,Wi-Fi,19.78,0.0,0.6,88.54,19.85,94.7,34748582101,103198326775,28967474,86025599,13232.19,10.8,synthetic_demo,GOOD
2026-10-07T01:08:54.943559+00:00,Ethernet0,Ethernet,10.74,0.0,1.83,151.43,57.87,,34784749976,103292972165,28997613,86104470,25549.47,19.23,synthetic_demo,GOOD
2026-10-07T01:08:59.943559+00:00,Ethernet0,Ethernet,13.48,0.0,0.27,138.52,46.07,,34813542412,103379544432,29021606,86176613,22532.17,28.93,synthetic_demo,GOOD
2026-10-07T01:09:04.943559+00:00,Wi-Fi,Wi-Fi,63.62,2.37,12.76,21.4,9.59,39.2,34819533600,103392918615,29026598,86187758,3782.3,48.16,synthetic_demo,POOR
2026-10-07T01:09:09.943559+00:00,Wi-Fi,Wi-Fi,25.04,0.0,1.81,95.67,19.71,84.3,34831855291,103452714565,29036866,86237587,14085.48,21.53,synthetic_demo,GOOD
2026-10-07T01:09:14.943559+00:00,Wi-Fi,Wi-Fi,141.58,6.11,26.42,2.6,1.27,36.8,34832647282,103454336488,29037525,86238938,471.47,74.49,synthetic_demo,POOR
2026-10-07T01:09:19.943559+00:00,Ethernet0,Ethernet,13.65,0.0,1.84,166.66,46.62,,34861786055,103558500617,29061807,86325741,26035.72,5.65,synthetic_demo,GOOD
2026-10-07T01:09:24.943559+00:00,Wi-Fi,Wi-Fi,24.52,0.0,0.32,74.32,27.09,75.7,34878716681,103604948973,29075915,86364447,12378.71,35.02,synthetic_demo,GOOD
2026-10-07T01:09:29.943559+00:00,Wi-Fi,Wi-Fi,29.93,0.0,3.25,63.84,32.12,82.6,34898789924,103644846397,29092642,86397694,11713.02,26.79,synthetic_demo,GOOD
2026-10-07T01:09:34.943559+00:00,Ethernet0,Ethernet,11.03,0.0,3.0,161.53,50.82,,34930553701,103745804901,29119111,86481826,25922.32,8.97,synthetic_demo,GOOD
2026-10-07T01:09:39.943559+00:00,Ethernet0,Ethernet,7.14,0.0,2.08,154.46,55.16,,34965028114,103842340700,29147839,86562272,25587.93,10.54,synthetic_demo,GOOD
2026-10-07T01:09:44.943559+00:00,Wi-Fi,Wi-Fi,24.33,0.0,7.83,45.73,32.57,97.1,34985382986,103870924310,29164801,86586091,9558.3,15.33,synthetic_demo,GOOD
2026-10-07T01:09:49.943559+00:00,Wi-Fi,Wi-Fi,20.68,0.0,1.64,61.27,30.15,82.7,35004229077,103909215364,29180506,86618000,11159.6,10.95,synthetic_demo,GOOD
2026-10-07T01:09:54.943559+00:00,Wi-Fi,Wi-Fi,30.28,0.16,3.32,79.71,24.86,85.2,35019767964,103959032054,29193455,86659513,12764.76,17.56,synthetic_demo,GOOD
2026-10-07T01:09:59.943559+00:00,Wi-Fi,Wi-Fi,55.45,1.4,15.93,9.18,8.41,50.1,35025021554,103964770343,29197832,86664294,2146.85,41.29,synthetic_demo,MODERATE
2026-10-07T01:10:04.943559+00:00,Wi-Fi,Wi-Fi,93.27,1.68,16.24,19.01,4.86,42.9,35028060547,103976652033,29200364,86674195,2914.2,42.6,synthetic_demo,MODERATE
2026-10-07T01:10:09.943559+00:00,Ethernet0,Ethernet,12.32,0.0,0.1,143.29,37.31,,35051380093,104066210989,29219796,86748827,22046.58,18.88,synthetic_demo,GOOD
2026-10-07T01:10:14.943559+00:00,Wi-Fi,Wi-Fi,20.38,0.0,1.38,39.61,15.76,83.1,35061228479,104090964630,29228002,86769455,6758.21,31.48,synthetic_demo,GOOD
2026-10-07T01:10:19.943559+00:00,Wi-Fi,Wi-Fi,262.44,47.54,75.37,1.16,0.52,23.4,35061551280,104091692242,29228271,86770061,205.16,76.64,synthetic_demo,POOR
2026-10-07T01:10:24.943559+00:00,Wi-Fi,Wi-Fi,80.42,1.66,13.45,18.49,10.06,54.3,35067839972,104103249354,29233511,86779691,3485.51,70.7,synthetic_demo,MODERATE
2026-10-07T01:10:29.943559+00:00,Wi-Fi,Wi-Fi,71.15,2.42,19.01,13.25,4.77,81.6,35070820518,104111527842,29235994,86786589,2199.03,95.49,synthetic_demo,MODERATE
2026-10-07T01:10:34.943559+00:00,Wi-Fi,Wi-Fi,27.95,0.0,2.18,47.23,22.27,94.2,35084737118,104141043557,29247591,86811185,8482.87,26.24,synthetic_demo,GOOD
2026-10-07T01:10:39.943559+00:00,Wi-Fi,Wi-Fi,82.7,3.48,16.72,15.24,6.97,72.7,35089092743,104150569911,29251220,86819123,2711.32,94.1,synthetic_demo,MODERATE
2026-10-07T01:10:44.943559+00:00,Ethernet0,Ethernet,130.98,3.74,22.61,11.4,5.02,,35092229485,104157695005,29253833,86825060,2004.26,97.03,synthetic_demo,MODERATE
2026-10-07T01:10:49.943559+00:00,Wi-Fi,Wi-Fi,68.35,0.98,20.89,24.94,4.56,39.7,35095081740,104173280434,29256209,86838047,3601.11,56.74,synthetic_demo,MODERATE
2026-10-07T01:10:54.943559+00:00,Ethernet0,Ethernet,272.26,44.77,57.31,1.99,0.6,,35095458480,104174522382,29256522,86839081,316.15,95.01,synthetic_demo,POOR
2026-10-07T01:10:59.943559+00:00,Ethernet0,Ethernet,9.91,0.0,1.77,136.4,46.16,,35124307160,104259772197,29280562,86910122,22284.86,16.3,synthetic_demo,GOOD
2026-10-07T01:11:04.943559+00:00,Ethernet0,Ethernet,17.04,0.0,0.19,109.68,29.54,,35142772016,104328321819,29295949,86967246,16995.02,21.15,synthetic_demo,GOOD
2026-10-07T01:11:09.943559+00:00,Ethernet0,Ethernet,113.63,3.47,24.55,20.28,5.38,,35146132575,104340995130,29298749,86977807,3131.62,85.98,synthetic_demo,MODERATE
2026-10-07T01:11:14.943559+00:00,Wi-Fi,Wi-Fi,142.96,7.47,21.53,6.61,3.41,42.6,35148261270,104345126042,29300522,86981249,1222.58,84.03,synthetic_demo,POOR
2026-10-07T01:11:19.943559+00:00,Ethernet0,Ethernet,11.21,0.0,0.55,128.75,57.97,,35184493634,104425596920,29330715,87048308,22793.6,34.41,synthetic_demo,GOOD
2026-10-07T01:11:24.943559+00:00,Wi-Fi,Wi-Fi,22.04,0.0,2.22,98.9,13.45,85.6,35192899982,104487407172,29337720,87099816,13714.18,27.6,synthetic_demo,GOOD
2026-10-07T01:11:29.943559+00:00,Ethernet0,Ethernet,13.99,0.0,0.5,172.36,50.74,,35224610225,104595134289,29364145,87189588,27233.86,13.33,synthetic_demo,GOOD
2026-10-07T01:11:34.943559+00:00,Wi-Fi,Wi-Fi,21.08,0.0,1.8,70.45,28.01,83.9,35242117188,104639162436,29378734,87226278,12018.58,43.15,synthetic_demo,GOOD
2026-10-07T01:11:39.943559+00:00,Wi-Fi,Wi-Fi,54.08,3.17,31.19,11.29,2.42,77.5,35243630155,104646216646,29379994,87232156,1673.28,90.7,synthetic_demo,POOR
2026-10-07T01:11:44.943559+00:00,Wi-Fi,Wi-Fi,77.76,2.01,13.52,27.39,7.24,36.4,35248156249,104663338473,29383765,87246424,4228.11,40.79,synthetic_demo,POOR
2026-10-07T01:11:49.943559+00:00,Wi-Fi,Wi-Fi,32.25,0.0,5.44,72.33,18.55,86.9,35259748847,104708542669,29393425,87284094,11093.12,43.8,synthetic_demo,GOOD
2026-10-07T01:11:54.943559+00:00,Wi-Fi,Wi-Fi,31.02,0.0,2.08,60.34,26.68,76.0,35276424325,104746253837,29407321,87315519,10622.39,10.47,synthetic_demo,GOOD
2026-10-07T01:11:59.943559+00:00,Ethernet0,Ethernet,10.68,0.0,8.88,145.65,48.95,,35307020224,104837282423,29432817,87391376,23754.78,5.77,synthetic_demo,MODERATE
2026-10-07T01:12:04.943559+00:00,Wi-Fi,Wi-Fi,21.59,0.0,1.17,84.22,24.26,84.1,35322181016,104889918860,29445450,87435239,13241.65,27.37,synthetic_demo,GOOD
2026-10-07T01:12:09.943559+00:00,Wi-Fi,Wi-Fi,70.47,2.84,9.62,17.39,5.68,38.2,35325729429,104900789136,29448407,87444297,2816.15,71.76,synthetic_demo,POOR
2026-10-07T01:12:14.943559+00:00,Wi-Fi,Wi-Fi,244.83,30.58,47.4,1.07,0.16,25.0,35325831372,104901460195,29448491,87444856,150.98,88.05,synthetic_demo,POOR
2026-10-07T01:12:19.943559+00:00,Wi-Fi,Wi-Fi,97.2,8.95,27.54,3.89,3.05,25.5,35327735379,104903889002,29450077,87446880,846.25,57.5,synthetic_demo,POOR
2026-10-07T01:12:24.943559+00:00,Ethernet0,Ethernet,11.56,0.0,3.8,141.63,62.3,,35366670818,104992409373,29482523,87520646,24893.71,20.4,synthetic_demo,GOOD
2026-10-07T01:12:29.943559+00:00,Wi-Fi,Wi-Fi,120.56,4.79,41.65,6.75,2.1,41.5,35367985533,104996627210,29483618,87524160,1080.58,84.52,synthetic_demo,POOR
2026-10-07T01:12:34.943559+00:00,Ethernet0,Ethernet,85.78,1.78,29.5,16.15,5.19,,35371227142,105006723697,29486319,87532573,2605.1,86.22,synthetic_demo,POOR
2026-10-07T01:12:39.943559+00:00,Wi-Fi,Wi-Fi,123.4,2.79,21.68,14.45,4.35,67.8,35373947051,105015751924,29488585,87540096,2294.56,96.11,synthetic_demo,MODERATE
2026-10-07T01:12:44.943559+00:00,Wi-Fi,Wi-Fi,28.01,0.0,0.46,70.05,28.93,91.1,35392027821,105059535581,29503652,87576582,12082.9,20.17,synthetic_demo,GOOD
2026-10-07T01:12:49.943559+00:00,Wi-Fi,Wi-Fi,31.77,0.0,11.35,75.0,25.3,96.1,35407842621,105106413440,29516831,87615646,12244.66,43.1,synthetic_demo,MODERATE
2026-10-07T01:12:54.943559+00:00,Wi-Fi,Wi-Fi,21.16,0.0,0.47,96.64,24.64,87.9,35423243024,105166816003,29529664,87665981,14805.27,16.58,synthetic_demo,GOOD
2026-10-07T01:12:59.943559+00:00,Ethernet0,Ethernet,14.07,0.0,1.92,149.49,39.51,,35447935969,105260248360,29550241,87743841,23071.35,12.67,synthetic_demo,GOOD
2026-10-07T01:13:04.943559+00:00,Ethernet0,Ethernet,10.62,0.0,0.49,186.32,53.67,,35481478156,105376698253,29578192,87840882,29295.33,27.03,synthetic_demo,GOOD
2026-10-07T01:13:09.943559+00:00,Ethernet0,Ethernet,13.26,0.0,0.1,136.48,51.7,,35513791923,105461999773,29605120,87911966,22971.74,16.51,synthetic_demo,GOOD
2026-10-07T01:13:14.943559+00:00,Wi-Fi,Wi-Fi,22.43,0.0,0.14,78.2,33.77,96.7,35534895655,105510875829,29622706,87952696,13667.93,31.67,synthetic_demo,GOOD
2026-10-07T01:13:19.943559+00:00,Ethernet0,Ethernet,129.76,1.4,10.74,10.28,3.87,,35537313056,105517299479,29624720,87958049,1726.77,88.03,synthetic_demo,MODERATE
2026-10-07T01:13:24.943559+00:00,Wi-Fi,Wi-Fi,24.08,0.0,1.42,64.6,27.38,86.7,35554423212,105557675015,29638978,87991695,11227.67,18.29,synthetic_demo,GOOD
2026-10-07T01:13:29.943559+00:00,Ethernet0,Ethernet,14.52,0.0,0.1,169.33,65.06,,35595087561,105663508827,29672864,88079889,28612.92,18.23,synthetic_demo,GOOD
2026-10-07T01:13:34.943559+00:00,Wi-Fi,Wi-Fi,291.71,52.65,52.12,2.36,0.34,17.7,35595301563,105664983398,29673042,88081117,329.8,70.56,synthetic_demo,POOR
2026-10-07T01:13:39.943559+00:00,Ethernet0,Ethernet,192.56,55.85,29.67,1.36,0.59,,35595668979,105665835795,29673348,88081827,238.24,75.29,synthetic_demo,POOR
2026-10-07T01:13:44.943559+00:00,Wi-Fi,Wi-Fi,113.43,1.71,27.7,11.78,3.77,74.3,35598022255,105673199177,29675309,88087963,1897.78,85.6,synthetic_demo,POOR
2026-10-07T01:13:49.943559+00:00,Ethernet0,Ethernet,314.86,16.3,56.86,1.97,0.54,,35598362775,105674432948,29675592,88088991,307.48,81.12,synthetic_demo,POOR
2026-10-07T01:13:54.943559+00:00,Wi-Fi,Wi-Fi,36.0,2.08,17.25,12.82,6.22,48.2,35602250078,105682447949,29678831,88095670,2324.67,62.21,synthetic_demo,MODERATE
2026-10-07T01:13:59.943559+00:00,Ethernet0,Ethernet,226.66,44.25,46.92,0.43,0.69,,35602683651,105682715545,29679192,88095892,136.95,71.77,synthetic_demo,POOR
2026-10-07T01:14:04.943559+00:00,Ethernet0,Ethernet,14.32,0.0,1.55,141.17,53.95,,35636403529,105770944190,29707291,88169415,23818.07,20.58,synthetic_demo,GOOD
2026-10-07T01:14:09.943559+00:00,Wi-Fi,Wi-Fi,28.5,0.0,3.56,52.13,33.48,95.8,35657327309,105803528323,29724727,88196568,10450.76,20.35,synthetic_demo,GOOD
2026-10-07T01:14:14.943559+00:00,Ethernet0,Ethernet,11.19,0.0,1.58,135.95,54.73,,35691533608,105888496552,29753232,88267374,23276.28,20.13,synthetic_demo,GOOD
2026-10-07T01:14:19.943559+00:00,Ethernet0,Ethernet,10.64,0.0,0.67,141.93,58.1,,35727847852,105977199960,29783493,88341293,24417.51,7.82,synthetic_demo,GOOD
2026-10-07T01:14:24.943559+00:00,Ethernet0,Ethernet,14.7,0.0,0.31,130.19,53.19,,35761092829,106058567405,29811197,88409099,22385.24,25.29,synthetic_demo,GOOD
2026-10-07T01:14:29.943559+00:00,Wi-Fi,Wi-Fi,59.59,1.6,16.79,9.82,3.41,50.0,35763225797,106064704145,29812974,88414212,1615.18,68.37,synthetic_demo,MODERATE
2026-10-07T01:14:34.943559+00:00,Wi-Fi,Wi-Fi,99.15,1.11,29.92,6.04,4.34,74.5,35765935653,106068478270,29815232,88417357,1266.4,96.2,synthetic_demo,POOR
2026-10-07T01:14:39.943559+00:00,Wi-Fi,Wi-Fi,103.52,2.09,16.76,32.51,5.37,40.3,35769291973,106088796864,29818028,88434289,4624.01,44.48,synthetic_demo,MODERATE
2026-10-07T01:14:44.943559+00:00,Ethernet0,Ethernet,13.13,0.0,0.8,154.16,25.41,,35785173500,106185147263,29831262,88514580,21920.3,8.25,synthetic_demo,GOOD
2026-10-07T01:14:49.943559+00:00,Wi-Fi,Wi-Fi,181.17,7.33,33.56,1.97,0.77,43.5,35785655903,106186378278,29831664,88515605,334.65,51.71,synthetic_demo,POOR
2026-10-07T01:14:54.943559+00:00,Wi-Fi,Wi-Fi,41.79,3.18,13.06,16.88,4.3,43.1,35788341873,106196928478,29833902,88524396,2585.19,71.09,synthetic_demo,MODERATE
2026-10-07T01:14:59.943559+00:00,Wi-Fi,Wi-Fi,28.04,0.0,9.24,57.1,33.67,85.0,35809385257,106232613557,29851438,88554133,11079.78,21.98,synthetic_demo,MODERATE
2026-10-07T01:15:04.943559+00:00,Wi-Fi,Wi-Fi,148.32,2.69,21.08,13.71,3.72,69.5,35811712076,106241180136,29853377,88561271,2127.62,91.48,synthetic_demo,POOR
2026-10-07T01:15:09.943559+00:00,Wi-Fi,Wi-Fi,27.69,0.0,3.82,112.55,13.96,75.7,35820439618,106311526729,29860649,88619893,15444.17,20.65,synthetic_demo,GOOD
2026-10-07T01:15:14.943559+00:00,Wi-Fi,Wi-Fi,28.75,0.0,3.71,45.47,20.24,92.7,35833089840,106339945333,29871190,88643575,8021.26,10.69,synthetic_demo,GOOD
2026-10-07T01:15:19.943559+00:00,Wi-Fi,Wi-Fi,162.31,9.87,34.91,4.49,0.01,38.8,35833096090,106342750744,29871195,88645912,549.15,51.27,synthetic_demo,POOR
2026-10-07T01:15:24.943559+00:00,Wi-Fi,Wi-Fi,30.6,0.0,2.87,69.6,30.26,81.0,35852009184,106386248047,29886955,88682159,12189.53,28.16,synthetic_demo,GOOD
2026-10-07T01:15:29.943559+00:00,Wi-Fi,Wi-Fi,18.93,0.0,2.22,102.86,34.19,80.1,35873378991,106450535086,29904763,88735731,16729.85,44.17,synthetic_demo,GOOD
2026-10-07T01:15:34.943559+00:00,Wi-Fi,Wi-Fi,118.94,6.89,28.19,6.08,2.23,28.9,35874775817,106454333282,29905927,88738896,1014.65,82.66,synthetic_demo,POOR
2026-10-07T01:15:39.943559+00:00,Wi-Fi,Wi-Fi,119.39,2.94,25.99,15.02,5.48,78.3,35878200053,106463720851,29908780,88746718,2502.31,92.48,synthetic_demo,POOR
2026-10-07T01:15:44.943559+00:00,Ethernet0,Ethernet,8.47,0.0,2.76,148.02,54.83,,35912471894,106556231844,29937339,88823810,24762.27,11.74,synthetic_demo,GOOD
2026-10-07T01:15:49.943559+00:00,Ethernet0,Ethernet,13.34,0.0,1.21,155.2,39.14,,35936931580,106653234391,29957722,88904645,23723.09,22.1,synthetic_demo,GOOD
2026-10-07T01:15:54.943559+00:00,Ethernet0,Ethernet,14.37,0.0,2.73,182.48,46.89,,35966236172,106767286782,29982142,88999688,27999.41,14.05,synthetic_demo,GOOD
2026-10-07T01:15:59.943559+00:00,Wi-Fi,Wi-Fi,63.07,1.58,12.26,25.74,8.66,36.5,35971645794,106783374882,29986650,89013094,4198.77,50.06,synthetic_demo,MODERATE
2026-10-07T01:16:04.943559+00:00,Wi-Fi,Wi-Fi,15.92,0.0,3.74,85.44,24.42,87.1,35986905842,106836774518,29999366,89057593,13410.09,35.68,synthetic_demo,GOOD
2026-10-07T01:16:09.943559+00:00,Ethernet0,Ethernet,13.09,0.05,2.68,143.18,59.71,,36024226439,106926263281,30030466,89132166,24767.45,16.25,synthetic_demo,GOOD
2026-10-07T01:16:14.943559+00:00,Ethernet0,Ethernet,206.91,26.59,49.69,1.03,0.1,,36024288685,106926906798,30030517,89132702,137.84,84.36,synthetic_demo,POOR
2026-10-07T01:16:19.943559+00:00,Wi-Fi,Wi-Fi,76.96,0.72,23.54,28.53,4.99,36.2,36027410154,106944738361,30033118,89147561,4092.39,42.09,synthetic_demo,MODERATE
2026-10-07T01:16:24.943559+00:00,Ethernet0,Ethernet,9.05,0.0,1.31,139.98,60.07,,36064953176,107032225970,30064403,89220467,24420.05,16.25,synthetic_demo,GOOD
2026-10-07T01:16:29.943559+00:00,Wi-Fi,Wi-Fi,54.09,0.9,18.42,10.44,4.79,48.7,36067944017,107038750940,30066895,89225904,1858.56,68.9,synthetic_demo,MODERATE
2026-10-07T01:16:34.943559+00:00,Ethernet0,Ethernet,92.22,2.81,19.86,7.25,2.23,,36069336863,107043282424,30068055,89229680,1157.1,87.89,synthetic_demo,MODERATE
2026-10-07T01:16:39.943559+00:00,Ethernet0,Ethernet,7.4,0.0,1.07,146.55,56.84,,36104863140,107134873957,30097660,89306006,24827.7,6.3,synthetic_demo,GOOD
2026-10-07T01:16:44.943559+00:00,Wi-Fi,Wi-Fi,19.81,0.0,1.18,90.38,29.09,88.5,36123044021,107191362143,30112810,89353079,14583.8,21.29,synthetic_demo,GOOD
2026-10-07T01:16:49.943559+00:00,Wi-Fi,Wi-Fi,155.1,6.83,29.69,6.2,1.36,44.5,36123893017,107195238893,30113517,89356309,923.0,78.67,synthetic_demo,POOR
2026-10-07T01:16:54.943559+00:00,Wi-Fi,Wi-Fi,34.86,0.0,3.82,54.51,24.68,91.1,36139321134,107229307568,30126373,89384699,9667.34,29.16,synthetic_demo,GOOD
2026-10-07T01:16:59.943559+00:00,Wi-Fi,Wi-Fi,76.52,2.4,13.79,15.62,4.13,46.7,36141904091,107239072062,30128525,89392836,2411.61,44.86,synthetic_demo,MODERATE
2026-10-07T01:17:04.943559+00:00,Wi-Fi,Wi-Fi,36.52,0.0,1.02,83.09,21.88,93.9,36155579359,107291001069,30139921,89436110,12813.33,15.7,synthetic_demo,GOOD
2026-10-07T01:17:09.943559+00:00,Ethernet0,Ethernet,9.94,0.0,1.69,160.48,30.46,,36174615919,107391303601,30155784,89519695,23308.42,18.33,synthetic_demo,GOOD
2026-10-07T01:17:14.943559+00:00,Ethernet0,Ethernet,14.49,0.0,0.12,153.65,45.54,,36203079173,107487337515,30179503,89599723,24315.85,29.92,synthetic_demo,GOOD
2026-10-07T01:17:19.943559+00:00,Wi-Fi,Wi-Fi,23.16,0.0,2.25,73.74,24.85,94.0,36218609758,107533425850,30192445,89638129,12034.95,27.2,synthetic_demo,GOOD
2026-10-07T01:17:24.943559+00:00,Ethernet0,Ethernet,9.23,0.0,0.38,185.52,57.45,,36254514372,107649373936,30222365,89734752,29658.73,15.82,synthetic_demo,GOOD
2026-10-07T01:17:29.943559+00:00,Ethernet0,Ethernet,14.58,0.0,0.1,153.4,43.99,,36282006755,107745246283,30245275,89814645,24094.67,20.44,synthetic_demo,GOOD
2026-10-07T01:17:34.943559+00:00,Wi-Fi,Wi-Fi,178.62,8.28,29.52,2.72,1.63,41.4,36283023477,107746943898,30246122,89816059,530.14,70.17,synthetic_demo,POOR
2026-10-07T01:17:39.943559+00:00,Wi-Fi,Wi-Fi,192.89,51.51,83.09,2.31,0.62,24.6,36283411253,107748384769,30246445,89817259,357.16,71.7,synthetic_demo,POOR
2026-10-07T01:17:44.943559+00:00,Ethernet0,Ethernet,109.38,2.66,33.48,13.17,3.07,,36285331270,107756618684,30248045,89824120,1983.19,96.52,synthetic_demo,POOR
2026-10-07T01:17:49.943559+00:00,Wi-Fi,Wi-Fi,148.87,10.75,41.81,4.42,2.26,40.2,36286741522,107759380111,30249220,89826421,814.78,56.28,synthetic_demo,POOR
2026-10-07T01:17:54.943559+00:00,Ethernet0,Ethernet,10.6,0.0,0.58,122.04,44.72,,36314691121,107835655082,30272511,89889983,20356.36,5.59,synthetic_demo,GOOD
2026-10-07T01:17:59.943559+00:00,Wi-Fi,Wi-Fi,197.64,49.59,58.63,1.1,0.74,15.8,36315156061,107836342268,30272898,89890555,225.02,71.67,synthetic_demo,POOR
2026-10-07T01:18:04.943559+00:00,Ethernet0,Ethernet,12.68,0.0,1.57,159.49,62.33,,36354111744,107936024565,30305361,89973623,27077.73,9.71,synthetic_demo,GOOD
2026-10-07T01:18:09.943559+00:00,Ethernet0,Ethernet,298.94,49.83,62.31,0.81,0.12,,36354187259,107936533861,30305423,89974047,114.22,75.3,synthetic_demo,POOR
2026-10-07T01:18:14.943559+00:00,Wi-Fi,Wi-Fi,227.39,55.81,31.02,2.19,0.73,10.5,36354645177,107937904389,30305804,89975189,357.12,80.24,synthetic_demo,POOR
2026-10-07T01:18:19.943559+00:00,Ethernet0,Ethernet,118.06,3.56,19.68,17.4,2.57,,36356248489,107948778071,30307140,89984250,2436.91,87.07,synthetic_demo,MODERATE
2026-10-07T01:18:24.943559+00:00,Ethernet0,Ethernet,291.07,43.85,70.18,1.25,0.69,,36356680465,107949556617,30307499,89984898,236.43,93.21,synthetic_demo,POOR
2026-10-07T01:18:29.943559+00:00,Wi-Fi,Wi-Fi,88.01,2.22,19.92,20.92,7.03,47.3,36361073039,107962632220,30311159,89995794,3411.75,55.36,synthetic_demo,MODERATE
2026-10-07T01:18:34.943559+00:00,Wi-Fi,Wi-Fi,22.62,0.0,0.35,35.11,13.62,97.8,36369586486,107984573244,30318253,90014078,5948.14,40.17,synthetic_demo,GOOD
2026-10-07T01:18:39.943559+00:00,Wi-Fi,Wi-Fi,26.63,0.0,24.29,55.9,25.27,87.8,36385379564,108019512803,30331413,90043194,9908.72,17.92,synthetic_demo,MODERATE
2026-10-07T01:18:44.943559+00:00,Wi-Fi,Wi-Fi,86.29,2.86,15.88,12.36,3.9,36.4,36387818045,108027239244,30333445,90049632,1985.34,50.01,synthetic_demo,POOR
2026-10-07T01:18:49.943559+00:00,Ethernet0,Ethernet,12.0,0.0,2.09,131.89,48.26,,36417981710,108109673542,30358581,90118327,21991.79,13.65,synthetic_demo,GOOD
2026-10-07T01:18:54.943559+00:00,Wi-Fi,Wi-Fi,65.43,0.81,8.0,12.24,7.72,44.1,36422806860,108117325014,30362601,90124703,2436.84,66.13,synthetic_demo,MODERATE
2026-10-07T01:18:59.943559+00:00,Wi-Fi,Wi-Fi,255.09,55.27,49.58,0.36,0.34,21.0,36423021982,108117547209,30362780,90124888,85.41,99.64,synthetic_demo,POOR
2026-10-07T01:19:04.943559+00:00,Ethernet0,Ethernet,10.98,0.0,0.72,187.93,61.67,,36461563089,108235004495,30394897,90222769,30468.44,29.68,synthetic_demo,GOOD
2026-10-07T01:19:09.943559+00:00,Ethernet0,Ethernet,165.69,3.09,27.32,10.82,3.46,,36463724919,108241768171,30396698,90228405,1743.26,94.64,synthetic_demo,POOR
2026-10-07T01:19:14.943559+00:00,Wi-Fi,Wi-Fi,125.03,11.85,43.0,4.78,0.61,32.6,36464106169,108244753532,30397015,90230892,657.54,82.56,synthetic_demo,POOR
2026-10-07T01:19:19.943559+00:00,Wi-Fi,Wi-Fi,172.12,38.46,53.1,2.16,0.34,26.2,36464317942,108246102138,30397191,90232015,304.76,97.34,synthetic_demo,POOR
2026-10-07T01:19:24.943559+00:00,Wi-Fi,Wi-Fi,199.5,22.89,67.73,1.54,0.72,17.9,36464768143,108247066321,30397566,90232818,276.25,71.18,synthetic_demo,POOR
2026-10-07T01:19:29.943559+00:00,Wi-Fi,Wi-Fi,79.95,1.32,17.19,15.13,5.99,41.8,36468514173,108256523120,30400687,90240698,2578.68,58.29,synthetic_demo,MODERATE
2026-10-07T01:19:34.943559+00:00,Ethernet0,Ethernet,272.11,28.45,44.84,1.49,0.31,,36468706639,108257456235,30400847,90241475,219.84,82.76,synthetic_demo,POOR
2026-10-07T01:19:39.943559+00:00,Wi-Fi,Wi-Fi,78.07,1.05,35.32,11.88,3.29,64.6,36470763322,108264883912,30402560,90247664,1852.41,93.19,synthetic_demo,POOR
2026-10-07T01:19:44.943559+00:00,Ethernet0,Ethernet,16.35,0.0,1.13,129.32,56.83,,36506280297,108345708099,30432157,90315017,22722.88,32.65,synthetic_demo,GOOD
2026-10-07T01:19:49.943559+00:00,Wi-Fi,Wi-Fi,28.88,0.0,5.27,71.79,29.05,82.2,36524437592,108390574155,30447288,90352405,12309.25,43.32,synthetic_demo,GOOD
2026-10-07T01:19:54.943559+00:00,Ethernet0,Ethernet,147.71,1.85,18.4,12.7,2.06,,36525724982,108398513539,30448360,90359021,1802.1,92.93,synthetic_demo,POOR
2026-10-07T01:19:59.943559+00:00,Ethernet0,Ethernet,11.58,0.0,0.56,175.7,36.21,,36548356740,108508323585,30467219,90450529,25867.54,16.56,synthetic_demo,GOOD
2026-10-07T01:20:04.943559+00:00,Wi-Fi,Wi-Fi,82.13,3.07,18.07,14.63,6.61,40.2,36552486169,108517467744,30470660,90458149,2592.5,62.9,synthetic_demo,MODERATE
2026-10-07T01:20:09.943559+00:00,Ethernet0,Ethernet,95.55,1.97,4.78,9.44,3.79,,36554852968,108523365222,30472632,90463063,1614.12,87.57,synthetic_demo,MODERATE
2026-10-07T01:20:14.943559+00:00,Ethernet0,Ethernet,12.88,0.0,1.66,159.37,52.18,,36587465206,108622969086,30499808,90546066,25823.46,31.45,synthetic_demo,GOOD
2026-10-07T01:20:19.943559+00:00,Wi-Fi,Wi-Fi,67.41,2.74,6.05,16.54,7.24,43.9,36591992787,108633307157,30503580,90554681,2903.45,71.48,synthetic_demo,MODERATE
2026-10-07T01:20:24.943559+00:00,Wi-Fi,Wi-Fi,137.52,3.25,21.69,8.89,2.29,68.8,36593424682,108638862134,30504773,90559310,1364.62,97.78,synthetic_demo,MODERATE
2026-10-07T01:20:29.943559+00:00,Wi-Fi,Wi-Fi,23.58,0.0,1.48,74.86,31.49,86.1,36613106537,108685652231,30521174,90598301,12982.8,43.05,synthetic_demo,GOOD
2026-10-07T01:20:34.943559+00:00,Ethernet0,Ethernet,16.05,0.14,0.79,169.52,61.91,,36651799400,108791602363,30553418,90686592,28250.58,5.31,synthetic_demo,GOOD
2026-10-07T01:20:39.943559+00:00,Ethernet0,Ethernet,9.82,0.0,1.96,137.97,48.45,,36682078318,108877833469,30578650,90758451,22755.86,12.41,synthetic_demo,GOOD
2026-10-07T01:20:44.943559+00:00,Wi-Fi,Wi-Fi,16.99,0.0,3.83,90.04,16.78,94.0,36692565675,108934108205,30587389,90805346,13039.47,13.3,synthetic_demo,GOOD
2026-10-07T01:20:49.943559+00:00,Ethernet0,Ethernet,201.35,39.55,49.57,0.64,0.83,,36693084608,108934510098,30587821,90805680,179.85,71.29,synthetic_demo,POOR
2026-10-07T01:20:54.943559+00:00,Ethernet0,Ethernet,12.12,0.0,1.96,131.33,56.92,,36728658619,109016592332,30617466,90874081,22979.74,33.59,synthetic_demo,GOOD
2026-10-07T01:20:59.943559+00:00,Wi-Fi,Wi-Fi,65.25,2.0,15.76,27.61,5.59,36.7,36732153884,109033849459,30620378,90888461,4053.2,74.61,synthetic_demo,MODERATE
2026-10-07T01:21:04.943559+00:00,Ethernet0,Ethernet,10.74,0.0,1.52,168.49,36.99,,36755274435,109139153170,30639645,90976214,25082.86,11.31,synthetic_demo,GOOD
2026-10-07T01:21:09.943559+00:00,Wi-Fi,Wi-Fi,23.48,0.0,5.51,78.34,22.63,79.8,36769415983,109188117871,30651429,91017017,12325.44,40.08,synthetic_demo,GOOD
2026-10-07T01:21:14.943559+00:00,Wi-Fi,Wi-Fi,141.87,5.41,33.53,2.4,1.1,36.5,36770105498,109189618581,30652003,91018267,427.78,63.04,synthetic_demo,POOR
2026-10-07T01:21:19.943559+00:00,Wi-Fi,Wi-Fi,88.14,2.5,32.19,9.19,4.38,70.9,36772840409,109195365260,30654282,91023055,1656.56,90.68,synthetic_demo,POOR
2026-10-07T01:21:24.943559+00:00,Ethernet0,Ethernet,9.94,0.0,0.1,141.03,58.98,,36809704764,109283509129,30685002,91096508,24415.67,25.43,synthetic_demo,GOOD
2026-10-07T01:21:29.943559+00:00,Wi-Fi,Wi-Fi,25.46,0.0,0.94,84.4,25.95,90.3,36825924023,109336260782,30698518,91140467,13470.88,24.92,synthetic_demo,GOOD
2026-10-07T01:21:34.943559+00:00,Ethernet0,Ethernet,13.13,0.0,1.88,164.36,34.37,,36847403351,109438985646,30716417,91226071,24258.63,17.91,synthetic_demo,GOOD
2026-10-07T01:21:39.943559+00:00,Wi-Fi,Wi-Fi,25.14,0.0,1.26,59.09,25.7,84.4,36863466985,109475914856,30729803,91256845,10350.16,16.38,synthetic_demo,GOOD
2026-10-07T01:21:44.943559+00:00,Ethernet0,Ethernet,109.81,1.66,21.62,10.49,2.07,,36864759381,109482468849,30730879,91262306,1532.5,95.98,synthetic_demo,MODERATE
2026-10-07T01:21:49.943559+00:00,Ethernet0,Ethernet,11.25,0.0,3.7,142.14,50.73,,36896464641,109571307516,30757300,91336338,23543.74,33.89,synthetic_demo,GOOD
2026-10-07T01:21:54.943559+00:00,Wi-Fi,Wi-Fi,22.58,0.0,3.91,47.09,19.47,77.4,36908630525,109600741158,30767438,91360866,8124.91,35.39,synthetic_demo,GOOD
2026-10-07T01:21:59.943559+00:00,Wi-Fi,Wi-Fi,24.78,0.0,0.44,96.25,24.99,81.4,36924247155,109660896223,30780451,91410995,14799.16,19.68,synthetic_demo,GOOD
2026-10-07T01:22:04.943559+00:00,Wi-Fi,Wi-Fi,126.22,9.13,34.38,5.47,1.57,27.8,36925228659,109664315176,30781268,91413844,859.46,83.22,synthetic_demo,POOR
2026-10-07T01:22:09.943559+00:00,Ethernet0,Ethernet,276.7,52.87,37.81,0.66,0.23,,36925371344,109664728196,30781386,91414188,108.54,70.34,synthetic_demo,POOR
2026-10-07T01:22:14.943559+00:00,Ethernet0,Ethernet,14.19,0.0,0.21,146.14,45.89,,36954051301,109756066753,30805285,91490303,23441.12,28.42,synthetic_demo,GOOD
2026-10-07T01:22:19.943559+00:00,Ethernet0,Ethernet,70.34,2.44,16.07,12.77,4.37,,36956780486,109764048546,30807559,91496954,2091.99,86.24,synthetic_demo,MODERATE
2026-10-07T01:22:24.943559+00:00,Wi-Fi,Wi-Fi,24.94,0.0,1.05,110.26,31.35,88.3,36976376774,109832957975,30823889,91554378,17286.27,39.83,synthetic_demo,GOOD
2026-10-07T01:22:29.943559+00:00,Wi-Fi,Wi-Fi,26.8,0.32,0.9,38.64,22.09,75.2,36990185246,109857110343,30835396,91574504,7414.23,15.42,synthetic_demo,GOOD
2026-10-07T01:22:34.943559+00:00,Ethernet0,Ethernet,133.55,1.9,21.71,11.93,1.76,,36991287131,109864567227,30836314,91580718,1671.63,92.27,synthetic_demo,MODERATE
2026-10-07T01:22:39.943559+00:00,Wi-Fi,Wi-Fi,137.09,5.56,51.4,1.83,1.85,31.1,36992445315,109865711814,30837279,91581671,449.76,58.41,synthetic_demo,POOR
2026-10-07T01:22:44.943559+00:00,Ethernet0,Ethernet,208.23,41.48,39.3,0.79,0.25,,36992601061,109866202877,30837408,91582080,126.33,86.22,synthetic_demo,POOR
2026-10-07T01:22:49.943559+00:00,Wi-Fi,Wi-Fi,83.02,1.88,20.49,14.09,6.57,42.4,36996707110,109875009058,30840829,91589418,2521.92,70.28,synthetic_demo,MODERATE
2026-10-07T01:22:54.943559+00:00,Wi-Fi,Wi-Fi,23.0,0.15,1.23,82.3,19.19,87.3,37008701961,109926446270,30850824,91632282,12389.07,15.4,synthetic_demo,GOOD
2026-10-07T01:22:59.943559+00:00,Wi-Fi,Wi-Fi,109.25,1.35,23.82,9.2,2.71,72.8,37010394151,109932196628,30852234,91637073,1453.62,89.7,synthetic_demo,MODERATE
2026-10-07T01:23:04.943559+00:00,Wi-Fi,Wi-Fi,18.76,0.0,0.22,72.48,24.25,92.4,37025551415,109977494357,30864865,91674821,11807.62,22.23,synthetic_demo,GOOD
2026-10-07T01:23:09.943559+00:00,Wi-Fi,Wi-Fi,78.87,1.92,20.11,11.48,5.03,39.8,37028698076,109984670357,30867487,91680801,2016.14,63.85,synthetic_demo,MODERATE
2026-10-07T01:23:14.943559+00:00,Wi-Fi,Wi-Fi,28.89,0.0,3.06,78.48,21.08,86.8,37041872272,110033723263,30878465,91721678,12153.73,13.99,synthetic_demo,GOOD
2026-10-07T01:23:19.943559+00:00,Ethernet0,Ethernet,66.2,1.99,20.07,8.4,3.97,,37044355977,110038976117,30880534,91726055,1511.05,98.41,synthetic_demo,MODERATE
2026-10-07T01:23:24.943559+00:00,Ethernet0,Ethernet,10.22,0.0,0.58,155.95,34.42,,37065866249,110136443023,30898459,91807277,23237.73,27.0,synthetic_demo,GOOD
2026-10-07T01:23:29.943559+00:00,Ethernet0,Ethernet,13.69,0.0,1.2,134.03,41.6,,37091868266,110220214745,30920127,91877086,21440.18,16.49,synthetic_demo,GOOD
2026-10-07T01:23:34.943559+00:00,Wi-Fi,Wi-Fi,120.51,9.63,22.95,4.52,2.98,29.7,37093728102,110223038957,30921676,91879439,914.85,79.14,synthetic_demo,POOR
2026-10-07T01:23:39.943559+00:00,Ethernet0,Ethernet,11.47,0.14,2.3,168.32,50.51,,37125299301,110328237120,30947985,91967104,26712.77,22.65,synthetic_demo,GOOD
2026-10-07T01:23:44.943559+00:00,Wi-Fi,Wi-Fi,69.79,1.64,12.76,27.33,6.39,40.0,37129294437,110345317770,30951314,91981337,4116.36,61.23,synthetic_demo,MODERATE
2026-10-07T01:23:49.943559+00:00,Ethernet0,Ethernet,17.06,0.0,5.47,137.71,48.31,,37159487343,110431387576,30976474,92053061,22707.56,34.64,synthetic_demo,GOOD
2026-10-07T01:23:54.943559+00:00,Ethernet0,Ethernet,13.33,0.0,0.63,152.95,51.12,,37191439354,110526982167,31003100,92132723,24911.45,31.41,synthetic_demo,GOOD
2026-10-07T01:23:59.943559+00:00,Ethernet0,Ethernet,11.69,0.0,0.31,154.75,39.96,,37216413670,110623699816,31023911,92213321,23767.96,20.19,synthetic_demo,GOOD
2026-10-07T01:24:04.943559+00:00,Ethernet0,Ethernet,9.27,0.0,0.1,171.84,36.88,,37239462644,110731098266,31043118,92302819,25478.01,32.59,synthetic_demo,GOOD
2026-10-07T01:24:09.943559+00:00,Wi-Fi,Wi-Fi,200.82,9.31,17.01,4.07,2.41,38.1,37240970441,110733644012,31044374,92304940,791.71,68.65,synthetic_demo,POOR
2026-10-07T01:24:14.943559+00:00,Wi-Fi,Wi-Fi,24.2,0.0,5.38,65.23,21.17,79.4,37254203734,110774412504,31055401,92338913,10547.22,15.54,synthetic_demo,GOOD
2026-10-07T01:24:19.943559+00:00,Ethernet0,Ethernet,323.14,57.94,73.46,0.65,0.06,,37254238497,110774820866,31055429,92339253,86.55,87.97,synthetic_demo,POOR
2026-10-07T01:24:24.943559+00:00,Wi-Fi,Wi-Fi,9.09,0.69,20.78,7.29,5.23,40.5,37257509855,110779376081,31058155,92343049,1528.63,47.78,synthetic_demo,MODERATE
2026-10-07T01:24:29.943559+00:00,Wi-Fi,Wi-Fi,19.07,0.0,11.55,54.72,25.61,97.6,37273517071,110813574943,31071494,92371548,9805.87,44.69,synthetic_demo,MODERATE
2026-10-07T01:24:34.943559+00:00,Wi-Fi,Wi-Fi,89.21,1.57,17.78,17.6,3.39,48.8,37275633721,110824576056,31073257,92380715,2562.06,47.2,synthetic_demo,MODERATE
2026-10-07T01:24:39.943559+00:00,Wi-Fi,Wi-Fi,84.89,1.52,11.3,13.26,4.98,36.7,37278746491,110832864420,31075850,92387621,2226.78,59.46,synthetic_demo,MODERATE
2026-10-07T01:24:44.943559+00:00,Ethernet0,Ethernet,102.46,1.41,21.02,8.37,1.37,,37279600972,110838097356,31076562,92391981,1188.95,89.24,synthetic_demo,MODERATE
2026-10-07T01:24:49.943559+00:00,Wi-Fi,Wi-Fi,27.7,0.0,1.13,85.32,22.04,94.2,37293377073,110891420191,31088042,92436416,13105.26,13.9,synthetic_demo,GOOD
2026-10-07T01:24:54.943559+00:00,Wi-Fi,Wi-Fi,23.33,0.0,0.49,49.16,28.21,94.0,37311009574,110922146239,31102735,92462021,9445.03,22.72,synthetic_demo,GOOD
2026-10-07T01:24:59.943559+00:00,Wi-Fi,Wi-Fi,76.38,7.11,53.54,4.57,1.2,36.7,37311762043,110925002113,31103362,92464400,704.75,63.63,synthetic_demo,POOR
2026-10-07T01:25:04.943559+00:00,Ethernet0,Ethernet,297.82,22.41,47.82,2.23,0.59,,37312133705,110926398735,31103671,92465563,345.37,98.96,synthetic_demo,POOR
2026-10-07T01:25:09.943559+00:00,Wi-Fi,Wi-Fi,79.9,5.27,8.52,2.53,3.24,41.8,37314157388,110927981720,31105357,92466882,704.43,73.46,synthetic_demo,POOR
2026-10-07T01:25:14.943559+00:00,Wi-Fi,Wi-Fi,26.99,0.0,8.93,91.74,23.05,96.2,37328563302,110985320541,31117361,92514664,14012.64,27.2,synthetic_demo,MODERATE
2026-10-07T01:25:19.943559+00:00,Ethernet0,Ethernet,78.01,2.64,19.31,11.23,1.92,,37329764127,110992336578,31118361,92520510,1604.86,97.22,synthetic_demo,MODERATE
2026-10-07T01:25:24.943559+00:00,Wi-Fi,Wi-Fi,16.9,0.0,1.56,90.32,24.11,84.8,37344831819,111048789554,31130917,92567554,13968.88,44.02,synthetic_demo,GOOD
2026-10-07T01:25:29.943559+00:00,Wi-Fi,Wi-Fi,26.26,0.0,0.34,101.4,25.33,91.1,37360660470,111112164964,31144107,92620366,15469.54,36.63,synthetic_demo,GOOD
2026-10-07T01:25:34.943559+00:00,Ethernet0,Ethernet,8.77,0.0,1.57,146.61,43.25,,37387694091,111203793332,31166635,92696722,23176.17,6.95,synthetic_demo,GOOD
2026-10-07T01:25:39.943559+00:00,Wi-Fi,Wi-Fi,78.41,3.4,12.66,13.24,5.03,38.6,37390839986,111212066939,31169256,92703616,2230.37,56.35,synthetic_demo,POOR
2026-10-07T01:25:44.943559+00:00,Ethernet0,Ethernet,15.58,0.0,0.9,145.53,54.35,,37424806101,111303025259,31197561,92779414,24399.3,24.84,synthetic_demo,GOOD
2026-10-07T01:25:49.943559+00:00,Wi-Fi,Wi-Fi,23.75,0.0,0.76,61.53,19.4,77.4,37436934081,111341481043,31207667,92811460,9879.64,28.31,synthetic_demo,GOOD
2026-10-07T01:25:54.943559+00:00,Wi-Fi,Wi-Fi,145.15,9.56,27.87,5.11,1.49,26.8,37437865307,111344672529,31208443,92814119,805.22,77.92,synthetic_demo,POOR
2026-10-07T01:25:59.943559+00:00,Ethernet0,Ethernet,10.85,0.0,0.74,147.2,54.89,,37472169441,111436674045,31237029,92890786,24669.07,10.01,synthetic_demo,GOOD
2026-10-07T01:26:04.943559+00:00,Ethernet0,Ethernet,9.7,0.0,0.52,134.07,70.68,,37516342735,111520466716,31273840,92960613,24993.35,28.32,synthetic_demo,GOOD
2026-10-07T01:26:09.943559+00:00,Ethernet0,Ethernet,12.49,0.0,0.35,152.23,39.91,,37541286421,111615610643,31294626,93039899,23454.61,10.97,synthetic_demo,GOOD
2026-10-07T01:26:14.943559+00:00,Wi-Fi,Wi-Fi,138.86,49.03,59.75,0.85,0.98,25.2,37541898784,111616144430,31295136,93040343,223.86,71.73,synthetic_demo,POOR
2026-10-07T01:26:19.943559+00:00,Wi-Fi,Wi-Fi,131.95,2.59,17.02,0.01,5.03,42.4,37545040794,111616150680,31297754,93040348,614.89,49.5,synthetic_demo,MODERATE
2026-10-07T01:26:24.943559+00:00,Wi-Fi,Wi-Fi,24.28,0.07,5.84,80.31,32.01,93.6,37565043925,111666344884,31314423,93082176,13710.42,38.81,synthetic_demo,GOOD
2026-10-07T01:26:29.943559+00:00,Wi-Fi,Wi-Fi,150.24,8.63,28.84,5.13,0.09,36.2,37565102941,111669550565,31314472,93084847,637.64,67.45,synthetic_demo,POOR
2026-10-07T01:26:34.943559+00:00,Wi-Fi,Wi-Fi,171.97,9.02,23.45,7.85,2.63,44.6,37566744287,111674458805,31315839,93088937,1279.22,79.24,synthetic_demo,POOR
2026-10-07T01:26:39.943559+00:00,Wi-Fi,Wi-Fi,35.23,0.0,2.87,70.95,20.45,91.9,37579526617,111718802124,31326490,93125889,11157.35,31.79,synthetic_demo,GOOD
2026-10-07T01:26:44.943559+00:00,Wi-Fi,Wi-Fi,124.23,1.76,18.46,13.64,5.76,69.3,37583128942,111727325837,31329491,93132992,2368.37,85.57,synthetic_demo,MODERATE
2026-10-07T01:26:49.943559+00:00,Wi-Fi,Wi-Fi,76.91,2.81,39.16,20.59,3.25,67.7,37585158042,111740194669,31331181,93143716,2909.75,96.74,synthetic_demo,POOR
2026-10-07T01:26:54.943559+00:00,Ethernet0,Ethernet,139.04,2.36,18.52,15.01,4.62,,37588043461,111749574704,31333585,93151532,2395.6,96.3,synthetic_demo,MODERATE
2026-10-07T01:26:59.943559+00:00,Ethernet0,Ethernet,9.72,0.0,0.63,157.9,57.87,,37624214555,111848261845,31363727,93233771,26339.5,22.22,synthetic_demo,GOOD
2026-10-07T01:27:04.943559+00:00,Wi-Fi,Wi-Fi,107.81,4.74,45.74,6.58,2.53,29.7,37625794735,111852373315,31365043,93237197,1111.65,52.68,synthetic_demo,POOR
2026-10-07T01:27:09.943559+00:00,Wi-Fi,Wi-Fi,69.05,0.98,13.56,25.04,6.3,44.6,37629732505,111868025611,31368324,93250240,3826.18,68.24,synthetic_demo,MODERATE
2026-10-07T01:27:14.943559+00:00,Wi-Fi,Wi-Fi,32.14,0.0,4.86,78.99,21.1,91.2,37642920919,111917395738,31379314,93291381,12218.47,41.47,synthetic_demo,GOOD
2026-10-07T01:27:19.943559+00:00,Wi-Fi,Wi-Fi,27.57,0.0,1.45,54.6,27.5,83.8,37660105664,111951519541,31393634,93319817,10021.2,39.0,synthetic_demo,GOOD
2026-10-07T01:27:24.943559+00:00,Ethernet0,Ethernet,13.68,0.0,1.47,177.35,42.91,,37686922231,112062362001,31415981,93412185,26886.53,17.82,synthetic_demo,GOOD
2026-10-07T01:27:29.943559+00:00,Ethernet0,Ethernet,12.28,0.0,0.12,174.6,62.25,,37725831112,112171484270,31448405,93503120,28912.33,23.3,synthetic_demo,GOOD
2026-10-07T01:27:34.943559+00:00,Ethernet0,Ethernet,175.82,3.57,17.37,14.69,3.9,,37728268578,112180667447,31450436,93510772,2269.66,93.71,synthetic_demo,POOR
2026-10-07T01:27:39.943559+00:00,Ethernet0,Ethernet,12.14,0.0,0.16,157.52,54.4,,37762268894,112279114723,31478769,93592811,25868.67,20.11,synthetic_demo,GOOD
2026-10-07T01:27:44.943559+00:00,Wi-Fi,Wi-Fi,20.91,0.0,0.68,50.18,21.02,80.0,37775406401,112310475253,31489716,93618944,8691.02,36.72,synthetic_demo,GOOD
2026-10-07T01:27:49.943559+00:00,Wi-Fi,Wi-Fi,78.04,1.41,15.0,20.04,4.91,54.1,37778473249,112322999799,31492271,93629381,3045.19,46.1,synthetic_demo,MODERATE
2026-10-07T01:27:54.943559+00:00,Ethernet0,Ethernet,12.05,0.0,0.76,186.16,39.35,,37803066889,112439348959,31512765,93726338,27527.89,24.86,synthetic_demo,GOOD
2026-10-07T01:27:59.943559+00:00,Wi-Fi,Wi-Fi,313.69,34.95,54.97,0.5,0.35,14.2,37803284111,112439660165,31512946,93726597,103.21,73.77,synthetic_demo,POOR
2026-10-07T01:28:04.943559+00:00,Ethernet0,Ethernet,13.85,0.0,1.39,105.86,44.64,,37831186973,112505819774,31536198,93781730,18371.58,5.67,synthetic_demo,GOOD
2026-10-07T01:28:09.943559+00:00,Wi-Fi,Wi-Fi,28.77,0.0,0.17,78.23,17.88,79.1,37842362034,112554710734,31545510,93822472,11731.64,39.18,synthetic_demo,GOOD
2026-10-07T01:28:14.943559+00:00,Wi-Fi,Wi-Fi,28.6,0.0,0.74,86.71,20.82,90.3,37855371546,112608902898,31556351,93867632,13125.33,14.27,synthetic_demo,GOOD
2026-10-07T01:28:19.943559+00:00,Ethernet0,Ethernet,15.31,0.0,5.37,146.25,39.83,,37880265955,112700307783,31577096,93943802,22714.71,13.72,synthetic_demo,GOOD
2026-10-07T01:28:24.943559+00:00,Ethernet0,Ethernet,11.7,0.0,1.89,177.74,36.11,,37902834524,112811394143,31595903,94036373,26104.48,27.71,synthetic_demo,GOOD
2026-10-07T01:28:29.943559+00:00,Ethernet0,Ethernet,70.82,1.04,19.38,10.14,2.0,,37904084431,112817731860,31596944,94041654,1481.96,94.36,synthetic_demo,MODERATE
2026-10-07T01:28:34.943559+00:00,Ethernet0,Ethernet,192.56,23.64,24.99,1.31,0.64,,37904484255,112818553026,31597277,94042338,238.47,96.81,synthetic_demo,POOR
2026-10-07T01:28:39.943559+00:00,Ethernet0,Ethernet,14.38,0.0,0.14,123.1,66.16,,37945836914,112895487620,31631737,94106450,23102.98,9.89,synthetic_demo,GOOD
2026-10-07T01:28:44.943559+00:00,Wi-Fi,Wi-Fi,56.12,3.79,25.71,6.61,3.34,75.7,37947924020,112899621098,31633476,94109894,1214.96,88.42,synthetic_demo,POOR
2026-10-07T01:28:49.943559+00:00,Wi-Fi,Wi-Fi,24.61,3.23,14.52,12.74,3.81,79.8,37950303157,112907580921,31635458,94116527,2019.33,89.66,synthetic_demo,MODERATE
2026-10-07T01:28:54.943559+00:00,Wi-Fi,Wi-Fi,114.98,6.99,23.72,4.22,2.07,43.3,37951599727,112910217734,31636538,94118724,768.24,53.45,synthetic_demo,POOR
2026-10-07T01:28:59.943559+00:00,Wi-Fi,Wi-Fi,22.14,0.0,5.45,70.15,18.33,95.1,37963056081,112954059896,31646084,94155259,10800.49,38.02,synthetic_demo,GOOD
2026-10-07T01:29:04.943559+00:00,Wi-Fi,Wi-Fi,27.82,0.0,5.64,75.43,36.96,83.6,37986154370,113001204227,31665332,94194545,13719.26,17.83,synthetic_demo,GOOD
2026-10-07T01:29:09.943559+00:00,Wi-Fi,Wi-Fi,29.84,0.0,7.56,77.14,31.87,89.9,38006073296,113049415973,31681931,94234721,13306.77,33.47,synthetic_demo,GOOD
2026-10-07T01:29:14.943559+00:00,Ethernet0,Ethernet,79.77,1.62,21.7,9.57,1.17,,38006802715,113055399517,31682538,94239707,1311.13,95.95,synthetic_demo,MODERATE
2026-10-07T01:29:19.943559+00:00,Wi-Fi,Wi-Fi,99.62,10.09,29.89,8.45,2.95,44.9,38008643502,113060681364,31684071,94244108,1391.14,83.93,synthetic_demo,POOR
2026-10-07T01:29:24.943559+00:00,Ethernet0,Ethernet,12.39,0.0,0.23,159.74,56.74,,38044105654,113160518672,31713622,94327305,26425.68,13.4,synthetic_demo,GOOD
2026-10-07T01:29:29.943559+00:00,Wi-Fi,Wi-Fi,18.0,0.0,1.45,90.97,24.3,88.3,38059293504,113217373695,31726278,94374684,14070.87,22.63,synthetic_demo,GOOD
2026-10-07T01:29:34.943559+00:00,Wi-Fi,Wi-Fi,142.62,9.47,39.75,6.35,1.81,40.3,38060425102,113221344851,31727220,94377993,996.63,62.91,synthetic_demo,POOR
2026-10-07T01:29:39.943559+00:00,Wi-Fi,Wi-Fi,125.54,5.74,53.81,6.14,2.09,25.7,38061731510,113225184114,31728308,94381192,1005.01,59.87,synthetic_demo,POOR
2026-10-07T01:29:44.943559+00:00,Ethernet0,Ethernet,308.97,23.97,62.75,1.23,0.92,,38062306411,113225953682,31728787,94381833,262.59,81.75,synthetic_demo,POOR
2026-10-07T01:29:49.943559+00:00,Wi-Fi,Wi-Fi,138.72,2.85,9.08,15.28,2.37,67.3,38063790586,113235506137,31730023,94389793,2155.59,94.94,synthetic_demo,MODERATE
2026-10-07T01:29:54.943559+00:00,Wi-Fi,Wi-Fi,16.68,0.0,1.74,50.1,18.72,81.5,38075489692,113266821117,31739772,94415888,8401.19,13.0,synthetic_demo,GOOD
2026-10-07T01:29:59.943559+00:00,Wi-Fi,Wi-Fi,57.13,2.14,9.21,14.88,8.73,53.9,38080947693,113276119162,31744320,94423636,2882.04,68.96,synthetic_demo,MODERATE
2026-10-07T01:30:04.943559+00:00,Ethernet0,Ethernet,118.68,2.68,28.53,13.57,3.02,,38082833551,113284602296,31745891,94430705,2025.19,93.4,synthetic_demo,POOR
2026-10-07T01:30:09.943559+00:00,Ethernet0,Ethernet,16.87,0.0,1.11,151.4,65.52,,38123785319,113379225543,31780017,94509557,26479.5,31.3,synthetic_demo,GOOD
2026-10-07T01:30:14.943559+00:00,Wi-Fi,Wi-Fi,60.48,3.02,13.79,20.65,5.69,43.8,38127343516,113392129684,31782982,94520310,3215.3,66.23,synthetic_demo,MODERATE
2026-10-07T01:30:19.943559+00:00,Ethernet0,Ethernet,115.89,2.16,25.69,19.69,5.3,,38130653169,113404435281,31785740,94530564,3049.85,87.86,synthetic_demo,POOR
2026-10-07T01:30:24.943559+00:00,Ethernet0,Ethernet,8.69,0.0,0.1,105.89,60.87,,38168698228,113470618470,31817444,94585716,20357.08,14.09,synthetic_demo,GOOD
2026-10-07T01:30:29.943559+00:00,Ethernet0,Ethernet,119.12,3.33,22.66,11.3,6.72,,38172897812,113477679479,31820943,94591600,2199.33,90.49,synthetic_demo,MODERATE
2026-10-07T01:30:34.943559+00:00,Wi-Fi,Wi-Fi,73.22,3.05,13.52,13.52,1.49,40.4,38173830616,113486130026,31821720,94598642,1832.69,49.59,synthetic_demo,MODERATE
2026-10-07T01:30:39.943559+00:00,Wi-Fi,Wi-Fi,191.13,42.27,87.13,1.41,0.81,25.0,38174336179,113487012856,31822141,94599377,271.17,93.14,synthetic_demo,POOR
2026-10-07T01:30:44.943559+00:00,Ethernet0,Ethernet,6.45,0.0,0.1,149.77,47.38,,38203947253,113580618447,31846816,94677381,24065.75,23.42,synthetic_demo,GOOD
2026-10-07T01:30:49.943559+00:00,Wi-Fi,Wi-Fi,19.34,0.29,2.45,34.9,22.33,86.9,38217902035,113602434037,31858444,94695560,6986.4,15.66,synthetic_demo,GOOD
2026-10-07T01:30:54.943559+00:00,Wi-Fi,Wi-Fi,68.49,2.63,11.97,14.55,11.1,46.4,38224840710,113611530358,31864226,94703140,3131.84,59.57,synthetic_demo,MODERATE
2026-10-07T01:30:59.943559+00:00,Wi-Fi,Wi-Fi,21.96,0.0,2.75,70.63,23.29,92.4,38239397010,113655676233,31876356,94739928,11465.27,30.46,synthetic_demo,GOOD
2026-10-07T01:31:04.943559+00:00,Wi-Fi,Wi-Fi,166.35,3.49,16.54,10.32,4.37,77.6,38242127329,113662129036,31878631,94745305,1793.58,94.8,synthetic_demo,POOR
2026-10-07T01:31:09.943559+00:00,Ethernet0,Ethernet,96.23,1.98,36.29,16.18,4.98,,38245238580,113672240529,31881223,94753731,2582.57,96.44,synthetic_demo,POOR
2026-10-07T01:31:14.943559+00:00,Ethernet0,Ethernet,15.24,0.02,0.11,183.62,65.18,,38285975544,113787000781,31915170,94849364,30370.55,32.18,synthetic_demo,GOOD
2026-10-07T01:31:19.943559+00:00,Wi-Fi,Wi-Fi,59.89,1.13,14.72,16.21,5.89,39.7,38289657488,113797133054,31918238,94857807,2698.09,60.57,synthetic_demo,MODERATE
2026-10-07T01:31:24.943559+00:00,Wi-Fi,Wi-Fi,82.37,2.5,11.54,22.42,4.83,37.6,38292673173,113811148013,31920751,94869486,3326.3,72.4,synthetic_demo,POOR
2026-10-07T01:31:29.943559+00:00,Wi-Fi,Wi-Fi,19.71,0.0,3.48,66.84,35.63,83.4,38314943303,113852923577,31939309,94904298,12508.92,10.98,synthetic_demo,GOOD
2026-10-07T01:31:34.943559+00:00,Ethernet0,Ethernet,233.99,51.87,53.62,1.62,0.23,,38315087718,113853938605,31939429,94905143,226.45,87.34,synthetic_demo,POOR
2026-10-07T01:31:39.943559+00:00,Wi-Fi,Wi-Fi,107.92,8.5,27.66,4.94,1.23,29.9,38315855699,113857027375,31940068,94907716,753.27,75.83,synthetic_demo,POOR
2026-10-07T01:31:44.943559+00:00,Ethernet0,Ethernet,143.77,1.77,24.68,15.03,2.68,,38317528103,113866423346,31941461,94915545,2161.79,95.17,synthetic_demo,POOR
2026-10-07T01:31:49.943559+00:00,Wi-Fi,Wi-Fi,53.67,2.31,25.74,20.3,5.42,65.0,38320912756,113879112811,31944281,94926119,3139.48,90.74,synthetic_demo,POOR
2026-10-07T01:31:54.943559+00:00,Wi-Fi,Wi-Fi,36.06,0.0,4.54,61.6,34.36,97.4,38342388758,113917615398,31962177,94958204,11714.57,13.77,synthetic_demo,GOOD
2026-10-07T01:31:59.943559+00:00,Wi-Fi,Wi-Fi,181.2,43.14,44.69,0.19,0.22,15.9,38342525361,113917737224,31962290,94958305,50.47,90.5,synthetic_demo,POOR
2026-10-07T01:32:04.943559+00:00,Ethernet0,Ethernet,93.82,2.58,25.54,11.22,6.06,,38346313099,113924750895,31965446,94964149,2109.65,87.1,synthetic_demo,POOR
2026-10-07T01:32:09.943559+00:00,Wi-Fi,Wi-Fi,96.65,2.37,13.19,14.12,3.73,74.1,38348641827,113933577482,31967386,94971504,2178.77,96.8,synthetic_demo,MODERATE
2026-10-07T01:32:14.943559+00:00,Wi-Fi,Wi-Fi,160.75,8.23,43.9,3.48,1.68,33.9,38349693632,113935749667,31968262,94973314,629.69,75.74,synthetic_demo,POOR
2026-10-07T01:32:19.943559+00:00,Wi-Fi,Wi-Fi,24.45,0.0,5.72,81.06,20.58,81.5,38362556931,113986413898,31978981,95015534,12407.72,41.47,synthetic_demo,GOOD
2026-10-07T01:32:24.943559+00:00,Wi-Fi,Wi-Fi,120.65,5.7,27.84,0.01,2.72,28.2,38364254105,113986420148,31980395,95015539,332.7,55.49,synthetic_demo,POOR
2026-10-07T01:32:29.943559+00:00,Ethernet0,Ethernet,11.69,0.0,1.07,148.96,36.38,,38386993876,114079519353,31999344,95093121,22624.8,28.5,synthetic_demo,GOOD
2026-10-07T01:32:34.943559+00:00,Wi-Fi,Wi-Fi,26.1,0.0,6.05,77.96,37.34,92.5,38410333203,114128242829,32018793,95133723,14074.77,24.89,synthetic_demo,GOOD
2026-10-07T01:32:39.943559+00:00,Wi-Fi,Wi-Fi,26.16,0.14,2.93,69.12,23.29,81.7,38424886437,114171443263,32030920,95169723,11280.01,11.12,synthetic_demo,GOOD
2026-10-07T01:32:44.943559+00:00,Ethernet0,Ethernet,211.71,46.46,49.55,2.12,0.07,,38424929488,114172770155,32030955,95170828,267.57,77.01,synthetic_demo,POOR
2026-10-07T01:32:49.943559+00:00,Wi-Fi,Wi-Fi,129.94,11.54,37.61,3.33,1.29,29.3,38425733913,114174851040,32031625,95172562,563.54,52.98,synthetic_demo,POOR
2026-10-07T01:32:54.943559+00:00,Ethernet0,Ethernet,114.54,2.85,23.08,10.05,4.82,,38428744326,114181134119,32034133,95177797,1815.14,90.43,synthetic_demo,MODERATE
2026-10-07T01:32:59.943559+00:00,Ethernet0,Ethernet,120.67,3.35,27.81,19.22,3.68,,38431041469,114193146525,32036047,95187807,2794.83,98.72,synthetic_demo,POOR
2026-10-07T01:33:04.943559+00:00,Wi-Fi,Wi-Fi,118.98,3.13,16.72,8.45,2.46,45.5,38432581511,114198429921,32037330,95192209,1332.7,40.67,synthetic_demo,MODERATE
2026-10-07T01:33:09.943559+00:00,Wi-Fi,Wi-Fi,259.84,18.95,52.1,1.2,0.95,28.0,38433175320,114199181401,32037824,95192835,262.75,91.04,synthetic_demo,POOR
2026-10-07T01:33:14.943559+00:00,Wi-Fi,Wi-Fi,16.99,0.0,0.28,84.79,21.69,90.4,38446734407,114252174355,32049123,95236995,12998.45,22.52,synthetic_demo,GOOD
2026-10-07T01:33:19.943559+00:00,Wi-Fi,Wi-Fi,30.37,0.0,2.43,66.21,28.06,84.2,38464273306,114293555104,32063738,95271478,11507.74,14.55,synthetic_demo,GOOD
2026-10-07T01:33:24.943559+00:00,Ethernet0,Ethernet,12.44,0.0,0.1,135.74,50.82,,38496035700,114378394841,32090206,95342177,22773.85,9.04,synthetic_demo,GOOD
2026-10-07T01:33:29.943559+00:00,Wi-Fi,Wi-Fi,138.46,1.34,36.3,10.61,2.56,75.8,38497634345,114385025871,32091538,95347702,1607.36,90.67,synthetic_demo,POOR
2026-10-07T01:33:34.943559+00:00,Wi-Fi,Wi-Fi,121.46,3.24,15.72,10.3,3.56,67.4,38499857158,114391461446,32093390,95353064,1691.09,94.89,synthetic_demo,MODERATE
2026-10-07T01:33:39.943559+00:00,Wi-Fi,Wi-Fi,26.92,0.0,4.83,67.38,19.57,77.9,38512086183,114433575919,32103580,95388159,10613.96,28.94,synthetic_demo,GOOD
2026-10-07T01:33:44.943559+00:00,Ethernet0,Ethernet,14.56,0.01,0.85,127.52,49.08,,38542760995,114513277384,32129142,95454576,21557.87,25.27,synthetic_demo,GOOD
2026-10-07T01:33:49.943559+00:00,Wi-Fi,Wi-Fi,127.47,5.51,29.02,5.6,0.54,26.8,38543098081,114516775608,32129422,95457491,749.08,64.39,synthetic_demo,POOR
2026-10-07T01:33:54.943559+00:00,Ethernet0,Ethernet,11.69,0.0,1.16,140.36,53.1,,38576285296,114604498128,32157078,95530593,23615.18,28.73,synthetic_demo,GOOD
2026-10-07T01:33:59.943559+00:00,Wi-Fi,Wi-Fi,172.96,3.68,12.44,7.31,4.38,72.9,38579023162,114609069957,32159359,95534402,1427.67,90.54,synthetic_demo,POOR
2026-10-07T01:34:04.943559+00:00,Wi-Fi,Wi-Fi,240.19,21.75,33.76,1.89,0.61,11.6,38579407043,114610248521,32159678,95535384,305.17,96.69,synthetic_demo,POOR
2026-10-07T01:34:09.943559+00:00,Wi-Fi,Wi-Fi,17.29,0.25,1.4,89.63,20.33,91.1,38592111916,114666268579,32170265,95582067,13422.84,40.41,synthetic_demo,GOOD
2026-10-07T01:34:14.943559+00:00,Ethernet0,Ethernet,13.81,0.0,0.41,148.72,30.96,,38611462612,114759217625,32186390,95659524,21933.54,28.64,synthetic_demo,GOOD
2026-10-07T01:34:19.943559+00:00,Wi-Fi,Wi-Fi,103.22,2.59,21.77,13.35,3.28,66.4,38613515508,114767558471,32188100,95666474,2030.03,94.44,synthetic_demo,MODERATE
2026-10-07T01:34:24.943559+00:00,Wi-Fi,Wi-Fi,178.29,6.5,47.5,7.94,1.58,25.3,38614506088,114772521577,32188925,95670609,1162.83,56.35,synthetic_demo,POOR
2026-10-07T01:34:29.943559+00:00,Wi-Fi,Wi-Fi,98.85,1.58,17.07,22.43,9.96,36.3,38620731333,114786537602,32194112,95682289,3953.37,61.76,synthetic_demo,MODERATE
2026-10-07T01:34:34.943559+00:00,Ethernet0,Ethernet,192.58,15.44,81.65,1.57,0.17,,38620835274,114787521643,32194198,95683109,212.5,81.36,synthetic_demo,POOR
2026-10-07T01:34:39.943559+00:00,Ethernet0,Ethernet,10.06,0.0,0.67,123.36,34.45,,38642369002,114864618636,32212142,95747356,19263.81,24.06,synthetic_demo,GOOD
2026-10-07T01:34:44.943559+00:00,Wi-Fi,Wi-Fi,81.27,3.06,15.22,8.75,7.69,42.3,38647176563,114870090426,32216148,95751915,2007.69,62.48,synthetic_demo,MODERATE
2026-10-07T01:34:49.943559+00:00,Wi-Fi,Wi-Fi,168.4,2.04,19.21,12.11,7.25,79.0,38651706327,114877658121,32219922,95758221,2362.78,86.59,synthetic_demo,POOR
2026-10-07T01:34:54.943559+00:00,Wi-Fi,Wi-Fi,138.76,11.93,15.73,9.79,2.45,42.6,38653237280,114883775544,32221197,95763318,1493.82,68.22,synthetic_demo,POOR
2026-10-07T01:34:59.943559+00:00,Ethernet0,Ethernet,8.13,0.0,0.66,119.75,42.09,,38679542110,114958617684,32243117,95825686,19755.27,26.17,synthetic_demo,GOOD
2026-10-07T01:35:04.943559+00:00,Wi-Fi,Wi-Fi,95.41,7.27,26.85,7.34,2.66,31.7,38681205348,114963202454,32244503,95829506,1220.31,81.74,synthetic_demo,POOR
2026-10-07T01:35:09.943559+00:00,Wi-Fi,Wi-Fi,80.09,2.3,11.75,26.11,8.12,50.1,38686278993,114979519943,32248731,95843103,4177.96,47.25,synthetic_demo,MODERATE
2026-10-07T01:35:14.943559+00:00,Wi-Fi,Wi-Fi,31.07,0.0,0.79,102.84,25.86,92.0,38702438757,115043793051,32262197,95896663,15709.55,19.91,synthetic_demo,GOOD
2026-10-07T01:35:19.943559+00:00,Ethernet0,Ethernet,10.77,0.0,0.1,132.39,48.41,,38732695496,115126539730,32287410,95965618,22070.98,27.34,synthetic_demo,GOOD
2026-10-07T01:35:24.943559+00:00,Wi-Fi,Wi-Fi,125.34,9.22,36.59,5.65,1.53,30.9,38733651620,115130071211,32288206,95968560,876.49,58.0,synthetic_demo,POOR
2026-10-07T01:35:29.943559+00:00,Ethernet0,Ethernet,9.76,0.0,1.64,157.0,53.28,,38766952012,115228195346,32315956,96050330,25668.85,33.27,synthetic_demo,GOOD
2026-10-07T01:35:34.943559+00:00,Wi-Fi,Wi-Fi,25.79,0.0,2.05,93.65,20.25,87.4,38779610513,115286724442,32326504,96099104,13903.83,42.65,synthetic_demo,GOOD
2026-10-07T01:35:39.943559+00:00,Wi-Fi,Wi-Fi,21.12,0.0,4.92,58.95,24.49,84.8,38794917149,115323569043,32339259,96129807,10185.79,12.56,synthetic_demo,GOOD
2026-10-07T01:35:44.943559+00:00,Wi-Fi,Wi-Fi,102.76,7.58,24.55,6.07,2.58,44.6,38796531090,115327362034,32340603,96132967,1056.04,68.61,synthetic_demo,POOR
2026-10-07T01:35:49.943559+00:00,Ethernet0,Ethernet,110.38,1.8,21.48,11.97,3.12,,38798483534,115334844283,32342230,96139202,1842.71,95.41,synthetic_demo,MODERATE
2026-10-07T01:35:54.943559+00:00,Ethernet0,Ethernet,103.84,2.6,28.06,9.65,5.02,,38801618940,115340877547,32344842,96144229,1790.76,88.28,synthetic_demo,POOR
2026-10-07T01:35:59.943559+00:00,Wi-Fi,Wi-Fi,26.33,0.0,2.32,55.94,23.49,75.5,38816299463,115375839703,32357075,96173364,9695.84,15.15,synthetic_demo,GOOD
2026-10-07T01:36:04.943559+00:00,Wi-Fi,Wi-Fi,78.99,0.84,17.78,7.51,7.58,42.7,38821036336,115380530342,32361022,96177272,1841.31,55.41,synthetic_demo,MODERATE
2026-10-07T01:36:09.943559+00:00,Wi-Fi,Wi-Fi,111.44,2.81,10.71,21.32,5.55,53.8,38824507942,115393855135,32363915,96188375,3280.55,41.42,synthetic_demo,MODERATE
2026-10-07T01:36:14.943559+00:00,Wi-Fi,Wi-Fi,133.55,8.93,29.31,3.13,1.12,38.6,38825206267,115395812319,32364496,96190005,518.65,71.06,synthetic_demo,POOR
2026-10-07T01:36:19.943559+00:00,Wi-Fi,Wi-Fi,97.19,9.63,46.15,5.75,1.0,28.4,38825830942,115399408579,32365016,96193001,824.4,51.45,synthetic_demo,POOR
2026-10-07T01:36:24.943559+00:00,Ethernet0,Ethernet,9.68,0.0,1.68,141.4,49.25,,38856613295,115487786123,32390667,96266648,23273.42,29.56,synthetic_demo,GOOD
2026-10-07T01:36:29.943559+00:00,Ethernet0,Ethernet,45.32,3.03,27.81,8.19,2.83,,38858384847,115492902311,32392143,96270911,1345.26,92.66,synthetic_demo,POOR
2026-10-07T01:36:34.943559+00:00,Ethernet0,Ethernet,10.27,0.0,0.1,156.0,60.33,,38896092204,115590404285,32423565,96352162,26408.07,17.86,synthetic_demo,GOOD
2026-10-07T01:36:39.943559+00:00,Wi-Fi,Wi-Fi,84.58,2.24,18.62,11.89,4.78,43.4,38899082253,115597834293,32426056,96358353,2035.17,50.04,synthetic_demo,MODERATE
2026-10-07T01:36:44.943559+00:00,Wi-Fi,Wi-Fi,26.03,0.0,4.92,43.26,24.69,92.2,38914511397,115624870422,32438913,96380883,8294.0,26.98,synthetic_demo,GOOD
2026-10-07T01:36:49.943559+00:00,Wi-Fi,Wi-Fi,19.16,0.0,1.93,93.21,27.71,75.3,38931831546,115683124537,32453346,96429428,14760.6,40.81,synthetic_demo,GOOD
2026-10-07T01:36:54.943559+00:00,Wi-Fi,Wi-Fi,25.47,0.0,2.16,83.52,28.76,88.7,38949806544,115735325025,32468325,96472928,13706.15,30.28,synthetic_demo,GOOD
2026-10-07T01:36:59.943559+00:00,Wi-Fi,Wi-Fi,65.87,2.48,17.2,22.06,5.66,54.6,38953346535,115749110731,32471274,96484416,3383.93,59.41,synthetic_demo,MODERATE
2026-10-07T01:37:04.943559+00:00,Wi-Fi,Wi-Fi,17.69,0.0,5.04,56.95,31.63,82.0,38973117227,115784701440,32487749,96514074,10812.77,32.52,synthetic_demo,GOOD
2026-10-07T01:37:09.943559+00:00,Wi-Fi,Wi-Fi,129.0,1.87,27.09,11.8,6.85,68.1,38977397713,115792073803,32491316,96520217,2275.95,90.78,synthetic_demo,POOR
2026-10-07T01:37:14.943559+00:00,Wi-Fi,Wi-Fi,23.6,0.0,1.3,86.84,26.14,78.4,38993738111,115846347763,32504932,96565445,13791.87,38.61,synthetic_demo,GOOD
2026-10-07T01:37:19.943559+00:00,Ethernet0,Ethernet,8.34,0.0,1.37,175.96,48.17,,39023844145,115956324802,32530020,96657092,27359.98,28.06,synthetic_demo,GOOD
2026-10-07T01:37:24.943559+00:00,Ethernet0,Ethernet,75.28,3.2,28.18,10.83,2.71,,39025536345,115963095018,32531430,96662733,1652.82,90.1,synthetic_demo,POOR
2026-10-07T01:37:29.943559+00:00,Wi-Fi,Wi-Fi,34.82,0.0,3.26,91.68,25.51,76.5,39041481434,116020393643,32544717,96710481,14305.41,27.25,synthetic_demo,GOOD
2026-10-07T01:37:34.943559+00:00,Wi-Fi,Wi-Fi,27.64,0.0,1.47,61.56,26.07,78.2,39057774753,116058867848,32558294,96742542,10696.78,40.61,synthetic_demo,GOOD
2026-10-07T01:37:39.943559+00:00,Wi-Fi,Wi-Fi,83.1,3.71,11.17,15.75,3.36,84.8,39059876398,116068710863,32560045,96750744,2332.94,89.88,synthetic_demo,MODERATE
2026-10-07T01:37:44.943559+00:00,Wi-Fi,Wi-Fi,22.09,0.0,0.69,81.35,21.91,94.7,39073568728,116119556676,32571455,96793115,12605.11,40.11,synthetic_demo,GOOD
2026-10-07T01:37:49.943559+00:00,Ethernet0,Ethernet,11.48,0.0,1.42,175.91,57.38,,39109429895,116229500520,32601339,96884734,28477.54,20.62,synthetic_demo,GOOD
2026-10-07T01:37:54.943559+00:00,Wi-Fi,Wi-Fi,36.51,0.0,1.28,77.72,18.98,87.6,39121294003,116278074999,32611225,96925212,11804.41,22.61,synthetic_demo,GOOD
2026-10-07T01:37:59.943559+00:00,Ethernet0,Ethernet,195.67,33.27,82.14,1.02,0.45,,39121575234,116278713074,32611459,96925743,179.55,94.0,synthetic_demo,POOR
2026-10-07T01:38:04.943559+00:00,Wi-Fi,Wi-Fi,109.56,1.34,21.02,21.99,7.06,54.3,39125985240,116292454947,32615134,96937194,3545.29,49.89,synthetic_demo,MODERATE
2026-10-07T01:38:09.943559+00:00,Wi-Fi,Wi-Fi,180.83,1.8,13.68,13.73,3.73,81.2,39128316910,116301037361,32617077,96944346,2131.66,88.49,synthetic_demo,POOR
2026-10-07T01:38:14.943559+00:00,Wi-Fi,Wi-Fi,91.5,1.44,18.37,17.91,9.18,43.6,39134052866,116312232455,32621856,96953675,3306.85,41.64,synthetic_demo,MODERATE
2026-10-07T01:38:19.943559+00:00,Ethernet0,Ethernet,8.84,0.0,0.1,156.39,54.84,,39168330892,116409976214,32650421,97035128,25785.5,16.36,synthetic_demo,GOOD
2026-10-07T01:38:24.943559+00:00,Wi-Fi,Wi-Fi,20.88,0.0,5.19,79.47,22.19,81.1,39182197525,116459645874,32661976,97076519,12409.43,28.25,synthetic_demo,GOOD
2026-10-07T01:38:29.943559+00:00,Ethernet0,Ethernet,135.18,3.58,30.56,9.55,3.74,,39184532896,116465611909,32663922,97081490,1621.37,96.62,synthetic_demo,POOR
2026-10-07T01:38:34.943559+00:00,Ethernet0,Ethernet,12.77,0.0,0.63,150.67,35.77,,39206888144,116559780085,32682551,97159963,22758.48,30.3,synthetic_demo,GOOD
2026-10-07T01:38:39.943559+00:00,Wi-Fi,Wi-Fi,19.72,0.0,2.48,76.18,33.27,76.8,39227682782,116607393162,32699879,97199640,13360.88,36.38,synthetic_demo,GOOD
2026-10-07T01:38:44.943559+00:00,Wi-Fi,Wi-Fi,33.95,0.0,2.14,81.79,26.2,89.8,39244055370,116658511374,32713522,97242238,13181.8,33.6,synthetic_demo,GOOD
2026-10-07T01:38:49.943559+00:00,Wi-Fi,Wi-Fi,20.2,0.0,5.54,88.31,28.0,89.3,39261552349,116713705709,32728102,97288233,14197.52,24.81,synthetic_demo,GOOD
2026-10-07T01:38:54.943559+00:00,Ethernet0,Ethernet,224.63,33.08,54.02,2.26,0.53,,39261886297,116715120029,32728380,97289411,341.46,89.81,synthetic_demo,POOR
2026-10-07T01:38:59.943559+00:00,Ethernet0,Ethernet,15.12,0.0,0.24,137.19,54.2,,39295760513,116800863601,32756608,97360863,23362.85,30.17,synthetic_demo,GOOD
2026-10-07T01:39:04.943559+00:00,Wi-Fi,Wi-Fi,87.86,3.1,15.71,20.69,10.95,38.4,39302604343,116813793798,32762311,97371638,3862.11,44.53,synthetic_demo,POOR
2026-10-07T01:39:09.943559+00:00,Ethernet0,Ethernet,10.49,0.0,2.47,151.71,50.67,,39334274265,116908614652,32788702,97450655,24705.23,34.83,synthetic_demo,GOOD
2026-10-07T01:39:14.943559+00:00,Wi-Fi,Wi-Fi,209.51,30.5,60.92,1.65,0.15,19.3,39334365675,116909647167,32788778,97451515,219.52,90.01,synthetic_demo,POOR
2026-10-07T01:39:19.943559+00:00,Ethernet0,Ethernet,9.93,0.0,1.68,161.28,59.6,,39371613901,117010445332,32819818,97535513,26962.19,23.48,synthetic_demo,GOOD
2026-10-07T01:39:24.943559+00:00,Wi-Fi,Wi-Fi,19.24,0.0,0.72,69.12,25.8,92.8,39387739247,117053644958,32833255,97571512,11586.91,23.95,synthetic_demo,GOOD
2026-10-07T01:39:29.943559+00:00,Ethernet0,Ethernet,132.69,1.64,21.51,14.78,5.79,,39391359940,117062881321,32836272,97579208,2511.14,97.24,synthetic_demo,MODERATE
2026-10-07T01:39:34.943559+00:00,Ethernet0,Ethernet,143.45,2.57,28.98,15.34,3.7,,39393675371,117072470747,32838201,97587199,2325.17,91.97,synthetic_demo,POOR
2026-10-07T01:39:39.943559+00:00,Wi-Fi,Wi-Fi,21.68,0.0,9.51,92.35,21.25,87.2,39406956328,117130187163,32849268,97635296,13866.67,17.7,synthetic_demo,MODERATE
2026-10-07T01:39:44.943559+00:00,Wi-Fi,Wi-Fi,26.9,0.0,2.12,76.41,24.31,89.3,39422147211,117177941846,32861927,97675091,12294.06,39.44,synthetic_demo,GOOD
2026-10-07T01:39:49.943559+00:00,Wi-Fi,Wi-Fi,23.26,0.0,1.86,70.97,27.79,92.3,39439515294,117222295836,32876400,97712052,12055.09,26.59,synthetic_demo,GOOD
2026-10-07T01:39:54.943559+00:00,Wi-Fi,Wi-Fi,25.43,0.0,0.72,76.75,31.0,92.1,39458888849,117270262219,32892544,97752023,13152.33,27.64,synthetic_demo,GOOD
2026-10-07T01:39:59.943559+00:00,Ethernet0,Ethernet,14.11,0.05,0.59,153.95,52.04,,39491413052,117366479904,32919647,97832204,25144.9,8.14,synthetic_demo,GOOD
2026-10-07T01:40:04.943559+00:00,Wi-Fi,Wi-Fi,18.1,0.0,4.15,68.77,31.8,79.2,39511285357,117409464149,32936207,97868024,12276.67,23.38,synthetic_demo,GOOD
2026-10-07T01:40:09.943559+00:00,Wi-Fi,Wi-Fi,19.53,0.0,0.82,80.5,28.86,81.4,39529320964,117459776138,32951236,97909950,13349.14,18.47,synthetic_demo,GOOD
2026-10-07T01:40:14.943559+00:00,Wi-Fi,Wi-Fi,16.1,0.0,1.59,78.22,27.05,81.0,39546226616,117508660689,32965324,97950687,12849.65,23.94,synthetic_demo,GOOD
2026-10-07T01:40:19.943559+00:00,Wi-Fi,Wi-Fi,104.86,1.68,17.11,8.0,4.57,77.0,39549080142,117513662759,32967701,97954855,1534.3,91.4,synthetic_demo,MODERATE
2026-10-07T01:40:24.943559+00:00,Ethernet0,Ethernet,265.71,27.02,51.72,1.29,0.1,,39549145421,117514468634,32967755,97955526,170.15,72.65,synthetic_demo,POOR
2026-10-07T01:40:29.943559+00:00,Wi-Fi,Wi-Fi,63.99,1.29,8.51,8.29,5.42,40.2,39552534775,117519650714,32970579,97959844,1674.11,42.37,synthetic_demo,MODERATE
2026-10-07T01:40:34.943559+00:00,Ethernet0,Ethernet,10.99,0.0,0.11,132.93,65.24,,39593309436,117602731610,33004557,98029078,24190.54,14.8,synthetic_demo,GOOD
2026-10-07T01:40:39.943559+00:00,Ethernet0,Ethernet,11.18,0.0,6.32,141.04,35.87,,39615725171,117690881916,33023236,98102536,21594.93,8.13,synthetic_demo,GOOD
2026-10-07T01:40:44.943559+00:00,Ethernet0,Ethernet,273.83,20.92,85.83,1.43,0.98,,39616336888,117691776158,33023745,98103281,294.13,93.57,synthetic_demo,POOR
2026-10-07T01:40:49.943559+00:00,Wi-Fi,Wi-Fi,20.63,0.0,1.32,62.09,22.34,85.9,39630299508,117730581231,33035380,98135618,10306.19,37.89,synthetic_demo,GOOD
2026-10-07T01:40:54.943559+00:00,Ethernet0,Ethernet,13.72,0.0,0.94,144.61,47.83,,39660194675,117820962969,33060292,98210936,23491.58,28.21,synthetic_demo,GOOD
2026-10-07T01:40:59.943559+00:00,Wi-Fi,Wi-Fi,78.12,1.23,18.53,8.66,6.34,48.0,39664158549,117826373263,33063595,98215444,1830.89,67.18,synthetic_demo,MODERATE
2026-10-07T01:41:04.943559+00:00,Wi-Fi,Wi-Fi,92.54,1.28,13.47,25.3,5.03,39.9,39667300631,117842186486,33066213,98228621,3702.21,48.0,synthetic_demo,MODERATE
2026-10-07T01:41:09.943559+00:00,Wi-Fi,Wi-Fi,53.95,1.35,17.66,11.92,9.67,41.9,39673345106,117849638758,33071250,98234831,2636.08,66.94,synthetic_demo,MODERATE
2026-10-07T01:41:14.943559+00:00,Wi-Fi,Wi-Fi,29.95,0.0,2.54,78.26,16.16,82.4,39683445978,117898551468,33079667,98275591,11526.09,37.67,synthetic_demo,GOOD
2026-10-07T01:41:19.943559+00:00,Ethernet0,Ethernet,12.76,0.0,0.48,159.77,48.8,,39713944679,117998407394,33105082,98358804,25459.89,33.24,synthetic_demo,GOOD
2026-10-07T01:41:24.943559+00:00,Wi-Fi,Wi-Fi,280.15,57.83,58.25,0.12,0.43,28.2,39714213627,117998483134,33105306,98358867,67.32,96.55,synthetic_demo,POOR
2026-10-07T01:41:29.943559+00:00,Wi-Fi,Wi-Fi,27.87,0.0,1.53,79.14,30.95,94.5,39733555475,118047946374,33121424,98400086,13438.49,38.93,synthetic_demo,GOOD
2026-10-07T01:41:34.943559+00:00,Ethernet0,Ethernet,87.9,1.9,21.71,16.42,3.2,,39735558095,118058209619,33123092,98408638,2395.68,95.3,synthetic_demo,MODERATE
2026-10-07T01:41:39.943559+00:00,Ethernet0,Ethernet,127.0,1.17,13.26,19.93,5.51,,39739004685,118070663315,33125964,98419016,3105.52,85.71,synthetic_demo,MODERATE
2026-10-07T01:41:44.943559+00:00,Wi-Fi,Wi-Fi,90.38,0.8,12.71,15.74,3.18,51.8,39740990850,118080501848,33127619,98427214,2309.51,48.92,synthetic_demo,MODERATE
2026-10-07T01:41:49.943559+00:00,Wi-Fi,Wi-Fi,20.34,0.0,0.84,70.8,18.63,83.9,39752637001,118124751310,33137324,98464088,10917.11,39.98,synthetic_demo,GOOD
2026-10-07T01:41:54.943559+00:00,Wi-Fi,Wi-Fi,27.96,0.0,0.5,99.04,31.71,77.1,39772454743,118186649045,33153838,98515669,15960.05,26.3,synthetic_demo,GOOD
2026-10-07T01:41:59.943559+00:00,Wi-Fi,Wi-Fi,70.36,2.83,6.55,9.07,4.79,47.8,39775445481,118192317002,33156330,98520392,1691.15,56.08,synthetic_demo,MODERATE
2026-10-07T01:42:04.943559+00:00,Wi-Fi,Wi-Fi,193.3,10.69,39.31,11.02,1.17,31.1,39776175020,118199204266,33156937,98526131,1487.66,65.24,synthetic_demo,POOR
2026-10-07T01:42:09.943559+00:00,Ethernet0,Ethernet,296.96,16.16,48.29,0.35,0.68,,39776598960,118199420884,33157290,98526311,125.11,78.74,synthetic_demo,POOR
2026-10-07T01:42:14.943559+00:00,Ethernet0,Ethernet,11.79,0.0,1.7,162.04,48.57,,39806952838,118300693141,33182584,98610704,25708.23,11.42,synthetic_demo,GOOD
2026-10-07T01:42:19.943559+00:00,Ethernet0,Ethernet,15.92,0.0,0.58,158.95,38.95,,39831299057,118400037755,33202872,98693491,24158.37,7.71,synthetic_demo,GOOD
2026-10-07T01:42:24.943559+00:00,Ethernet0,Ethernet,246.01,21.55,54.38,0.2,0.08,,39831349891,118400161297,33202914,98693593,34.06,83.95,synthetic_demo,POOR
2026-10-07T01:42:29.943559+00:00,Wi-Fi,Wi-Fi,48.33,1.94,23.02,7.8,4.63,79.2,39834245781,118405038535,33205327,98697657,1518.19,93.15,synthetic_demo,MODERATE
2026-10-07T01:42:34.943559+00:00,Wi-Fi,Wi-Fi,127.0,11.87,39.01,7.21,2.06,25.5,39835536295,118409547355,33206402,98701414,1132.68,75.48,synthetic_demo,POOR
2026-10-07T01:42:39.943559+00:00,Ethernet0,Ethernet,15.32,0.0,0.1,156.95,46.31,,39864480788,118507639985,33230522,98783157,24811.94,29.52,synthetic_demo,GOOD
2026-10-07T01:42:44.943559+00:00,Wi-Fi,Wi-Fi,78.25,0.63,12.9,13.94,6.4,37.4,39868479878,118516351944,33233854,98790416,2482.63,44.99,synthetic_demo,MODERATE
2026-10-07T01:42:49.943559+00:00,Wi-Fi,Wi-Fi,111.67,3.34,8.13,10.54,1.56,70.0,39869455099,118522942267,33234666,98795907,1477.65,89.66,synthetic_demo,MODERATE
2026-10-07T01:42:54.943559+00:00,Ethernet0,Ethernet,122.47,3.59,19.46,18.18,2.39,,39870949264,118534302143,33235911,98805373,2510.55,95.46,synthetic_demo,MODERATE
2026-10-07T01:42:59.943559+00:00,Wi-Fi,Wi-Fi,25.06,0.0,6.98,84.48,21.36,90.7,39884298748,118587099315,33247035,98849370,12919.27,19.3,synthetic_demo,GOOD
2026-10-07T01:43:04.943559+00:00,Ethernet0,Ethernet,13.41,0.0,1.91,154.44,37.08,,39907472128,118683626995,33266346,98929809,23379.11,10.62,synthetic_demo,GOOD
2026-10-07T01:43:09.943559+00:00,Wi-Fi,Wi-Fi,96.51,0.85,12.91,3.18,7.15,36.6,39911941124,118685616168,33270070,98931466,1261.36,59.43,synthetic_demo,MODERATE
2026-10-07T01:43:14.943559+00:00,Wi-Fi,Wi-Fi,20.01,0.0,0.65,62.35,23.87,79.0,39926860199,118724584838,33282502,98963939,10524.95,22.21,synthetic_demo,GOOD
2026-10-07T01:43:19.943559+00:00,Wi-Fi,Wi-Fi,30.86,0.34,5.08,62.98,21.21,93.9,39940114813,118763946334,33293547,98996740,10276.58,16.4,synthetic_demo,GOOD
2026-10-07T01:43:24.943559+00:00,Wi-Fi,Wi-Fi,292.92,17.02,52.54,2.3,0.31,28.2,39940307927,118765385260,33293707,98997939,318.76,97.12,synthetic_demo,POOR
2026-10-07T01:43:29.943559+00:00,Wi-Fi,Wi-Fi,26.88,0.0,2.06,62.72,16.15,91.5,39950402016,118804585087,33302118,99030605,9627.72,20.51,synthetic_demo,GOOD
2026-10-07T01:43:34.943559+00:00,Wi-Fi,Wi-Fi,129.59,8.43,32.92,4.89,1.32,30.2,39951227924,118807638876,33302806,99033149,757.75,79.36,synthetic_demo,POOR
2026-10-07T01:43:39.943559+00:00,Ethernet0,Ethernet,13.33,0.0,1.04,139.46,42.55,,39977818603,118894803513,33324964,99105786,22217.84,18.95,synthetic_demo,GOOD
2026-10-07T01:43:44.943559+00:00,Wi-Fi,Wi-Fi,88.2,2.49,25.58,12.32,3.18,82.3,39979803615,118902506630,33326618,99112205,1892.21,98.18,synthetic_demo,POOR
2026-10-07T01:43:49.943559+00:00,Wi-Fi,Wi-Fi,286.29,30.96,28.55,0.61,0.64,21.3,39980202068,118902887757,33326950,99112522,152.26,83.88,synthetic_demo,POOR
2026-10-07T01:43:54.943559+00:00,Ethernet0,Ethernet,9.72,0.0,2.39,122.81,66.51,,40021767823,118979646643,33361588,99176487,23110.28,6.79,synthetic_demo,GOOD
2026-10-07T01:43:59.943559+00:00,Ethernet0,Ethernet,15.08,0.0,0.68,136.92,54.97,,40056125905,119065224259,33390219,99247801,23424.94,31.63,synthetic_demo,GOOD
2026-10-07T01:44:04.943559+00:00,Wi-Fi,Wi-Fi,19.19,0.0,5.03,102.12,25.89,95.6,40072308994,119129051359,33403704,99300990,15626.99,37.06,synthetic_demo,GOOD
2026-10-07T01:44:09.943559+00:00,Ethernet0,Ethernet,11.64,0.0,1.46,166.96,59.44,,40109462118,119233402448,33434664,99387949,27637.54,10.23,synthetic_demo,GOOD
2026-10-07T01:44:14.943559+00:00,Ethernet0,Ethernet,122.85,3.31,17.0,5.6,5.11,,40112655641,119236905129,33437325,99390867,1307.85,85.55,synthetic_demo,MODERATE
2026-10-07T01:44:19.943559+00:00,Wi-Fi,Wi-Fi,228.9,5.24,29.24,4.61,2.82,36.5,40114418469,119239785853,33438794,99393267,906.94,76.74,synthetic_demo,POOR
2026-10-07T01:44:24.943559+00:00,Wi-Fi,Wi-Fi,20.7,0.19,1.17,81.95,28.9,95.0,40132481637,119291004106,33453846,99435948,13531.53,11.62,synthetic_demo,GOOD
2026-10-07T01:44:29.943559+00:00,Wi-Fi,Wi-Fi,26.6,0.0,2.12,101.42,21.77,90.4,40146086738,119354392254,33465183,99488771,15037.74,19.56,synthetic_demo,GOOD
2026-10-07T01:44:34.943559+00:00,Wi-Fi,Wi-Fi,25.29,0.03,9.46,88.15,23.17,97.1,40160566087,119409486040,33477249,99534682,13588.5,43.01,synthetic_demo,MODERATE
2026-10-07T01:44:39.943559+00:00,Ethernet0,Ethernet,100.6,1.42,26.1,11.23,7.37,,40165175259,119416505655,33481089,99540531,2271.25,86.38,synthetic_demo,POOR
2026-10-07T01:44:44.943559+00:00,Ethernet0,Ethernet,13.65,0.0,1.41,187.26,33.87,,40186344940,119533541849,33498730,99638061,26993.33,18.88,synthetic_demo,GOOD
2026-10-07T01:44:49.943559+00:00,Wi-Fi,Wi-Fi,115.26,3.36,14.18,11.36,4.36,40.7,40189068331,119540639849,33500999,99643976,1918.24,50.06,synthetic_demo,MODERATE
2026-10-07T01:44:54.943559+00:00,Wi-Fi,Wi-Fi,113.21,1.2,19.28,15.84,2.76,42.7,40190795989,119550542110,33502438,99652227,2271.47,43.7,synthetic_demo,MODERATE
2026-10-07T01:44:59.943559+00:00,Wi-Fi,Wi-Fi,75.65,3.21,16.46,17.67,8.01,40.1,40195799394,119561582956,33506607,99661427,3133.64,42.67,synthetic_demo,MODERATE
2026-10-07T01:45:04.943559+00:00,Ethernet0,Ethernet,10.86,0.12,0.56,175.98,47.7,,40225610424,119671569585,33531449,99753082,27304.23,12.44,synthetic_demo,GOOD
2026-10-07T01:45:09.943559+00:00,Wi-Fi,Wi-Fi,109.24,3.32,30.51,6.65,1.52,64.2,40226561313,119675724969,33532241,99756544,997.32,97.83,synthetic_demo,POOR
2026-10-07T01:45:14.943559+00:00,Ethernet0,Ethernet,15.05,0.0,0.91,142.54,46.04,,40255338087,119764812422,33556221,99830783,23020.36,11.61,synthetic_demo,GOOD
2026-10-07T01:45:19.943559+00:00,Ethernet0,Ethernet,13.01,0.0,2.33,120.77,36.88,,40278387097,119840295046,33575428,99893685,19244.46,34.96,synthetic_demo,GOOD
2026-10-07T01:45:24.943559+00:00,Wi-Fi,Wi-Fi,86.25,9.17,25.58,4.8,2.1,35.5,40279700946,119843297068,33576522,99896186,842.94,58.99,synthetic_demo,POOR
2026-10-07T01:45:29.943559+00:00,Wi-Fi,Wi-Fi,133.52,2.99,21.58,12.74,4.76,60.2,40282673738,119851258759,33578999,99902820,2135.64,88.72,synthetic_demo,MODERATE
2026-10-07T01:45:34.943559+00:00,Ethernet0,Ethernet,12.65,0.0,0.25,164.6,40.54,,40308012099,119954135660,33600114,99988550,25042.04,14.8,synthetic_demo,GOOD
2026-10-07T01:45:39.943559+00:00,Ethernet0,Ethernet,8.51,0.0,0.88,122.35,60.42,,40345775473,120030607086,33631583,100052276,22311.48,7.39,synthetic_demo,GOOD
2026-10-07T01:45:44.943559+00:00,Ethernet0,Ethernet,11.11,0.0,0.91,186.3,51.45,,40377929811,120147047211,33658378,100149309,29022.36,32.7,synthetic_demo,GOOD
2026-10-07T01:45:49.943559+00:00,Wi-Fi,Wi-Fi,29.81,0.0,1.04,80.03,14.04,87.2,40386704856,120197068047,33665690,100190993,11483.57,34.06,synthetic_demo,GOOD
2026-10-07T01:45:54.943559+00:00,Ethernet0,Ethernet,13.68,0.0,1.69,126.69,52.54,,40419539657,120276248929,33693052,100256977,21878.06,17.14,synthetic_demo,GOOD
2026-10-07T01:45:59.943559+00:00,Ethernet0,Ethernet,11.98,0.0,2.58,163.75,40.72,,40444990259,120378594711,33714260,100342265,24960.23,10.37,synthetic_demo,GOOD
2026-10-07T01:46:04.943559+00:00,Wi-Fi,Wi-Fi,20.81,0.0,4.34,71.06,28.25,94.3,40462648185,120423010155,33728974,100379277,12123.71,24.72,synthetic_demo,GOOD
2026-10-07T01:46:09.943559+00:00,Ethernet0,Ethernet,126.59,2.47,34.55,11.03,4.97,,40465752830,120429906902,33731561,100385024,1953.4,91.01,synthetic_demo,POOR
2026-10-07T01:46:14.943559+00:00,Wi-Fi,Wi-Fi,62.25,0.88,8.19,12.37,7.18,39.2,40470242120,120437640872,33735302,100391468,2387.36,72.34,synthetic_demo,MODERATE
2026-10-07T01:46:19.943559+00:00,Ethernet0,Ethernet,94.59,3.51,34.96,14.1,5.67,,40473786699,120446451715,33738255,100398810,2413.17,96.7,synthetic_demo,POOR
2026-10-07T01:46:24.943559+00:00,Ethernet0,Ethernet,13.0,0.0,1.5,160.37,36.06,,40496321240,120546685895,33757033,100482338,23978.27,22.3,synthetic_demo,GOOD
2026-10-07T01:46:29.943559+00:00,Wi-Fi,Wi-Fi,272.7,57.1,44.16,0.23,0.18,22.8,40496431565,120546827603,33757124,100482456,49.23,94.13,synthetic_demo,POOR
2026-10-07T01:46:34.943559+00:00,Wi-Fi,Wi-Fi,158.67,11.16,40.97,5.12,1.79,37.3,40497549256,120550026123,33758055,100485121,843.01,78.78,synthetic_demo,POOR
2026-10-07T01:46:39.943559+00:00,Wi-Fi,Wi-Fi,152.08,10.47,32.86,5.0,2.15,27.2,40498894611,120553149623,33759176,100487723,872.82,77.47,synthetic_demo,POOR
2026-10-07T01:46:44.943559+00:00,Wi-Fi,Wi-Fi,158.69,4.86,25.2,8.51,0.55,40.3,40499237297,120558465691,33759461,100492153,1105.23,50.36,synthetic_demo,POOR
2026-10-07T01:46:49.943559+00:00,Wi-Fi,Wi-Fi,193.16,18.4,80.47,1.54,0.66,26.3,40499649557,120559426196,33759804,100492953,268.12,78.66,synthetic_demo,POOR
2026-10-07T01:46:54.943559+00:00,Wi-Fi,Wi-Fi,74.14,1.39,16.72,19.67,1.68,53.7,40500700098,120571722811,33760679,100503200,2606.87,65.73,synthetic_demo,MODERATE
2026-10-07T01:46:59.943559+00:00,Ethernet0,Ethernet,9.04,0.0,1.05,155.41,59.2,,40537697351,120668855872,33791510,100584144,26197.33,11.78,synthetic_demo,GOOD
2026-10-07T01:47:04.943559+00:00,Wi-Fi,Wi-Fi,91.76,0.8,18.63,16.8,2.14,41.5,40539033715,120679353385,33792623,100592891,2311.3,44.62,synthetic_demo,MODERATE
2026-10-07T01:47:09.943559+00:00,Wi-Fi,Wi-Fi,124.61,3.22,22.01,14.04,4.76,78.9,40542007465,120688127553,33795101,100600202,2294.52,86.0,synthetic_demo,MODERATE
2026-10-07T01:47:14.943559+00:00,Ethernet0,Ethernet,82.42,3.32,40.11,7.3,5.47,,40545426300,120692687903,33797950,100604002,1558.43,85.23,synthetic_demo,POOR
2026-10-07T01:47:19.943559+00:00,Wi-Fi,Wi-Fi,98.67,0.87,17.46,14.1,9.33,50.5,40551257135,120701499220,33802809,100611344,2859.8,51.93,synthetic_demo,MODERATE
2026-10-07T01:47:24.943559+00:00,Ethernet0,Ethernet,6.52,0.0,0.88,119.76,38.88,,40575556498,120776351660,33823058,100673721,19365.59,33.95,synthetic_demo,GOOD
2026-10-07T01:47:29.943559+00:00,Wi-Fi,Wi-Fi,29.81,0.0,0.97,52.72,17.82,76.2,40586694227,120809298639,33832339,100701176,8610.29,28.09,synthetic_demo,GOOD
2026-10-07T01:47:34.943559+00:00,Wi-Fi,Wi-Fi,226.46,39.43,82.48,1.49,0.52,17.1,40587019320,120810232284,33832609,100701954,245.85,79.3,synthetic_demo,POOR
2026-10-07T01:47:39.943559+00:00,Wi-Fi,Wi-Fi,68.4,1.63,9.35,20.28,6.81,40.4,40591275522,120822906057,33836155,100712515,3306.64,57.54,synthetic_demo,MODERATE
2026-10-07T01:47:44.943559+00:00,Wi-Fi,Wi-Fi,104.21,3.39,25.35,13.37,7.73,41.6,40596108739,120831262942,33840182,100719479,2576.19,69.01,synthetic_demo,POOR
2026-10-07T01:47:49.943559+00:00,Wi-Fi,Wi-Fi,26.64,0.0,0.87,74.04,28.4,97.8,40613861537,120877540017,33854975,100758043,12505.83,28.89,synthetic_demo,GOOD
2026-10-07T01:47:54.943559+00:00,Wi-Fi,Wi-Fi,33.63,0.0,0.52,74.64,16.42,77.4,40624124613,120924187935,33863527,100796916,11115.43,25.51,synthetic_demo,GOOD
2026-10-07T01:47:59.943559+00:00,Wi-Fi,Wi-Fi,74.87,10.55,26.06,0.72,3.51,40.2,40626320576,120924636586,33865356,100797289,516.53,75.06,synthetic_demo,POOR
2026-10-07T01:48:04.943559+00:00,Ethernet0,Ethernet,127.07,1.17,32.42,12.72,4.88,,40629371380,120932585538,33867898,100803913,2148.39,90.77,synthetic_demo,POOR
2026-10-07T01:48:09.943559+00:00,Ethernet0,Ethernet,136.12,3.15,33.44,11.52,5.55,,40632837829,120939785368,33870786,100809912,2083.26,96.03,synthetic_demo,POOR
2026-10-07T01:48:14.943559+00:00,Wi-Fi,Wi-Fi,27.8,0.0,0.8,86.71,22.13,93.6,40646668500,120993978780,33882311,100855073,13285.95,27.34,synthetic_demo,GOOD
2026-10-07T01:48:19.943559+00:00,Wi-Fi,Wi-Fi,99.41,1.44,16.51,17.85,4.7,53.3,40649608974,121005134818,33884761,100864369,2753.22,67.67,synthetic_demo,MODERATE
2026-10-07T01:48:24.943559+00:00,Ethernet0,Ethernet,10.54,0.0,2.7,146.41,41.67,,40675650271,121096640671,33906462,100940623,22958.43,8.7,synthetic_demo,GOOD
2026-10-07T01:48:29.943559+00:00,Ethernet0,Ethernet,165.04,1.77,26.42,9.79,1.76,,40676750816,121102761986,33907379,100945724,1410.52,85.29,synthetic_demo,POOR
2026-10-07T01:48:34.943559+00:00,Wi-Fi,Wi-Fi,30.16,0.0,2.63,76.45,18.16,86.8,40688103742,121150545405,33916839,100985543,11550.07,31.14,synthetic_demo,GOOD
2026-10-07T01:48:39.943559+00:00,Wi-Fi,Wi-Fi,29.01,0.0,3.61,69.45,20.71,89.3,40701044921,121193949071,33927623,101021712,11004.85,29.27,synthetic_demo,GOOD
2026-10-07T01:48:44.943559+00:00,Wi-Fi,Wi-Fi,81.1,3.2,13.83,15.14,8.01,47.9,40706052840,121203413231,33931796,101029598,2826.58,47.64,synthetic_demo,MODERATE
2026-10-07T01:48:49.943559+00:00,Wi-Fi,Wi-Fi,320.17,34.38,57.22,1.05,0.33,16.3,40706258424,121204072343,33931967,101030147,168.89,76.22,synthetic_demo,POOR
2026-10-07T01:48:54.943559+00:00,Ethernet0,Ethernet,9.92,0.0,0.34,135.74,53.76,,40739856010,121288906728,33959964,101100842,23131.24,33.45,synthetic_demo,GOOD
2026-10-07T01:48:59.943559+00:00,Wi-Fi,Wi-Fi,152.55,11.34,41.25,5.29,1.74,30.0,40740941992,121292215269,33960868,101103599,858.31,58.57,synthetic_demo,POOR
2026-10-07T01:49:04.943559+00:00,Wi-Fi,Wi-Fi,28.52,0.15,0.85,48.6,25.79,86.9,40757060043,121322593057,33974299,101128913,9081.22,24.9,synthetic_demo,GOOD
2026-10-07T01:49:09.943559+00:00,Wi-Fi,Wi-Fi,25.17,0.0,4.61,48.98,21.18,97.4,40770296331,121353203299,33985329,101154421,8563.78,42.76,synthetic_demo,GOOD
2026-10-07T01:49:14.943559+00:00,Ethernet0,Ethernet,10.02,0.0,0.26,174.0,66.78,,40812035309,121461951490,34020111,101245044,29392.03,13.19,synthetic_demo,GOOD
2026-10-07T01:49:19.943559+00:00,Wi-Fi,Wi-Fi,25.8,0.0,0.65,77.84,22.16,94.5,40825884856,121510599298,34031652,101285583,12206.51,43.36,synthetic_demo,GOOD
2026-10-07T01:49:24.943559+00:00,Wi-Fi,Wi-Fi,61.04,3.43,18.1,29.12,9.93,43.9,40832088186,121528800084,34036821,101300750,4766.43,74.45,synthetic_demo,MODERATE
2026-10-07T01:49:29.943559+00:00,Ethernet0,Ethernet,12.41,0.0,1.12,138.67,42.88,,40858887724,121615469707,34059153,101372974,22161.95,16.8,synthetic_demo,GOOD
2026-10-07T01:49:34.943559+00:00,Wi-Fi,Wi-Fi,28.93,0.0,4.3,53.4,26.88,84.8,40875689895,121648844608,34073154,101400786,9800.21,37.09,synthetic_demo,GOOD
2026-10-07T01:49:39.943559+00:00,Ethernet0,Ethernet,277.98,19.28,37.04,0.16,0.57,,40876046920,121648941926,34073451,101400867,88.74,76.73,synthetic_demo,POOR
2026-10-07T01:49:44.943559+00:00,Ethernet0,Ethernet,12.49,0.0,2.39,142.86,62.31,,40914990807,121738227206,34105904,101475271,25044.76,14.22,synthetic_demo,GOOD
2026-10-07T01:49:49.943559+00:00,Wi-Fi,Wi-Fi,136.35,2.68,25.78,9.95,1.68,75.6,40916041616,121744444020,34106779,101480451,1419.46,98.23,synthetic_demo,POOR
2026-10-07T01:49:54.943559+00:00,Wi-Fi,Wi-Fi,25.65,0.04,5.57,68.07,14.45,88.1,40925071501,121786987212,34114303,101515903,10072.87,27.76,synthetic_demo,GOOD
2026-10-07T01:49:59.943559+00:00,Ethernet0,Ethernet,84.37,3.68,21.66,11.38,4.93,,40928150740,121794096626,34116869,101521827,1989.97,88.37,synthetic_demo,MODERATE
2026-10-07T01:50:04.943559+00:00,Wi-Fi,Wi-Fi,24.77,0.0,3.35,51.73,17.74,85.6,40939239112,121826429903,34126109,101548771,8480.79,28.99,synthetic_demo,GOOD
2026-10-07T01:50:09.943559+00:00,Ethernet0,Ethernet,9.3,0.0,1.85,143.0,56.04,,40974263680,121915803300,34155296,101623248,24296.48,10.41,synthetic_demo,GOOD
2026-10-07T01:50:14.943559+00:00,Ethernet0,Ethernet,10.28,0.12,0.41,161.33,55.52,,41008966037,122016636239,34184214,101707275,26471.74,10.35,synthetic_demo,GOOD
2026-10-07T01:50:19.943559+00:00,Ethernet0,Ethernet,11.29,0.0,1.05,153.73,46.63,,41038112252,122112718698,34208502,101787343,24458.73,31.76,synthetic_demo,GOOD
2026-10-07T01:50:24.943559+00:00,Ethernet0,Ethernet,13.27,0.0,2.1,134.79,48.81,,41068619029,122196961462,34233924,101857545,22412.02,33.01,synthetic_demo,GOOD
2026-10-07T01:50:29.943559+00:00,Wi-Fi,Wi-Fi,70.44,2.76,32.86,14.97,4.73,78.1,41071574560,122206316809,34236386,101865341,2404.47,94.56,synthetic_demo,POOR
2026-10-07T01:50:34.943559+00:00,Wi-Fi,Wi-Fi,108.51,6.21,38.5,2.66,2.54,34.9,41073162345,122207978417,34237709,101866725,634.65,63.53,synthetic_demo,POOR
2026-10-07T01:50:39.943559+00:00,Wi-Fi,Wi-Fi,98.27,6.75,32.12,8.0,2.62,38.1,41074799685,122212975313,34239073,101870889,1295.75,83.52,synthetic_demo,POOR
2026-10-07T01:50:44.943559+00:00,Wi-Fi,Wi-Fi,112.53,3.37,29.35,9.77,3.34,70.2,41076884381,122219084675,34240810,101875980,1600.4,95.16,synthetic_demo,POOR
2026-10-07T01:50:49.943559+00:00,Ethernet0,Ethernet,13.72,0.0,2.11,161.1,33.59,,41097876413,122319769247,34258303,101959883,23764.96,8.51,synthetic_demo,GOOD
2026-10-07T01:50:54.943559+00:00,Wi-Fi,Wi-Fi,21.8,0.0,0.1,51.93,24.17,87.0,41112985306,122352222844,34270893,101986927,9289.55,17.29,synthetic_demo,GOOD
2026-10-07T01:50:59.943559+00:00,Wi-Fi,Wi-Fi,32.68,0.0,2.31,67.61,21.84,76.5,41126635304,122394476597,34282267,102022138,10918.7,12.32,synthetic_demo,GOOD
2026-10-07T01:51:04.943559+00:00,Ethernet0,Ethernet,9.08,0.0,0.21,172.81,31.51,,41146329442,122502483051,34298678,102112143,24941.52,25.29,synthetic_demo,GOOD
2026-10-07T01:51:09.943559+00:00,Wi-Fi,Wi-Fi,92.68,2.72,6.97,21.64,2.65,53.1,41147988604,122516009867,34300060,102123415,2966.01,66.82,synthetic_demo,MODERATE
2026-10-07T01:51:14.943559+00:00,Wi-Fi,Wi-Fi,76.16,1.98,15.26,21.08,4.68,45.9,41150911040,122529185238,34302495,102134394,3144.1,70.11,synthetic_demo,MODERATE
2026-10-07T01:51:19.943559+00:00,Wi-Fi,Wi-Fi,23.6,0.0,2.78,99.45,19.22,92.5,41162924082,122591343333,34312505,102186192,14486.55,24.41,synthetic_demo,GOOD
2026-10-07T01:51:24.943559+00:00,Wi-Fi,Wi-Fi,34.96,0.0,4.7,71.07,26.17,83.9,41179281223,122635762498,34326135,102223207,11870.37,30.45,synthetic_demo,GOOD
2026-10-07T01:51:29.943559+00:00,Wi-Fi,Wi-Fi,143.67,11.29,32.35,6.15,2.68,27.0,41180956185,122639608062,34327530,102226411,1078.23,81.29,synthetic_demo,POOR
2026-10-07T01:51:34.943559+00:00,Wi-Fi,Wi-Fi,84.28,2.85,31.36,14.13,2.97,77.6,41182810971,122648438383,34329075,102233769,2086.93,90.36,synthetic_demo,POOR
2026-10-07T01:51:39.943559+00:00,Wi-Fi,Wi-Fi,25.4,0.0,14.36,99.34,28.48,87.1,41200611670,122710527845,34343908,102285510,15603.55,36.95,synthetic_demo,MODERATE
2026-10-07T01:51:44.943559+00:00,Wi-Fi,Wi-Fi,161.72,11.98,44.25,11.48,1.64,41.0,41201638890,122717705304,34344764,102291491,1602.48,63.16,synthetic_demo,POOR
2026-10-07T01:51:49.943559+00:00,Wi-Fi,Wi-Fi,231.22,15.07,23.55,2.26,0.32,15.2,41201840097,122719116494,34344931,102292666,314.92,94.61,synthetic_demo,POOR
2026-10-07T01:51:54.943559+00:00,Wi-Fi,Wi-Fi,29.51,0.0,4.72,55.93,24.58,76.8,41217203439,122754072382,34357733,102321795,9827.97,20.74,synthetic_demo,GOOD
2026-10-07T01:51:59.943559+00:00,Wi-Fi,Wi-Fi,25.29,0.2,1.51,48.05,27.55,86.2,41234419499,122784105581,34372079,102346822,9228.37,21.72,synthetic_demo,GOOD
2026-10-07T01:52:04.943559+00:00,Wi-Fi,Wi-Fi,85.96,2.52,9.41,18.44,6.13,49.1,41238249327,122795628177,34375270,102356424,2998.52,64.06,synthetic_demo,MODERATE
2026-10-07T01:52:09.943559+00:00,Wi-Fi,Wi-Fi,240.5,25.48,54.81,0.95,0.19,13.9,41238366847,122796224024,34375367,102356920,139.33,93.26,synthetic_demo,POOR
2026-10-07T01:52:14.943559+00:00,Wi-Fi,Wi-Fi,122.58,5.64,15.41,9.5,2.91,32.2,41240185052,122802160910,34376882,102361867,1514.67,77.47,synthetic_demo,POOR
2026-10-07T01:52:19.943559+00:00,Ethernet0,Ethernet,13.96,0.0,5.19,128.74,47.24,,41269710839,122882623780,34401486,102428919,21482.16,12.89,synthetic_demo,GOOD
2026-10-07T01:52:24.943559+00:00,Wi-Fi,Wi-Fi,24.09,0.0,0.56,61.3,16.19,95.8,41279831128,122920936438,34409919,102460846,9459.56,16.85,synthetic_demo,GOOD
2026-10-07T01:52:29.943559+00:00,Wi-Fi,Wi-Fi,90.44,1.81,18.39,22.56,6.04,42.6,41283604105,122935039230,34413063,102472598,3491.36,41.47,synthetic_demo,MODERATE
2026-10-07T01:52:34.943559+00:00,Wi-Fi,Wi-Fi,83.35,2.94,22.5,19.16,4.64,40.0,41286505551,122947016326,34415480,102482578,2905.97,71.61,synthetic_demo,POOR
2026-10-07T01:52:39.943559+00:00,Ethernet0,Ethernet,10.18,0.0,0.21,126.85,36.12,,41309081316,123026298509,34434293,102548646,19894.13,30.66,synthetic_demo,GOOD
2026-10-07T01:52:44.943559+00:00,Wi-Fi,Wi-Fi,124.71,4.84,45.08,1.7,2.45,43.0,41310612102,123027359537,34435568,102549530,506.21,60.91,synthetic_demo,POOR
2026-10-07T01:52:49.943559+00:00,Ethernet0,Ethernet,126.42,2.13,14.52,19.56,6.16,,41314459524,123039582161,34438774,102559715,3138.68,89.98,synthetic_demo,MODERATE
2026-10-07T01:52:54.943559+00:00,Wi-Fi,Wi-Fi,56.96,10.45,46.33,9.03,0.91,40.0,41315030044,123045223791,34439249,102564416,1213.31,56.08,synthetic_demo,POOR
2026-10-07T01:52:59.943559+00:00,Wi-Fi,Wi-Fi,155.13,4.98,57.87,10.0,1.47,43.9,41315947727,123051471066,34440013,102569622,1399.41,59.98,synthetic_demo,POOR
2026-10-07T01:53:04.943559+00:00,Wi-Fi,Wi-Fi,77.28,3.78,29.46,7.33,4.43,69.7,41318715371,123056049263,34442319,102573437,1434.73,98.46,synthetic_demo,POOR
2026-10-07T01:53:09.943559+00:00,Wi-Fi,Wi-Fi,17.35,0.0,2.63,95.56,16.48,83.6,41329015898,123115773716,34450902,102623207,13676.75,24.04,synthetic_demo,GOOD
2026-10-07T01:53:14.943559+00:00,Wi-Fi,Wi-Fi,80.01,2.14,9.13,19.09,3.29,54.5,41331072641,123127706107,34452615,102633150,2732.25,65.0,synthetic_demo,MODERATE
2026-10-07T01:53:19.943559+00:00,Ethernet0,Ethernet,14.13,0.0,0.22,149.22,36.9,,41354136769,123220968241,34471835,102710868,22719.97,28.03,synthetic_demo,GOOD
2026-10-07T01:53:24.943559+00:00,Ethernet0,Ethernet,115.85,2.01,8.41,5.56,5.36,,41357489386,123224444485,34474628,102713764,1333.76,93.65,synthetic_demo,MODERATE
2026-10-07T01:53:29.943559+00:00,Ethernet0,Ethernet,10.34,0.0,2.74,178.55,34.88,,41379289402,123336039064,34492794,102806759,26053.63,7.33,synthetic_demo,GOOD
2026-10-07T01:53:34.943559+00:00,Wi-Fi,Wi-Fi,106.81,3.53,31.87,14.94,4.19,84.6,41381910125,123345375268,34494977,102814539,2335.34,91.35,synthetic_demo,POOR
2026-10-07T01:53:39.943559+00:00,Ethernet0,Ethernet,15.03,0.0,2.97,154.72,65.71,,41422978165,123442076484,34529200,102895123,26908.06,7.4,synthetic_demo,GOOD
2026-10-07T01:53:44.943559+00:00,Ethernet0,Ethernet,13.6,0.0,0.56,150.84,64.04,,41463001729,123536352643,34562552,102973686,26230.41,13.24,synthetic_demo,GOOD
2026-10-07T01:53:49.943559+00:00,Ethernet0,Ethernet,14.98,0.0,0.1,181.83,55.2,,41497498794,123649994003,34591299,103068387,28933.29,17.71,synthetic_demo,GOOD
2026-10-07T01:53:54.943559+00:00,Ethernet0,Ethernet,11.34,0.0,0.36,139.84,63.61,,41537255328,123737395414,34624429,103141221,24835.54,32.21,synthetic_demo,GOOD
2026-10-07T01:53:59.943559+00:00,Ethernet0,Ethernet,91.07,2.77,23.97,11.61,4.17,,41539862559,123744652734,34626601,103147268,1926.67,95.33,synthetic_demo,MODERATE
2026-10-07T01:54:04.943559+00:00,Wi-Fi,Wi-Fi,86.37,2.84,19.95,11.93,3.26,66.8,41541900434,123752106829,34628299,103153479,1853.9,91.63,synthetic_demo,MODERATE
2026-10-07T01:54:09.943559+00:00,Wi-Fi,Wi-Fi,75.53,2.18,14.46,22.07,3.53,52.7,41544107406,123765900743,34630138,103164973,3125.17,49.71,synthetic_demo,MODERATE
2026-10-07T01:54:14.943559+00:00,Ethernet0,Ethernet,13.21,0.08,1.06,169.75,40.79,,41569601870,123871992314,34651383,103253382,25700.4,34.48,synthetic_demo,GOOD
2026-10-07T01:54:19.943559+00:00,Ethernet0,Ethernet,14.51,0.0,0.7,120.08,15.05,,41579007837,123947041120,34659221,103315922,16495.07,28.03,synthetic_demo,GOOD
2026-10-07T01:54:24.943559+00:00,Ethernet0,Ethernet,9.86,0.0,0.1,162.97,64.09,,41619063182,124048896826,34692600,103400801,27717.0,16.99,synthetic_demo,GOOD
2026-10-07T01:54:29.943559+00:00,Ethernet0,Ethernet,10.65,0.0,5.6,129.07,53.16,,41652288834,124129563500,34720288,103468023,22244.59,16.39,synthetic_demo,GOOD
2026-10-07T01:54:34.943559+00:00,Wi-Fi,Wi-Fi,150.86,10.4,43.21,7.29,2.37,30.3,41653768105,124134118530,34721520,103471818,1178.57,80.49,synthetic_demo,POOR
2026-10-07T01:54:39.943559+00:00,Ethernet0,Ethernet,8.75,0.0,4.5,169.08,61.62,,41692278994,124239794072,34753612,103559880,28161.41,12.84,synthetic_demo,GOOD
2026-10-07T01:54:44.943559+00:00,Wi-Fi,Wi-Fi,26.26,0.0,0.61,64.54,42.53,79.9,41718859842,124280131465,34775762,103593494,13069.97,33.55,synthetic_demo,GOOD
2026-10-07T01:54:49.943559+00:00,Ethernet0,Ethernet,8.58,0.0,0.45,115.09,40.25,,41744013883,124352060207,34796723,103653434,18961.48,17.1,synthetic_demo,GOOD
2026-10-07T01:54:54.943559+00:00,Ethernet0,Ethernet,10.83,0.0,0.38,133.48,54.25,,41777922686,124435483082,34824980,103722953,22916.34,15.62,synthetic_demo,GOOD
2026-10-07T01:54:59.943559+00:00,Wi-Fi,Wi-Fi,83.85,1.78,14.09,23.2,9.22,37.8,41783688174,124449985830,34829784,103735038,3958.64,72.88,synthetic_demo,MODERATE
2026-10-07T01:55:04.943559+00:00,Wi-Fi,Wi-Fi,67.47,1.4,14.36,13.99,5.46,47.4,41787101186,124458730944,34832628,103742325,2374.63,52.14,synthetic_demo,MODERATE
2026-10-07T01:55:09.943559+00:00,Ethernet0,Ethernet,15.17,0.0,0.18,168.75,45.42,,41815489671,124564199769,34856285,103830215,26144.01,10.05,synthetic_demo,GOOD
2026-10-07T01:55:14.943559+00:00,Ethernet0,Ethernet,10.43,0.0,0.82,137.65,50.52,,41847061872,124650231190,34882595,103901907,22969.46,30.84,synthetic_demo,GOOD
2026-10-07T01:55:19.943559+00:00,Wi-Fi,Wi-Fi,22.74,0.05,3.29,59.03,30.45,87.7,41866091001,124687125633,34898452,103932652,10922.57,43.34,synthetic_demo,GOOD
2026-10-07T01:55:24.943559+00:00,Ethernet0,Ethernet,14.96,0.0,0.9,142.17,47.54,,41895801785,124775984002,34923210,104006700,23158.04,21.44,synthetic_demo,GOOD
2026-10-07T01:55:29.943559+00:00,Ethernet0,Ethernet,12.64,0.0,2.73,110.63,42.13,,41922130853,124845124763,34945150,104064317,18646.45,23.74,synthetic_demo,GOOD
2026-10-07T01:55:34.943559+00:00,Ethernet0,Ethernet,277.17,48.35,62.03,1.11,0.26,,41922290572,124845818720,34945283,104064895,166.73,86.28,synthetic_demo,POOR
2026-10-07T01:55:39.943559+00:00,Wi-Fi,Wi-Fi,67.13,3.09,7.23,11.25,8.51,42.4,41927607011,124852850991,34949713,104070755,2411.86,54.36,synthetic_demo,MODERATE
2026-10-07T01:55:44.943559+00:00,Wi-Fi,Wi-Fi,84.76,1.45,25.24,11.14,8.5,53.0,41932921107,124859816192,34954141,104076559,2398.3,56.44,synthetic_demo,POOR
2026-10-07T01:55:49.943559+00:00,Wi-Fi,Wi-Fi,24.87,0.0,8.71,86.93,31.67,92.1,41952714079,124914145871,34970635,104121833,14477.08,12.66,synthetic_demo,MODERATE
2026-10-07T01:55:54.943559+00:00,Wi-Fi,Wi-Fi,23.75,0.0,5.78,58.32,15.64,76.6,41962491001,124950596934,34978782,104152208,9028.9,30.69,synthetic_demo,GOOD
2026-10-07T01:55:59.943559+00:00,Wi-Fi,Wi-Fi,97.19,0.85,18.92,21.78,3.66,50.7,41964778267,124964208114,34980688,104163550,3105.17,50.77,synthetic_demo,MODERATE
2026-10-07T01:56:04.943559+00:00,Wi-Fi,Wi-Fi,114.41,2.32,20.46,13.83,4.37,64.8,41967507022,124972854295,34982961,104170755,2221.67,89.43,synthetic_demo,MODERATE
2026-10-07T01:56:09.943559+00:00,Wi-Fi,Wi-Fi,94.65,1.93,28.79,8.4,4.18,78.1,41970121663,124978101451,34985139,104175127,1535.51,94.73,synthetic_demo,POOR
2026-10-07T01:56:14.943559+00:00,Ethernet0,Ethernet,12.14,0.0,3.22,129.03,39.31,,41994691224,125058743374,35005613,104242328,20549.12,27.24,synthetic_demo,GOOD
2026-10-07T01:56:19.943559+00:00,Wi-Fi,Wi-Fi,78.88,2.1,14.36,24.02,4.55,41.2,41997533784,125073753884,35007981,104254836,3486.93,73.71,synthetic_demo,MODERATE
2026-10-07T01:56:24.943559+00:00,Wi-Fi,Wi-Fi,23.36,0.0,5.72,66.98,25.07,95.3,42013199861,125115614732,35021036,104289720,11235.73,11.48,synthetic_demo,GOOD
2026-10-07T01:56:29.943559+00:00,Wi-Fi,Wi-Fi,106.9,6.09,41.06,7.61,2.57,27.6,42014806618,125120372294,35022374,104293684,1243.03,63.9,synthetic_demo,POOR
2026-10-07T01:56:34.943559+00:00,Wi-Fi,Wi-Fi,87.31,3.45,15.06,18.37,6.26,44.0,42018719007,125131853975,35025634,104303252,3006.65,44.79,synthetic_demo,MODERATE
2026-10-07T01:56:39.943559+00:00,Wi-Fi,Wi-Fi,76.2,2.51,13.31,25.96,5.99,35.2,42022462383,125148078127,35028753,104316772,3899.91,73.44,synthetic_demo,POOR
2026-10-07T01:56:44.943559+00:00,Ethernet0,Ethernet,12.94,0.0,2.71,131.37,51.13,,42054420574,125230186289,35055384,104385195,22278.58,23.47,synthetic_demo,GOOD
2026-10-07T01:56:49.943559+00:00,Wi-Fi,Wi-Fi,65.65,1.68,18.02,22.82,5.49,45.1,42057850172,125244447715,35058241,104397079,3455.28,55.65,synthetic_demo,MODERATE
2026-10-07T01:56:54.943559+00:00,Ethernet0,Ethernet,12.66,0.0,1.04,189.02,56.47,,42093141178,125362582536,35087650,104495524,29965.98,13.83,synthetic_demo,GOOD
2026-10-07T01:56:59.943559+00:00,Wi-Fi,Wi-Fi,22.05,0.0,0.86,74.61,18.61,76.2,42104772699,125409216830,35097342,104534385,11380.04,11.27,synthetic_demo,GOOD
2026-10-07T01:57:04.943559+00:00,Ethernet0,Ethernet,8.25,0.06,0.97,149.58,39.92,,42129719875,125502704580,35118131,104612291,23131.82,22.39,synthetic_demo,GOOD
2026-10-07T01:57:09.943559+00:00,Ethernet0,Ethernet,101.23,2.89,14.88,10.81,5.49,,42133152399,125509459469,35120991,104617920,1989.73,91.56,synthetic_demo,MODERATE
2026-10-07T01:57:14.943559+00:00,Ethernet0,Ethernet,12.0,0.0,0.15,127.33,39.64,,42157926543,125589037979,35141636,104684235,20381.38,31.86,synthetic_demo,GOOD
2026-10-07T01:57:19.943559+00:00,Wi-Fi,Wi-Fi,25.71,0.0,1.51,55.38,25.27,93.8,42173718776,125623649339,35154796,104713077,9844.45,29.45,synthetic_demo,GOOD
2026-10-07T01:57:24.943559+00:00,Wi-Fi,Wi-Fi,167.55,11.58,31.63,8.68,2.91,38.5,42175539976,125629073631,35156313,104717597,1415.14,67.44,synthetic_demo,POOR
2026-10-07T01:57:29.943559+00:00,Ethernet0,Ethernet,7.92,0.0,0.3,174.95,38.92,,42199864082,125738414391,35176583,104808714,26106.42,12.4,synthetic_demo,GOOD
2026-10-07T01:57:34.943559+00:00,Wi-Fi,Wi-Fi,85.26,2.38,14.67,21.86,9.15,37.8,42205581301,125752077340,35181347,104820099,3785.19,58.19,synthetic_demo,POOR
2026-10-07T01:57:39.943559+00:00,Wi-Fi,Wi-Fi,20.6,0.0,2.15,63.57,24.64,78.4,42220981169,125791805989,35194180,104853206,10767.29,26.28,synthetic_demo,GOOD
2026-10-07T01:57:44.943559+00:00,Ethernet0,Ethernet,15.44,0.0,0.38,147.56,54.06,,42254765852,125884027892,35222333,104930057,24610.66,6.39,synthetic_demo,GOOD
2026-10-07T01:57:49.943559+00:00,Ethernet0,Ethernet,90.24,2.14,27.53,10.53,5.4,,42258138495,125890612033,35225143,104935543,1944.68,92.94,synthetic_demo,POOR
2026-10-07T01:57:54.943559+00:00,Ethernet0,Ethernet,6.1,0.0,0.96,166.66,49.07,,42288808155,125994771893,35250701,105022342,26333.89,22.4,synthetic_demo,GOOD
2026-10-07T01:57:59.943559+00:00,Wi-Fi,Wi-Fi,20.0,0.0,1.59,65.76,26.97,90.0,42305663094,126035872067,35264746,105056592,11319.36,38.92,synthetic_demo,GOOD
2026-10-07T01:58:04.943559+00:00,Wi-Fi,Wi-Fi,78.84,1.44,19.69,15.26,4.01,45.8,42308168344,126045408913,35266833,105064539,2351.97,46.87,synthetic_demo,MODERATE
2026-10-07T01:58:09.943559+00:00,Wi-Fi,Wi-Fi,76.28,2.87,12.58,18.92,2.74,43.1,42309880202,126057232782,35268259,105074392,2643.7,46.88,synthetic_demo,MODERATE
2026-10-07T01:58:14.943559+00:00,Ethernet0,Ethernet,51.97,3.46,26.12,11.11,4.38,,42312617945,126064174223,35270540,105080176,1890.47,97.6,synthetic_demo,POOR
2026-10-07T01:58:19.943559+00:00,Wi-Fi,Wi-Fi,19.13,0.0,3.17,98.6,24.49,85.6,42327926026,126125799760,35283296,105131530,15026.1,19.33,synthetic_demo,GOOD
2026-10-07T01:58:24.943559+00:00,Ethernet0,Ethernet,11.45,0.02,2.43,165.16,37.52,,42351373602,126229025102,35302835,105217551,24740.8,33.63,synthetic_demo,GOOD
2026-10-07T01:58:29.943559+00:00,Wi-Fi,Wi-Fi,110.59,3.68,30.18,14.39,3.88,71.5,42353800743,126238016102,35304857,105225043,2230.11,92.42,synthetic_demo,POOR
2026-10-07T01:58:34.943559+00:00,Wi-Fi,Wi-Fi,87.51,2.36,19.28,26.14,5.23,54.0,42357069131,126254355542,35307580,105238659,3829.65,40.34,synthetic_demo,MODERATE
2026-10-07T01:58:39.943559+00:00,Wi-Fi,Wi-Fi,171.28,9.4,34.49,6.4,2.1,40.0,42358382055,126258353448,35308674,105241990,1037.27,75.1,synthetic_demo,POOR
2026-10-07T01:58:44.943559+00:00,Wi-Fi,Wi-Fi,146.78,9.82,16.52,4.28,1.72,31.2,42359458669,126261028501,35309571,105244219,732.75,76.99,synthetic_demo,POOR
2026-10-07T01:58:49.943559+00:00,Wi-Fi,Wi-Fi,83.13,7.55,17.92,10.51,0.88,32.2,42360006915,126267595843,35310027,105249691,1389.76,50.71,synthetic_demo,POOR
2026-10-07T01:58:54.943559+00:00,Wi-Fi,Wi-Fi,17.62,0.19,0.69,70.11,16.31,88.9,42370202764,126311413042,35318523,105286205,10549.42,44.68,synthetic_demo,GOOD
2026-10-07T01:58:59.943559+00:00,Wi-Fi,Wi-Fi,23.15,0.0,3.12,71.85,28.49,78.8,42388009400,126356321184,35333361,105323628,12248.98,19.9,synthetic_demo,GOOD
2026-10-07T01:59:04.943559+00:00,Wi-Fi,Wi-Fi,123.07,1.57,16.7,10.77,5.0,68.2,42391131815,126363054697,35335963,105329239,1924.99,97.85,synthetic_demo,MODERATE
2026-10-07T01:59:09.943559+00:00,Wi-Fi,Wi-Fi,33.55,0.0,3.32,65.02,33.85,89.6,42412290821,126403692173,35353595,105363103,12069.63,25.69,synthetic_demo,GOOD
2026-10-07T01:59:14.943559+00:00,Ethernet0,Ethernet,12.44,0.01,0.19,133.84,46.69,,42441470588,126487344134,35377911,105432812,22037.45,17.78,synthetic_demo,GOOD
2026-10-07T01:59:19.943559+00:00,Wi-Fi,Wi-Fi,153.42,11.04,25.94,6.75,0.01,44.1,42441476838,126491564175,35377916,105436328,825.45,68.74,synthetic_demo,POOR
2026-10-07T01:59:24.943559+00:00,Wi-Fi,Wi-Fi,134.69,4.67,43.35,7.47,1.87,27.8,42442647986,126496234503,35378891,105440219,1140.91,73.8,synthetic_demo,POOR
2026-10-07T01:59:29.943559+00:00,Wi-Fi,Wi-Fi,21.98,0.0,1.42,63.99,28.63,79.5,42460541857,126536225248,35393802,105473544,11305.59,39.48,synthetic_demo,GOOD
2026-10-07T01:59:34.943559+00:00,Ethernet0,Ethernet,9.31,0.0,0.75,169.44,36.36,,42483267712,126642124231,35412740,105561793,25122.04,8.03,synthetic_demo,GOOD
2026-10-07T01:59:39.943559+00:00,Wi-Fi,Wi-Fi,14.62,0.0,0.23,70.88,23.18,77.0,42497753833,126686424004,35424811,105598709,11481.62,17.08,synthetic_demo,GOOD
2026-10-07T01:59:44.943559+00:00,Wi-Fi,Wi-Fi,147.65,5.27,35.03,6.04,1.96,32.7,42498976787,126690198387,35425830,105601854,976.04,61.89,synthetic_demo,POOR
2026-10-07T01:59:49.943559+00:00,Wi-Fi,Wi-Fi,116.86,6.99,24.65,8.45,0.73,31.1,42499433537,126695481472,35426210,105606256,1121.06,53.27,synthetic_demo,POOR
2026-10-07T01:59:54.943559+00:00,Ethernet0,Ethernet,7.36,0.0,0.53,145.11,52.16,,42532030457,126786172964,35453374,105681832,24079.77,27.28,synthetic_demo,GOOD
2026-10-07T01:59:59.943559+00:00,Ethernet0,Ethernet,13.6,0.0,0.28,142.96,68.34,,42574742959,126875526078,35488967,105756292,25794.07,16.18,synthetic_demo,GOOD
2026-10-07T02:00:04.943559+00:00,Wi-Fi,Wi-Fi,197.65,11.64,35.04,6.95,1.96,26.9,42575968029,126879870176,35489987,105759912,1087.73,76.79,synthetic_demo,POOR
2026-10-07T02:00:09.943559+00:00,Wi-Fi,Wi-Fi,27.2,0.0,0.63,86.99,24.84,78.9,42591494709,126934240665,35502925,105805220,13651.79,39.7,synthetic_demo,GOOD
2026-10-07T02:00:14.943559+00:00,Wi-Fi,Wi-Fi,53.81,3.05,13.81,12.78,2.88,51.3,42593292590,126942227969,35504423,105811876,1911.17,40.36,synthetic_demo,MODERATE
2026-10-07T02:00:19.943559+00:00,Wi-Fi,Wi-Fi,202.93,29.86,79.27,2.19,0.92,29.0,42593868507,126943598893,35504902,105813018,380.24,78.18,synthetic_demo,POOR
2026-10-07T02:00:24.943559+00:00,Ethernet0,Ethernet,12.56,0.0,1.41,157.74,58.47,,42630411342,127042184415,35535354,105895172,26392.26,10.18,synthetic_demo,GOOD
2026-10-07T02:00:29.943559+00:00,Wi-Fi,Wi-Fi,88.67,2.38,11.74,19.69,7.09,44.5,42634844000,127054490320,35539047,105905426,3269.25,65.77,synthetic_demo,MODERATE
2026-10-07T02:00:34.943559+00:00,Ethernet0,Ethernet,9.39,0.0,1.61,153.51,37.04,,42657992398,127150432762,35558337,105985378,23259.93,33.73,synthetic_demo,GOOD
2026-10-07T02:00:39.943559+00:00,Wi-Fi,Wi-Fi,22.52,0.0,0.51,77.12,26.34,81.8,42674451805,127198630901,35572053,106025543,12628.43,16.21,synthetic_demo,GOOD
2026-10-07T02:00:44.943559+00:00,Wi-Fi,Wi-Fi,197.65,5.83,22.48,5.75,1.97,33.8,42675680153,127202223921,35573076,106028537,941.67,64.26,synthetic_demo,POOR
2026-10-07T02:00:49.943559+00:00,Wi-Fi,Wi-Fi,30.13,0.0,2.24,63.71,36.72,95.6,42698631986,127242041064,35592202,106061717,12259.57,21.12,synthetic_demo,GOOD
2026-10-07T02:00:54.943559+00:00,Ethernet0,Ethernet,291.91,19.6,42.7,0.55,0.81,,42699138949,127242386612,35592624,106062004,166.51,75.5,synthetic_demo,POOR
2026-10-07T02:00:59.943559+00:00,Wi-Fi,Wi-Fi,81.33,2.07,15.42,14.58,4.01,51.5,42701648012,127251501213,35594714,106069599,2270.25,52.31,synthetic_demo,MODERATE
2026-10-07T02:01:04.943559+00:00,Wi-Fi,Wi-Fi,29.53,0.0,4.59,85.96,25.88,90.8,42717822679,127305227508,35608192,106114370,13652.53,15.88,synthetic_demo,GOOD
2026-10-07T02:01:09.943559+00:00,Ethernet0,Ethernet,7.02,0.0,1.58,148.14,71.59,,42762569018,127397813892,35645480,106191525,26822.8,28.87,synthetic_demo,GOOD
2026-10-07T02:01:14.943559+00:00,Wi-Fi,Wi-Fi,30.19,0.0,1.13,74.27,33.17,95.6,42783299862,127444231022,35662755,106230205,13114.84,16.25,synthetic_demo,GOOD
2026-10-07T02:01:19.943559+00:00,Wi-Fi,Wi-Fi,19.9,0.0,0.38,89.34,19.33,76.8,42795381677,127500069727,35672823,106276737,13265.73,33.18,synthetic_demo,GOOD
2026-10-07T02:01:24.943559+00:00,Ethernet0,Ethernet,13.75,0.0,0.14,134.04,57.72,,42831455445,127583846141,35702884,106346550,23408.24,11.08,synthetic_demo,GOOD
2026-10-07T02:01:29.943559+00:00,Wi-Fi,Wi-Fi,24.21,0.0,2.25,73.27,20.4,82.5,42844204309,127629640232,35713508,106384711,11434.17,19.88,synthetic_demo,GOOD
2026-10-07T02:01:34.943559+00:00,Wi-Fi,Wi-Fi,19.28,0.0,0.28,118.37,24.57,93.9,42859558153,127703620343,35726302,106446361,17448.04,38.86,synthetic_demo,GOOD
2026-10-07T02:01:39.943559+00:00,Wi-Fi,Wi-Fi,152.4,1.01,23.22,13.1,4.48,60.5,42862360267,127711808076,35728637,106453184,2146.45,85.39,synthetic_demo,POOR
2026-10-07T02:01:44.943559+00:00,Ethernet0,Ethernet,91.18,1.27,18.24,12.74,2.38,,42863848455,127719768992,35729877,106459818,1845.53,91.73,synthetic_demo,MODERATE
2026-10-07T02:01:49.943559+00:00,Wi-Fi,Wi-Fi,65.79,2.62,26.41,11.64,4.16,76.1,42866447006,127727042931,35732042,106465879,1928.22,86.93,synthetic_demo,POOR
2026-10-07T02:01:54.943559+00:00,Ethernet0,Ethernet,13.75,0.0,3.46,131.44,55.95,,42901417245,127809190603,35761183,106534335,22874.59,22.11,synthetic_demo,GOOD
2026-10-07T02:01:59.943559+00:00,Ethernet0,Ethernet,11.53,0.0,4.27,160.67,26.38,,42917907630,127909606424,35774924,106618014,22833.24,13.03,synthetic_demo,GOOD
2026-10-07T02:02:04.943559+00:00,Ethernet0,Ethernet,76.84,3.37,19.18,11.67,2.05,,42919187637,127916898370,35775990,106624090,1674.21,87.0,synthetic_demo,MODERATE
2026-10-07T02:02:09.943559+00:00,Wi-Fi,Wi-Fi,23.91,0.0,0.31,57.9,23.33,90.8,42933771002,127953086786,35788142,106654247,9916.36,12.76,synthetic_demo,GOOD
2026-10-07T02:02:14.943559+00:00,Ethernet0,Ethernet,15.79,0.0,1.8,155.19,41.37,,42959628406,128050081375,35809689,106735075,23994.53,18.42,synthetic_demo,GOOD
2026-10-07T02:02:19.943559+00:00,Wi-Fi,Wi-Fi,159.57,11.82,35.55,6.98,2.33,39.9,42961084319,128054445711,35810902,106738711,1136.77,62.56,synthetic_demo,POOR
2026-10-07T02:02:24.943559+00:00,Ethernet0,Ethernet,139.83,1.78,10.78,14.65,4.25,,42963741594,128063600435,35813116,106746339,2307.03,89.95,synthetic_demo,MODERATE
2026-10-07T02:02:29.943559+00:00,Wi-Fi,Wi-Fi,55.74,2.25,23.13,31.54,5.67,51.2,42967287593,128083313489,35816070,106762766,4542.78,51.03,synthetic_demo,MODERATE
2026-10-07T02:02:34.943559+00:00,Ethernet0,Ethernet,9.43,0.0,1.02,157.67,58.94,,43004124085,128181856331,35846767,106844885,26441.28,8.01,synthetic_demo,GOOD
2026-10-07T02:02:39.943559+00:00,Ethernet0,Ethernet,125.43,2.3,26.71,11.47,6.43,,43008142199,128189022181,35850115,106850856,2184.37,95.31,synthetic_demo,POOR
2026-10-07T02:02:44.943559+00:00,Wi-Fi,Wi-Fi,97.53,0.8,14.29,18.68,4.14,48.0,43010727034,128200695900,35852269,106860584,2784.87,45.35,synthetic_demo,MODERATE
2026-10-07T02:02:49.943559+00:00,Wi-Fi,Wi-Fi,116.19,3.39,16.27,9.11,6.11,84.8,43014548897,128206390562,35855453,106865329,1858.7,94.28,synthetic_demo,MODERATE
2026-10-07T02:02:54.943559+00:00,Ethernet0,Ethernet,112.4,2.03,31.27,15.37,6.55,,43018642917,128215995956,35858864,106873333,2675.67,93.81,synthetic_demo,POOR
2026-10-07T02:02:59.943559+00:00,Wi-Fi,Wi-Fi,105.14,8.69,13.21,7.44,2.62,27.4,43020278930,128220643314,35860227,106877205,1227.22,58.59,synthetic_demo,POOR
2026-10-07T02:03:04.943559+00:00,Wi-Fi,Wi-Fi,88.36,3.21,11.93,25.12,1.94,49.1,43021489458,128236341857,35861235,106890287,3302.55,73.35,synthetic_demo,MODERATE
2026-10-07T02:03:09.943559+00:00,Ethernet0,Ethernet,15.74,0.0,2.88,166.57,56.7,,43056924323,128340448516,35890764,106977042,27254.2,33.53,synthetic_demo,GOOD
2026-10-07T02:03:14.943559+00:00,Wi-Fi,Wi-Fi,95.45,3.72,13.56,19.27,3.06,66.6,43058836525,128352491936,35892357,106987078,2725.71,94.19,synthetic_demo,MODERATE
2026-10-07T02:03:19.943559+00:00,Wi-Fi,Wi-Fi,93.55,1.67,18.27,24.42,7.78,43.2,43063700628,128367756436,35896410,106999798,3931.37,64.86,synthetic_demo,MODERATE
2026-10-07T02:03:24.943559+00:00,Ethernet0,Ethernet,104.05,3.35,36.09,12.49,6.68,,43067877524,128375565716,35899890,107006305,2341.05,88.61,synthetic_demo,POOR
2026-10-07T02:03:29.943559+00:00,Ethernet0,Ethernet,9.38,0.0,0.35,151.87,45.13,,43096085678,128470482090,35923396,107085401,24047.76,30.93,synthetic_demo,GOOD
2026-10-07T02:03:34.943559+00:00,Ethernet0,Ethernet,17.04,0.0,0.1,140.32,63.37,,43135692447,128558182297,35956401,107158484,24864.64,6.06,synthetic_demo,GOOD
2026-10-07T02:03:39.943559+00:00,Wi-Fi,Wi-Fi,137.8,7.12,23.55,7.12,2.21,44.1,43137074566,128562634011,35957552,107162193,1139.42,60.06,synthetic_demo,POOR
2026-10-07T02:03:44.943559+00:00,Wi-Fi,Wi-Fi,62.82,2.12,30.13,12.89,2.05,68.8,43138353269,128570689188,35958617,107168905,1823.02,93.45,synthetic_demo,POOR
2026-10-07T02:03:49.943559+00:00,Wi-Fi,Wi-Fi,72.92,10.05,28.75,9.74,2.45,43.4,43139882556,128576776556,35959891,107173977,1487.63,74.64,synthetic_demo,POOR
2026-10-07T02:03:54.943559+00:00,Ethernet0,Ethernet,116.98,2.49,20.64,11.34,2.14,,43141222968,128583866438,35961008,107179885,1646.54,93.08,synthetic_demo,MODERATE
2026-10-07T02:03:59.943559+00:00,Wi-Fi,Wi-Fi,73.96,2.44,12.28,18.18,3.41,36.0,43143352420,128595229093,35962782,107189353,2635.18,62.24,synthetic_demo,POOR
2026-10-07T02:04:04.943559+00:00,Ethernet0,Ethernet,80.93,1.49,21.42,5.73,0.89,,43143906969,128598810217,35963244,107192337,807.75,96.45,synthetic_demo,MODERATE
2026-10-07T02:04:09.943559+00:00,Wi-Fi,Wi-Fi,115.05,5.32,16.12,0.39,3.13,29.4,43145862574,128599056008,35964873,107192541,429.96,53.6,synthetic_demo,POOR
2026-10-07T02:04:14.943559+00:00,Wi-Fi,Wi-Fi,73.05,2.35,7.86,15.76,3.34,36.9,43147951363,128608903970,35966613,107200747,2331.4,59.61,synthetic_demo,POOR
2026-10-07T02:04:19.943559+00:00,Wi-Fi,Wi-Fi,59.65,0.58,14.61,19.38,7.89,40.6,43152880234,128621019352,35970720,107210843,3328.96,66.21,synthetic_demo,MODERATE
2026-10-07T02:04:24.943559+00:00,Ethernet0,Ethernet,13.48,0.0,0.41,163.43,43.21,,43179888855,128723162822,35993227,107295962,25225.02,10.82,synthetic_demo,GOOD
2026-10-07T02:04:29.943559+00:00,Wi-Fi,Wi-Fi,28.96,0.0,1.93,81.63,24.62,80.0,43195277058,128774178675,36006050,107338475,12969.54,27.99,synthetic_demo,GOOD
2026-10-07T02:04:34.943559+00:00,Ethernet0,Ethernet,122.12,2.28,8.44,18.21,4.94,,43198363491,128785559266,36008622,107347958,2825.59,92.0,synthetic_demo,MODERATE
2026-10-07T02:04:39.943559+00:00,Wi-Fi,Wi-Fi,25.17,0.0,4.27,90.59,22.33,76.3,43212320632,128842175738,36020252,107395138,13783.91,21.63,synthetic_demo,GOOD
2026-10-07T02:04:44.943559+00:00,Ethernet0,Ethernet,9.16,0.0,1.09,181.39,60.45,,43250100077,128955547232,36051734,107489614,29521.67,23.72,synthetic_demo,GOOD
2026-10-07T02:04:49.943559+00:00,Wi-Fi,Wi-Fi,20.16,0.0,3.1,82.36,20.2,84.0,43262726899,129007022594,36062256,107532510,12519.96,26.21,synthetic_demo,GOOD
2026-10-07T02:04:54.943559+00:00,Ethernet0,Ethernet,11.46,0.0,0.68,163.06,48.97,,43293334445,129108932842,36087762,107617435,25882.38,22.91,synthetic_demo,GOOD
2026-10-07T02:04:59.943559+00:00,Ethernet0,Ethernet,9.76,0.0,0.74,168.12,44.06,,43320870743,129214010540,36110708,107704999,25901.17,32.62,synthetic_demo,GOOD
2026-10-07T02:05:04.943559+00:00,Wi-Fi,Wi-Fi,29.65,0.0,0.75,71.86,23.84,92.5,43335770299,129258920945,36123124,107742424,11681.63,27.85,synthetic_demo,GOOD
2026-10-07T02:05:09.943559+00:00,Wi-Fi,Wi-Fi,121.05,7.92,41.28,6.6,2.27,43.5,43337187982,129263046009,36124305,107745861,1082.57,57.47,synthetic_demo,POOR
2026-10-07T02:05:14.943559+00:00,Wi-Fi,Wi-Fi,63.71,3.01,17.72,9.72,12.76,39.6,43345165785,129269122200,36130953,107750924,2744.92,63.63,synthetic_demo,POOR
2026-10-07T02:05:19.943559+00:00,Ethernet0,Ethernet,12.73,0.0,0.74,179.13,38.9,,43369480172,129381075766,36151214,107844218,26614.83,7.71,synthetic_demo,GOOD
2026-10-07T02:05:24.943559+00:00,Ethernet0,Ethernet,10.51,0.0,0.35,138.29,64.87,,43410026730,129467507750,36185002,107916244,24800.5,24.81,synthetic_demo,GOOD
2026-10-07T02:05:29.943559+00:00,Wi-Fi,Wi-Fi,130.58,1.15,26.39,13.02,2.5,67.9,43411589492,129475646682,36186304,107923026,1894.86,85.42,synthetic_demo,POOR
2026-10-07T02:05:34.943559+00:00,Wi-Fi,Wi-Fi,28.51,0.0,2.85,83.63,28.83,78.2,43429608157,129527914884,36201319,107966582,13727.9,22.17,synthetic_demo,GOOD
2026-10-07T02:05:39.943559+00:00,Wi-Fi,Wi-Fi,132.6,5.36,54.64,6.11,1.95,28.1,43430825533,129531731637,36202333,107969762,983.23,56.02,synthetic_demo,POOR
2026-10-07T02:05:44.943559+00:00,Ethernet0,Ethernet,154.51,2.34,33.12,19.84,5.99,,43434571710,129544133365,36205454,107980096,3153.89,98.55,synthetic_demo,POOR
2026-10-07T02:05:49.943559+00:00,Wi-Fi,Wi-Fi,128.67,1.31,36.06,7.57,3.3,68.3,43436634501,129548867677,36207172,107984041,1327.56,98.32,synthetic_demo,POOR
2026-10-07T02:05:54.943559+00:00,Wi-Fi,Wi-Fi,23.71,0.0,3.97,102.13,32.01,91.2,43456642697,129612700706,36223845,108037235,16375.24,18.53,synthetic_demo,GOOD
2026-10-07T02:05:59.943559+00:00,Ethernet0,Ethernet,112.47,2.56,12.9,11.21,2.9,,43458455525,129619706603,36225355,108043073,1722.41,85.14,synthetic_demo,MODERATE
2026-10-07T02:06:04.943559+00:00,Wi-Fi,Wi-Fi,20.37,0.0,3.48,85.15,33.87,90.9,43479625582,129672927185,36242996,108087423,14529.42,44.37,synthetic_demo,GOOD
2026-10-07T02:06:09.943559+00:00,Wi-Fi,Wi-Fi,194.72,53.44,75.55,2.16,0.91,10.1,43480192552,129674276727,36243468,108088547,374.32,78.95,synthetic_demo,POOR
2026-10-07T02:06:14.943559+00:00,Wi-Fi,Wi-Fi,72.25,1.99,9.53,23.21,4.1,40.4,43482757881,129688780085,36245605,108100633,3333.73,69.89,synthetic_demo,MODERATE
2026-10-07T02:06:19.943559+00:00,Wi-Fi,Wi-Fi,22.71,0.0,2.79,58.34,30.0,95.0,43501507533,129725243479,36261229,108131019,10783.8,29.11,synthetic_demo,GOOD
2026-10-07T02:06:24.943559+00:00,Wi-Fi,Wi-Fi,26.33,0.0,5.66,73.11,31.59,79.9,43521250204,129770940129,36277681,108169099,12781.12,41.87,synthetic_demo,GOOD
2026-10-07T02:06:29.943559+00:00,Ethernet0,Ethernet,9.59,0.0,1.74,169.63,41.61,,43547256272,129876959908,36299352,108257448,25786.3,9.24,synthetic_demo,GOOD
2026-10-07T02:06:34.943559+00:00,Ethernet0,Ethernet,108.67,1.92,33.09,12.18,2.98,,43549118914,129884573574,36300904,108263792,1850.84,86.38,synthetic_demo,POOR
2026-10-07T02:06:39.943559+00:00,Ethernet0,Ethernet,13.28,0.0,2.03,142.6,39.86,,43574029364,129973697715,36321662,108338062,22272.38,31.11,synthetic_demo,GOOD
2026-10-07T02:06:44.943559+00:00,Wi-Fi,Wi-Fi,73.62,0.74,18.34,12.92,4.46,39.8,43576818836,129981772074,36323986,108344790,2121.84,57.29,synthetic_demo,MODERATE
2026-10-07T02:06:49.943559+00:00,Wi-Fi,Wi-Fi,20.05,0.0,2.9,78.28,25.77,89.4,43592928050,130030694897,36337410,108385559,12701.57,42.51,synthetic_demo,GOOD
2026-10-07T02:06:54.943559+00:00,Wi-Fi,Wi-Fi,110.93,1.67,33.74,24.87,5.1,60.7,43596118144,130046237355,36340068,108398511,3658.7,94.67,synthetic_demo,POOR
2026-10-07T02:06:59.943559+00:00,Wi-Fi,Wi-Fi,99.71,7.93,29.63,11.85,1.52,41.4,43597070399,130053645346,36340861,108404684,1632.86,77.64,synthetic_demo,POOR
2026-10-07T02:07:04.943559+00:00,Ethernet0,Ethernet,167.37,1.27,18.42,14.31,6.54,,43601157317,130062587638,36344266,108412135,2544.77,88.06,synthetic_demo,POOR
2026-10-07T02:07:09.943559+00:00,Wi-Fi,Wi-Fi,105.66,2.81,22.31,12.84,4.87,79.6,43604203656,130070611773,36346804,108418821,2162.2,98.66,synthetic_demo,MODERATE
2026-10-07T02:07:14.943559+00:00,Ethernet0,Ethernet,16.55,0.0,0.81,154.34,39.7,,43629014481,130167076614,36367479,108499208,23686.65,28.77,synthetic_demo,GOOD
2026-10-07T02:07:19.943559+00:00,Ethernet0,Ethernet,5.98,0.0,0.47,167.67,59.02,,43665898968,130271870281,36398216,108586536,27671.51,29.23,synthetic_demo,GOOD
2026-10-07T02:07:24.943559+00:00,Ethernet0,Ethernet,119.9,3.35,28.25,6.45,6.63,,43670042186,130275902914,36401668,108589896,1596.85,87.36,synthetic_demo,POOR
2026-10-07T02:07:29.943559+00:00,Wi-Fi,Wi-Fi,31.49,0.0,1.01,80.39,25.39,96.9,43685909235,130326143799,36414890,108631763,12911.71,17.95,synthetic_demo,GOOD
2026-10-07T02:07:34.943559+00:00,Wi-Fi,Wi-Fi,30.73,0.0,0.81,69.81,20.69,83.1,43698841019,130369773394,36425666,108668120,11047.14,38.17,synthetic_demo,GOOD
2026-10-07T02:07:39.943559+00:00,Ethernet0,Ethernet,10.19,0.0,2.31,119.05,55.3,,43733405885,130444179256,36454470,108730124,21283.35,11.84,synthetic_demo,GOOD
2026-10-07T02:07:44.943559+00:00,Wi-Fi,Wi-Fi,27.21,0.3,0.14,83.58,24.29,86.0,43748587520,130496418962,36467121,108773657,13168.23,38.56,synthetic_demo,GOOD
2026-10-07T02:07:49.943559+00:00,Ethernet0,Ethernet,9.65,0.0,0.25,135.14,40.51,,43773905732,130580884212,36488219,108844044,21442.08,8.71,synthetic_demo,GOOD
2026-10-07T02:07:54.943559+00:00,Wi-Fi,Wi-Fi,170.22,6.31,22.65,5.66,3.25,31.5,43775938406,130584420784,36489912,108846991,1087.74,64.43,synthetic_demo,POOR
2026-10-07T02:07:59.943559+00:00,Ethernet0,Ethernet,12.37,0.18,0.1,187.12,51.97,,43808421903,130701370520,36516981,108944449,29186.18,20.17,synthetic_demo,GOOD
2026-10-07T02:08:04.943559+00:00,Wi-Fi,Wi-Fi,105.85,0.72,18.79,13.72,6.15,42.1,43812263268,130709942593,36520182,108951592,2424.5,42.1,synthetic_demo,MODERATE
2026-10-07T02:08:09.943559+00:00,Ethernet0,Ethernet,14.46,0.0,0.49,153.17,45.75,,43840854492,130805674508,36544008,109031368,24281.86,19.57,synthetic_demo,GOOD
2026-10-07T02:08:14.943559+00:00,Wi-Fi,Wi-Fi,120.03,1.18,17.43,10.38,5.18,62.2,43844088958,130812164755,36546703,109036776,1899.36,95.64,synthetic_demo,MODERATE
2026-10-07T02:08:19.943559+00:00,Wi-Fi,Wi-Fi,15.37,0.0,0.1,78.65,19.09,91.4,43856018776,130861320769,36556644,109077739,11930.83,31.99,synthetic_demo,GOOD
2026-10-07T02:08:24.943559+00:00,Wi-Fi,Wi-Fi,185.16,9.38,37.44,9.65,0.17,27.4,43856124042,130867349817,36556731,109082763,1198.11,77.28,synthetic_demo,POOR
2026-10-07T02:08:29.943559+00:00,Wi-Fi,Wi-Fi,87.67,10.21,37.72,4.8,1.39,25.3,43856994709,130870349276,36557456,109085262,755.88,63.4,synthetic_demo,POOR
2026-10-07T02:08:34.943559+00:00,Wi-Fi,Wi-Fi,37.67,0.0,0.28,77.97,24.92,91.5,43872569002,130919080739,36570434,109125871,12559.72,29.14,synthetic_demo,GOOD
2026-10-07T02:08:39.943559+00:00,Wi-Fi,Wi-Fi,114.17,11.68,32.43,6.63,2.49,27.0,43874126906,130923224243,36571732,109129323,1113.56,57.27,synthetic_demo,POOR
2026-10-07T02:08:44.943559+00:00,Wi-Fi,Wi-Fi,167.02,46.31,56.47,1.41,0.07,24.9,43874168640,130924104587,36571766,109130056,180.09,75.66,synthetic_demo,POOR
2026-10-07T02:08:49.943559+00:00,Wi-Fi,Wi-Fi,118.36,7.04,42.66,2.11,3.88,26.9,43876592416,130925425283,36573785,109131156,731.34,74.47,synthetic_demo,POOR
2026-10-07T02:08:54.943559+00:00,Wi-Fi,Wi-Fi,101.4,5.04,23.44,7.22,2.54,32.5,43878179366,130929935247,36575107,109134914,1190.8,50.66,synthetic_demo,POOR
2026-10-07T02:08:59.943559+00:00,Ethernet0,Ethernet,4.23,0.0,2.22,140.96,39.27,,43902722269,131018035151,36595559,109208330,22000.55,29.0,synthetic_demo,GOOD
2026-10-07T02:09:04.943559+00:00,Wi-Fi,Wi-Fi,67.25,1.5,19.84,13.31,6.02,36.9,43906484614,131026356372,36598694,109215264,2360.07,73.63,synthetic_demo,MODERATE
2026-10-07T02:09:09.943559+00:00,Ethernet0,Ethernet,9.17,0.0,0.33,135.95,53.66,,43940023392,131111328093,36626642,109286073,23146.58,19.58,synthetic_demo,GOOD
2026-10-07T02:09:14.943559+00:00,Ethernet0,Ethernet,12.73,0.0,0.28,175.61,50.83,,43971792148,131221084575,36653115,109377536,27641.65,26.18,synthetic_demo,GOOD
2026-10-07T02:09:19.943559+00:00,Wi-Fi,Wi-Fi,295.91,38.96,40.56,0.39,0.79,26.9,43972288684,131221329684,36653528,109377740,144.85,90.05,synthetic_demo,POOR
2026-10-07T02:09:24.943559+00:00,Wi-Fi,Wi-Fi,27.57,0.0,0.83,71.16,27.49,93.8,43989470362,131265804834,36667846,109414802,12042.35,20.01,synthetic_demo,GOOD
2026-10-07T02:09:29.943559+00:00,Ethernet0,Ethernet,91.56,1.6,25.52,21.39,2.15,,43990812939,131279170957,36668964,109425940,2872.79,89.56,synthetic_demo,POOR
2026-10-07T02:09:34.943559+00:00,Wi-Fi,Wi-Fi,92.28,4.67,34.79,7.97,4.69,38.8,43993745310,131284155040,36671407,109430093,1546.18,72.74,synthetic_demo,POOR
2026-10-07T02:09:39.943559+00:00,Wi-Fi,Wi-Fi,131.64,4.56,41.42,10.38,3.09,35.4,43995675375,131290639807,36673015,109435496,1643.52,74.13,synthetic_demo,POOR
2026-10-07T02:09:44.943559+00:00,Wi-Fi,Wi-Fi,261.39,26.03,41.31,1.2,0.52,19.5,43995998525,131291386780,36673284,109436118,209.01,87.95,synthetic_demo,POOR
2026-10-07T02:09:49.943559+00:00,Ethernet0,Ethernet,10.56,0.0,0.13,183.43,37.92,,44019696953,131406031926,36693032,109531655,27020.23,11.88,synthetic_demo,GOOD
2026-10-07T02:09:54.943559+00:00,Ethernet0,Ethernet,14.84,0.0,1.35,173.09,63.65,,44059480407,131514211332,36726184,109621804,28899.0,30.9,synthetic_demo,GOOD
2026-10-07T02:09:59.943559+00:00,Wi-Fi,Wi-Fi,28.0,0.0,2.38,56.52,18.06,84.0,44070764967,131549534850,36735587,109651240,9103.14,38.95,synthetic_demo,GOOD
2026-10-07T02:10:04.943559+00:00,Ethernet0,Ethernet,13.03,0.0,0.86,150.14,57.6,,44106765442,131643375064,36765587,109729440,25359.51,26.75,synthetic_demo,GOOD
2026-10-07T02:10:09.943559+00:00,Ethernet0,Ethernet,10.81,0.0,2.13,160.49,40.61,,44132149122,131743681834,36786740,109813028,24548.92,29.87,synthetic_demo,GOOD
2026-10-07T02:10:14.943559+00:00,Wi-Fi,Wi-Fi,16.79,0.0,7.81,59.29,33.06,76.5,44152812597,131780736214,36803959,109843906,11273.02,30.06,synthetic_demo,GOOD
2026-10-07T02:10:19.943559+00:00,Wi-Fi,Wi-Fi,150.28,2.3,14.53,9.66,6.17,63.8,44156669585,131786774559,36807173,109848937,1932.68,91.46,synthetic_demo,POOR
2026-10-07T02:10:24.943559+00:00,Wi-Fi,Wi-Fi,65.54,3.28,8.6,15.86,4.91,40.2,44159737566,131796686715,36809729,109857197,2535.18,59.98,synthetic_demo,MODERATE
2026-10-07T02:10:29.943559+00:00,Wi-Fi,Wi-Fi,21.19,0.0,0.31,72.57,25.82,86.4,44175873110,131842042585,36823175,109894993,12010.04,12.36,synthetic_demo,GOOD
2026-10-07T02:10:34.943559+00:00,Ethernet0,Ethernet,184.42,2.21,33.91,5.73,3.75,,44178218918,131845622785,36825129,109897976,1157.42,86.75,synthetic_demo,POOR
2026-10-07T02:10:39.943559+00:00,Ethernet0,Ethernet,12.09,0.0,1.7,180.2,54.5,,44212280059,131958247459,36853513,109991829,28649.57,27.22,synthetic_demo,GOOD
2026-10-07T02:10:44.943559+00:00,Ethernet0,Ethernet,11.11,0.0,2.67,170.35,47.67,,44242073253,132064714190,36878340,110080551,26613.27,10.83,synthetic_demo,GOOD
2026-10-07T02:10:49.943559+00:00,Ethernet0,Ethernet,62.74,2.14,26.72,7.96,6.17,,44245929521,132069688625,36881553,110084696,1724.75,89.83,synthetic_demo,POOR
2026-10-07T02:10:54.943559+00:00,Wi-Fi,Wi-Fi,51.74,2.92,15.82,19.36,6.4,52.4,44249926655,132081786077,36884883,110094777,3143.47,63.96,synthetic_demo,MODERATE
2026-10-07T02:10:59.943559+00:00,Wi-Fi,Wi-Fi,130.23,2.71,23.89,9.74,2.34,84.5,44251386721,132087876402,36886099,110099852,1474.69,97.62,synthetic_demo,MODERATE
2026-10-07T02:11:04.943559+00:00,Ethernet0,Ethernet,11.28,0.0,2.33,171.12,63.07,,44290807402,132194826711,36918949,110188977,28588.08,8.18,synthetic_demo,GOOD
2026-10-07T02:11:09.943559+00:00,Wi-Fi,Wi-Fi,141.66,8.65,33.1,7.46,1.95,34.3,44292023346,132199489813,36919962,110192862,1148.25,72.45,synthetic_demo,POOR
2026-10-07T02:11:14.943559+00:00,Wi-Fi,Wi-Fi,104.09,2.66,8.23,19.64,10.67,41.0,44298692747,132211762994,36925519,110203089,3699.72,62.53,synthetic_demo,MODERATE
2026-10-07T02:11:19.943559+00:00,Wi-Fi,Wi-Fi,79.49,3.36,17.92,11.43,10.74,50.8,44305402803,132218909564,36931110,110209044,2706.37,45.63,synthetic_demo,MODERATE
2026-10-07T02:11:24.943559+00:00,Wi-Fi,Wi-Fi,62.06,1.4,3.62,13.94,5.59,39.0,44308894514,132227619738,36934019,110216302,2383.18,51.74,synthetic_demo,MODERATE
2026-10-07T02:11:29.943559+00:00,Wi-Fi,Wi-Fi,115.73,7.1,37.13,6.28,1.28,37.2,44309696727,132231546054,36934687,110219573,923.54,80.29,synthetic_demo,POOR
2026-10-07T02:11:34.943559+00:00,Wi-Fi,Wi-Fi,63.56,0.91,19.25,16.34,6.21,37.7,44313577986,132241756225,36937921,110228081,2752.23,57.0,synthetic_demo,MODERATE
2026-10-07T02:11:39.943559+00:00,Wi-Fi,Wi-Fi,86.92,2.22,12.13,13.49,10.56,40.1,44320175621,132250186623,36943419,110235106,2935.16,60.63,synthetic_demo,MODERATE
2026-10-07T02:11:44.943559+00:00,Ethernet0,Ethernet,244.45,52.79,20.12,0.46,0.57,,44320530597,132250472145,36943714,110235343,125.1,80.45,synthetic_demo,POOR
2026-10-07T02:11:49.943559+00:00,Ethernet0,Ethernet,135.34,3.51,31.46,22.86,6.67,,44324697391,132264761888,36947186,110247251,3604.79,94.9,synthetic_demo,POOR
2026-10-07T02:11:54.943559+00:00,Wi-Fi,Wi-Fi,24.12,0.0,0.82,74.0,27.21,93.5,44341704912,132311010142,36961358,110285791,12354.64,42.76,synthetic_demo,GOOD
2026-10-07T02:11:59.943559+00:00,Ethernet0,Ethernet,105.08,2.21,24.29,6.04,3.86,,44344118081,132314785301,36963368,110288936,1208.66,92.08,synthetic_demo,MODERATE
2026-10-07T02:12:04.943559+00:00,Wi-Fi,Wi-Fi,30.15,0.0,1.64,51.3,18.98,95.4,44355981023,132346847979,36973253,110315654,8579.22,12.08,synthetic_demo,GOOD
2026-10-07T02:12:09.943559+00:00,Ethernet0,Ethernet,12.18,0.0,0.31,163.16,58.16,,44392333600,132448819990,37003546,110400630,27016.52,9.18,synthetic_demo,GOOD
2026-10-07T02:12:14.943559+00:00,Wi-Fi,Wi-Fi,81.59,0.88,10.71,15.02,6.66,39.3,44396493318,132458204961,37007012,110408450,2645.45,63.35,synthetic_demo,MODERATE
2026-10-07T02:12:19.943559+00:00,Ethernet0,Ethernet,204.22,44.34,57.87,1.04,0.38,,44396728444,132458857904,37007207,110408994,173.45,79.56,synthetic_demo,POOR
2026-10-07T02:12:24.943559+00:00,Ethernet0,Ethernet,190.48,48.41,53.91,0.86,0.98,,44397340344,132459397738,37007716,110409443,224.95,99.34,synthetic_demo,POOR
2026-10-07T02:12:29.943559+00:00,Wi-Fi,Wi-Fi,19.45,0.0,1.3,67.28,37.36,79.9,44420690879,132501448546,37027174,110444485,12773.7,33.11,synthetic_demo,GOOD
2026-10-07T02:12:34.943559+00:00,Wi-Fi,Wi-Fi,99.22,1.65,8.47,24.21,8.47,45.2,44425984698,132516580254,37031585,110457094,3989.36,64.67,synthetic_demo,MODERATE
2026-10-07T02:12:39.943559+00:00,Ethernet0,Ethernet,9.47,0.0,0.42,147.94,51.51,,44458177531,132609042655,37058412,110534146,24346.73,16.02,synthetic_demo,GOOD
2026-10-07T02:12:44.943559+00:00,Wi-Fi,Wi-Fi,224.41,51.9,47.57,0.69,0.19,19.2,44458298880,132609476293,37058513,110534507,108.4,96.56,synthetic_demo,POOR
2026-10-07T02:12:49.943559+00:00,Wi-Fi,Wi-Fi,335.26,40.59,56.65,1.16,0.73,26.5,44458755476,132610198740,37058893,110535109,230.28,87.72,synthetic_demo,POOR
2026-10-07T02:12:54.943559+00:00,Wi-Fi,Wi-Fi,82.42,3.12,21.43,18.34,6.0,47.1,44462507660,132621662009,37062019,110544661,2971.77,61.33,synthetic_demo,MODERATE
2026-10-07T02:12:59.943559+00:00,Wi-Fi,Wi-Fi,157.23,10.36,40.57,8.12,3.07,25.8,44464424222,132626733907,37063616,110548887,1364.93,65.47,synthetic_demo,POOR
2026-10-07T02:13:04.943559+00:00,Ethernet0,Ethernet,140.01,3.62,24.98,6.19,4.93,,44467504180,132630601170,37066182,110552109,1356.88,93.66,synthetic_demo,POOR
2026-10-07T02:13:09.943559+00:00,Wi-Fi,Wi-Fi,89.92,0.56,19.56,22.48,7.85,43.6,44472412666,132644652971,37070272,110563818,3703.18,74.78,synthetic_demo,MODERATE
2026-10-07T02:13:14.943559+00:00,Ethernet0,Ethernet,13.94,0.0,1.3,155.29,63.05,,44511819907,132741706398,37103111,110644695,26652.47,20.81,synthetic_demo,GOOD
2026-10-07T02:13:19.943559+00:00,Wi-Fi,Wi-Fi,19.16,0.0,2.59,62.94,25.95,87.8,44528041374,132781046404,37116628,110677478,10851.85,28.43,synthetic_demo,GOOD
2026-10-07T02:13:24.943559+00:00,Wi-Fi,Wi-Fi,106.54,1.16,19.54,14.93,5.83,74.6,44531687367,132790378566,37119666,110685254,2534.8,92.36,synthetic_demo,MODERATE
2026-10-07T02:13:29.943559+00:00,Wi-Fi,Wi-Fi,158.63,1.79,32.29,12.49,1.94,62.2,44532897422,132798185646,37120674,110691759,1761.16,94.28,synthetic_demo,POOR
2026-10-07T02:13:34.943559+00:00,Wi-Fi,Wi-Fi,23.42,0.0,0.4,59.03,28.18,86.7,44550507206,132835080645,37135348,110722504,10645.47,20.72,synthetic_demo,GOOD
2026-10-07T02:13:39.943559+00:00,Ethernet0,Ethernet,218.69,58.18,33.31,0.86,0.66,,44550921183,132835621232,37135692,110722954,186.44,79.5,synthetic_demo,POOR
2026-10-07T02:13:44.943559+00:00,Ethernet0,Ethernet,12.69,0.0,0.9,133.03,63.7,,44590731439,132918767320,37168867,110792242,24014.91,17.45,synthetic_demo,GOOD
2026-10-07T02:13:49.943559+00:00,Wi-Fi,Wi-Fi,106.74,2.34,11.45,9.59,8.18,42.0,44595845162,132924762921,37173128,110797238,2169.79,62.23,synthetic_demo,MODERATE
2026-10-07T02:13:54.943559+00:00,Wi-Fi,Wi-Fi,104.81,1.71,30.67,14.8,0.96,82.8,44596442954,132934014839,37173626,110804947,1923.77,86.9,synthetic_demo,POOR
2026-10-07T02:13:59.943559+00:00,Ethernet0,Ethernet,96.02,2.93,24.9,12.72,2.6,,44598070478,132941966662,37174982,110811573,1870.97,89.95,synthetic_demo,MODERATE
2026-10-07T02:14:04.943559+00:00,Wi-Fi,Wi-Fi,96.4,1.67,16.04,15.34,7.45,46.1,44602724907,132951554481,37178860,110819562,2781.69,65.38,synthetic_demo,MODERATE
2026-10-07T02:14:09.943559+00:00,Wi-Fi,Wi-Fi,27.42,0.0,4.11,85.67,23.62,78.8,44617485538,133005100670,37191160,110864183,13341.18,21.05,synthetic_demo,GOOD
2026-10-07T02:14:14.943559+00:00,Ethernet0,Ethernet,15.86,0.0,0.35,149.86,45.6,,44645985825,133098764664,37214910,110942236,23860.21,19.51,synthetic_demo,GOOD
2026-10-07T02:14:19.943559+00:00,Wi-Fi,Wi-Fi,59.03,2.12,24.33,13.14,7.25,40.2,44650518329,133106975715,37218687,110949078,2488.98,61.96,synthetic_demo,MODERATE
2026-10-07T02:14:24.943559+00:00,Wi-Fi,Wi-Fi,72.97,2.33,11.75,8.35,3.83,44.5,44652909726,133112194210,37220679,110953426,1486.31,53.53,synthetic_demo,MODERATE
2026-10-07T02:14:29.943559+00:00,Ethernet0,Ethernet,10.88,0.0,0.9,129.19,47.79,,44682780985,133192938146,37245571,111020712,21604.53,8.94,synthetic_demo,GOOD
2026-10-07T02:14:34.943559+00:00,Ethernet0,Ethernet,118.77,1.24,22.96,21.06,4.89,,44685838552,133206101017,37248118,111031681,3168.05,90.65,synthetic_demo,MODERATE
2026-10-07T02:14:39.943559+00:00,Wi-Fi,Wi-Fi,28.15,0.0,0.45,90.09,24.58,75.4,44701202209,133262404751,37260921,111078600,13997.54,42.64,synthetic_demo,GOOD
2026-10-07T02:14:44.943559+00:00,Wi-Fi,Wi-Fi,105.08,2.55,14.2,8.81,3.32,75.4,44703276052,133267910313,37262649,111083187,1480.35,98.6,synthetic_demo,MODERATE
2026-10-07T02:14:49.943559+00:00,Wi-Fi,Wi-Fi,104.21,8.69,26.7,6.11,2.09,28.4,44704579447,133271730301,37263735,111086370,1000.66,65.81,synthetic_demo,POOR
2026-10-07T02:14:54.943559+00:00,Ethernet0,Ethernet,14.24,0.0,0.55,138.44,46.51,,44733649580,133358256432,37287960,111158475,22577.4,22.91,synthetic_demo,GOOD
2026-10-07T02:14:59.943559+00:00,Ethernet0,Ethernet,12.4,0.0,4.03,145.08,51.42,,44765784941,133448932059,37314739,111234038,23986.52,7.91,synthetic_demo,GOOD
2026-10-07T02:15:04.943559+00:00,Ethernet0,Ethernet,81.4,3.28,29.51,12.44,3.04,,44767687512,133456704354,37316324,111240514,1889.62,93.82,synthetic_demo,POOR
2026-10-07T02:15:09.943559+00:00,Wi-Fi,Wi-Fi,92.21,0.52,7.96,14.65,5.72,48.1,44771260902,133465860725,37319301,111248144,2486.28,65.62,synthetic_demo,MODERATE
2026-10-07T02:15:14.943559+00:00,Ethernet0,Ethernet,129.58,3.06,29.03,7.45,7.31,,44775827906,133470516655,37323106,111252023,1801.35,85.01,synthetic_demo,POOR
2026-10-07T02:15:19.943559+00:00,Wi-Fi,Wi-Fi,173.84,6.44,30.19,7.11,0.69,27.8,44776256997,133474962855,37323463,111255728,952.21,57.3,synthetic_demo,POOR
2026-10-07T02:15:24.943559+00:00,Wi-Fi,Wi-Fi,125.91,8.65,29.61,7.73,2.68,32.1,44777929190,133479793326,37324856,111259753,1270.05,81.86,synthetic_demo,POOR
2026-10-07T02:15:29.943559+00:00,Wi-Fi,Wi-Fi,147.01,37.07,77.4,1.45,0.28,12.5,44778102438,133480701684,37325000,111260509,211.25,98.13,synthetic_demo,POOR
2026-10-07T02:15:34.943559+00:00,Wi-Fi,Wi-Fi,78.54,2.9,17.65,33.26,7.27,35.3,44782647899,133501487545,37328787,111277830,4947.52,67.87,synthetic_demo,POOR
2026-10-07T02:15:39.943559+00:00,Wi-Fi,Wi-Fi,20.79,0.09,0.94,73.98,18.87,81.5,44794442074,133547726943,37338615,111316362,11334.68,44.77,synthetic_demo,GOOD
2026-10-07T02:15:44.943559+00:00,Wi-Fi,Wi-Fi,33.01,0.0,1.58,103.91,26.68,82.6,44811118924,133612670068,37352512,111370481,15941.4,36.32,synthetic_demo,GOOD
2026-10-07T02:15:49.943559+00:00,Ethernet0,Ethernet,10.79,0.0,6.73,160.89,51.14,,44843081383,133713226483,37379147,111454278,25882.59,24.41,synthetic_demo,GOOD
2026-10-07T02:15:54.943559+00:00,Wi-Fi,Wi-Fi,76.67,3.23,10.74,18.58,4.25,48.7,44845740403,133724841300,37381362,111463957,2787.86,64.59,synthetic_demo,MODERATE
2026-10-07T02:15:59.943559+00:00,Wi-Fi,Wi-Fi,22.95,0.0,3.34,73.14,28.02,80.1,44863253804,133770551095,37395956,111502048,12348.28,10.35,synthetic_demo,GOOD
2026-10-07T02:16:04.943559+00:00,Ethernet0,Ethernet,212.07,47.69,73.91,1.15,0.21,,44863387009,133771271201,37396067,111502648,166.66,72.72,synthetic_demo,POOR
2026-10-07T02:16:09.943559+00:00,Wi-Fi,Wi-Fi,59.77,2.63,18.79,16.74,1.84,42.0,44864535212,133781733875,37397023,111511366,2267.75,44.6,synthetic_demo,MODERATE
2026-10-07T02:16:14.943559+00:00,Wi-Fi,Wi-Fi,86.06,2.28,21.64,20.18,4.71,36.9,44867479990,133794348893,37399476,111521878,3039.02,50.34,synthetic_demo,POOR
2026-10-07T02:16:19.943559+00:00,Wi-Fi,Wi-Fi,20.4,0.0,9.98,92.53,28.16,82.5,44885080678,133852177420,37414143,111570068,14732.27,15.06,synthetic_demo,MODERATE
2026-10-07T02:16:24.943559+00:00,Ethernet0,Ethernet,9.84,0.0,0.63,132.73,62.92,,44924407678,133935132225,37446915,111639197,23883.17,24.72,synthetic_demo,GOOD
2026-10-07T02:16:29.943559+00:00,Ethernet0,Ethernet,9.53,0.0,3.75,162.8,41.88,,44950582844,134036884143,37468727,111723990,24985.76,15.43,synthetic_demo,GOOD
2026-10-07T02:16:34.943559+00:00,Wi-Fi,Wi-Fi,21.42,0.0,0.45,42.92,24.35,76.3,44965800775,134063711474,37481408,111746346,8211.97,34.07,synthetic_demo,GOOD
2026-10-07T02:16:39.943559+00:00,Ethernet0,Ethernet,10.52,0.0,2.89,156.51,51.91,,44998243099,134161533172,37508443,111827864,25442.19,27.45,synthetic_demo,GOOD
2026-10-07T02:16:44.943559+00:00,Wi-Fi,Wi-Fi,79.42,2.54,15.0,20.34,7.46,38.4,45002908044,134174242967,37512330,111838455,3393.5,40.9,synthetic_demo,POOR
2026-10-07T02:16:49.943559+00:00,Wi-Fi,Wi-Fi,147.21,9.51,29.98,5.69,2.81,43.7,45004665381,134177797579,37513794,111841417,1037.49,66.2,synthetic_demo,POOR
2026-10-07T02:16:54.943559+00:00,Wi-Fi,Wi-Fi,119.02,11.95,28.13,3.15,1.54,25.2,45005625613,134179768829,37514594,111843059,572.56,59.99,synthetic_demo,POOR
2026-10-07T02:16:59.943559+00:00,Ethernet0,Ethernet,176.17,3.58,25.97,16.99,4.07,,45008170026,134190389140,37516714,111851909,2571.24,89.53,synthetic_demo,POOR
2026-10-07T02:17:04.943559+00:00,Ethernet0,Ethernet,14.24,0.0,0.74,175.07,43.9,,45035606559,134299808315,37539577,111943091,26729.63,22.54,synthetic_demo,GOOD
2026-10-07T02:17:09.943559+00:00,Wi-Fi,Wi-Fi,125.14,11.95,48.67,12.59,2.34,42.5,45037071972,134307673962,37540798,111949645,1822.47,61.91,synthetic_demo,POOR
2026-10-07T02:17:14.943559+00:00,Wi-Fi,Wi-Fi,135.33,8.57,50.78,7.6,3.02,25.5,45038960197,134312425362,37542371,111953604,1296.8,83.03,synthetic_demo,POOR
2026-10-07T02:17:19.943559+00:00,Ethernet0,Ethernet,13.65,0.0,0.97,149.51,58.36,,45075435929,134405868200,37572767,112031473,25374.72,6.91,synthetic_demo,GOOD
2026-10-07T02:17:24.943559+00:00,Wi-Fi,Wi-Fi,85.32,2.19,23.1,16.06,3.18,62.8,45077420577,134415902802,37574420,112039835,2347.51,94.56,synthetic_demo,MODERATE
2026-10-07T02:17:29.943559+00:00,Wi-Fi,Wi-Fi,32.99,0.0,2.82,49.49,22.45,94.0,45091453912,134446833205,37586114,112065610,8781.98,40.14,synthetic_demo,GOOD
2026-10-07T02:17:34.943559+00:00,Wi-Fi,Wi-Fi,142.22,4.98,47.21,11.01,2.06,43.7,45092739025,134453714363,37587184,112071344,1594.97,73.65,synthetic_demo,POOR
2026-10-07T02:17:39.943559+00:00,Wi-Fi,Wi-Fi,263.76,18.5,61.33,0.41,0.63,26.2,45093134874,134453967590,37587513,112071555,126.77,92.59,synthetic_demo,POOR
2026-10-07T02:17:44.943559+00:00,Ethernet0,Ethernet,16.29,0.0,0.45,169.02,44.67,,45121053397,134559603134,37610778,112159584,26084.78,9.85,synthetic_demo,GOOD
2026-10-07T02:17:49.943559+00:00,Wi-Fi,Wi-Fi,116.85,5.16,27.07,6.74,3.1,30.2,45122992917,134563812753,37612394,112163092,1201.0,79.7,synthetic_demo,POOR
2026-10-07T02:17:54.943559+00:00,Wi-Fi,Wi-Fi,101.76,2.65,19.35,13.27,7.06,41.3,45127408071,134572106862,37616073,112170003,2482.28,69.55,synthetic_demo,MODERATE
2026-10-07T02:17:59.943559+00:00,Ethernet0,Ethernet,223.08,29.83,69.86,0.93,0.44,,45127686140,134572689861,37616304,112170488,168.18,81.35,synthetic_demo,POOR
2026-10-07T02:18:04.943559+00:00,Wi-Fi,Wi-Fi,21.05,0.0,8.27,76.87,19.24,76.1,45139712781,134620732002,37626326,112210523,11732.18,13.48,synthetic_demo,MODERATE
2026-10-07T02:18:09.943559+00:00,Wi-Fi,Wi-Fi,158.17,6.93,34.33,6.01,3.0,38.9,45141589971,134624485438,37627890,112213650,1099.73,56.33,synthetic_demo,POOR
2026-10-07T02:18:14.943559+00:00,Ethernet0,Ethernet,5.43,0.0,1.13,155.24,48.65,,45171997864,134721510687,37653229,112294504,24889.29,23.76,synthetic_demo,GOOD
2026-10-07T02:18:19.943559+00:00,Wi-Fi,Wi-Fi,38.18,0.0,0.5,66.95,34.13,94.8,45193327750,134763355336,37671003,112329374,12338.78,23.12,synthetic_demo,GOOD
2026-10-07T02:18:24.943559+00:00,Ethernet0,Ethernet,13.68,0.0,1.71,185.88,42.31,,45219772816,134879528559,37693040,112426185,27855.13,20.65,synthetic_demo,GOOD
2026-10-07T02:18:29.943559+00:00,Wi-Fi,Wi-Fi,255.06,50.81,75.76,0.47,0.56,25.3,45220123715,134879823426,37693332,112426430,126.13,99.65,synthetic_demo,POOR
2026-10-07T02:18:34.943559+00:00,Wi-Fi,Wi-Fi,158.11,5.77,27.07,5.44,1.86,42.2,45221283503,134883223910,37694298,112429263,890.68,53.79,synthetic_demo,POOR
2026-10-07T02:18:39.943559+00:00,Wi-Fi,Wi-Fi,120.9,8.79,26.26,5.37,2.98,35.9,45223146177,134886578574,37695850,112432058,1019.01,55.83,synthetic_demo,POOR
2026-10-07T02:18:44.943559+00:00,Wi-Fi,Wi-Fi,227.3,41.57,39.52,0.78,0.85,29.6,45223679737,134887067103,37696294,112432465,199.63,73.6,synthetic_demo,POOR
2026-10-07T02:18:49.943559+00:00,Ethernet0,Ethernet,10.68,0.0,3.73,127.77,46.82,,45252944303,134966922573,37720681,112499011,21312.51,5.44,synthetic_demo,GOOD
2026-10-07T02:18:54.943559+00:00,Wi-Fi,Wi-Fi,25.55,0.0,1.15,93.74,24.71,82.2,45268390464,135025509503,37733552,112547833,14459.59,23.18,synthetic_demo,GOOD
2026-10-07T02:18:59.943559+00:00,Ethernet0,Ethernet,10.28,0.0,4.04,142.11,48.65,,45298793658,135114330487,37758887,112621850,23285.97,5.67,synthetic_demo,GOOD
2026-10-07T02:19:04.943559+00:00,Ethernet0,Ethernet,9.71,0.0,1.54,144.77,68.88,,45341844034,135204811147,37794762,112697250,26080.28,32.23,synthetic_demo,GOOD
2026-10-07T02:19:09.943559+00:00,Ethernet0,Ethernet,13.0,0.0,1.1,98.5,44.2,,45369466806,135266373161,37817780,112748551,17418.9,7.77,synthetic_demo,GOOD
2026-10-07T02:19:14.943559+00:00,Wi-Fi,Wi-Fi,20.07,0.0,2.82,79.51,20.61,95.5,45382348926,135316065037,37828515,112789960,12221.48,21.82,synthetic_demo,GOOD
2026-10-07T02:19:19.943559+00:00,Wi-Fi,Wi-Fi,26.59,0.0,0.33,71.62,33.54,88.2,45403310446,135360830359,37845982,112827264,12837.27,31.65,synthetic_demo,GOOD
2026-10-07T02:19:24.943559+00:00,Ethernet0,Ethernet,9.75,0.0,2.4,173.42,39.91,,45428255250,135469219481,37866769,112917588,26041.78,34.73,synthetic_demo,GOOD
2026-10-07T02:19:29.943559+00:00,Ethernet0,Ethernet,15.22,0.0,0.5,140.26,49.09,,45458936453,135556880435,37892336,112990638,23113.7,17.06,synthetic_demo,GOOD
2026-10-07T02:19:34.943559+00:00,Ethernet0,Ethernet,8.24,0.0,0.32,146.18,43.72,,45486259574,135648240828,37915105,113066771,23180.37,20.73,synthetic_demo,GOOD
2026-10-07T02:19:39.943559+00:00,Ethernet0,Ethernet,292.79,26.06,88.03,1.93,0.13,,45486342943,135649450152,37915174,113067778,252.48,75.95,synthetic_demo,POOR
2026-10-07T02:19:44.943559+00:00,Ethernet0,Ethernet,108.39,1.92,9.33,3.32,4.15,,45488935608,135651522341,37917334,113069504,911.1,98.92,synthetic_demo,POOR
2026-10-07T02:19:49.943559+00:00,Wi-Fi,Wi-Fi,282.7,43.71,59.19,1.46,0.59,19.9,45489304837,135652433626,37917641,113070263,250.1,94.23,synthetic_demo,POOR
2026-10-07T02:19:54.943559+00:00,Wi-Fi,Wi-Fi,30.58,0.35,0.38,79.14,21.94,90.7,45503020266,135701895677,37929070,113111481,12339.35,31.99,synthetic_demo,GOOD
2026-10-07T02:19:59.943559+00:00,Wi-Fi,Wi-Fi,33.1,0.0,2.17,81.91,16.51,92.0,45513342079,135753086902,37937671,113154140,12014.27,12.84,synthetic_demo,GOOD
2026-10-07T02:20:04.943559+00:00,Ethernet0,Ethernet,64.93,3.67,28.04,6.63,4.13,,45515922540,135757231674,37939821,113157593,1313.52,86.51,synthetic_demo,POOR
2026-10-07T02:20:09.943559+00:00,Wi-Fi,Wi-Fi,14.04,0.0,0.1,85.98,34.93,78.3,45537753101,135810969103,37958013,113202374,14759.37,31.06,synthetic_demo,GOOD
2026-10-07T02:20:14.943559+00:00,Wi-Fi,Wi-Fi,31.71,0.0,11.49,76.83,25.77,79.8,45553859626,135858985946,37971435,113242388,12524.1,15.48,synthetic_demo,MODERATE
2026-10-07T02:20:19.943559+00:00,Ethernet0,Ethernet,17.25,0.0,0.4,130.69,71.81,,45598740306,135940664413,38008835,113310453,24718.58,18.37,synthetic_demo,GOOD
2026-10-07T02:20:24.943559+00:00,Ethernet0,Ethernet,11.25,0.0,0.38,149.67,53.2,,45631993285,136034210215,38036545,113388407,24765.39,20.98,synthetic_demo,GOOD
2026-10-07T02:20:29.943559+00:00,Wi-Fi,Wi-Fi,25.38,0.0,0.68,52.31,15.22,95.7,45641508018,136066904670,38044473,113415652,8243.98,11.42,synthetic_demo,GOOD
2026-10-07T02:20:34.943559+00:00,Wi-Fi,Wi-Fi,31.1,0.35,0.41,82.11,27.53,82.8,45658716852,136118220708,38058813,113458415,13383.76,33.38,synthetic_demo,GOOD
2026-10-07T02:20:39.943559+00:00,Ethernet0,Ethernet,96.57,2.1,24.98,14.43,2.62,,45660352266,136127237185,38060175,113465928,2080.45,94.5,synthetic_demo,MODERATE
2026-10-07T02:20:44.943559+00:00,Ethernet0,Ethernet,16.6,0.0,2.25,158.9,45.87,,45689020846,136226550437,38084065,113548689,24996.45,9.55,synthetic_demo,GOOD
2026-10-07T02:20:49.943559+00:00,Ethernet0,Ethernet,8.21,0.0,1.81,172.23,60.16,,45726618638,136334192389,38115396,113638390,28367.14,14.26,synthetic_demo,GOOD
2026-10-07T02:20:54.943559+00:00,Wi-Fi,Wi-Fi,93.69,11.58,46.45,9.27,0.34,40.0,45726834262,136339983320,38115575,113643215,1173.16,81.72,synthetic_demo,POOR
2026-10-07T02:20:59.943559+00:00,Ethernet0,Ethernet,7.02,0.0,0.59,132.29,55.49,,45761516868,136422665565,38144477,113712116,22922.82,8.78,synthetic_demo,GOOD
2026-10-07T02:21:04.943559+00:00,Wi-Fi,Wi-Fi,25.98,0.0,6.84,74.78,20.27,94.9,45774188719,136469404653,38155036,113751065,11603.7,41.52,synthetic_demo,GOOD
2026-10-07T02:21:09.943559+00:00,Wi-Fi,Wi-Fi,119.24,5.29,32.14,3.03,2.23,28.0,45775581561,136471295879,38156196,113752641,641.42,77.02,synthetic_demo,POOR
2026-10-07T02:21:14.943559+00:00,Ethernet0,Ethernet,13.63,0.0,0.33,159.54,55.24,,45810103733,136571009918,38184964,113835736,26218.01,29.18,synthetic_demo,GOOD
2026-10-07T02:21:19.943559+00:00,Ethernet0,Ethernet,13.97,0.0,3.0,110.92,52.11,,45842674464,136640333260,38212106,113893505,19901.19,22.09,synthetic_demo,GOOD
2026-10-07T02:21:24.943559+00:00,Wi-Fi,Wi-Fi,17.98,0.0,0.29,92.73,30.7,77.0,45861859746,136698291715,38228093,113941803,15067.14,28.12,synthetic_demo,GOOD
2026-10-07T02:21:29.943559+00:00,Wi-Fi,Wi-Fi,24.97,0.0,6.76,80.55,27.93,79.3,45879317596,136748635413,38242641,113983756,13242.49,20.59,synthetic_demo,GOOD
2026-10-07T02:21:34.943559+00:00,Wi-Fi,Wi-Fi,127.53,2.85,14.54,15.25,5.33,44.7,45882647112,136758168050,38245415,113991699,2512.14,45.52,synthetic_demo,MODERATE
2026-10-07T02:21:39.943559+00:00,Wi-Fi,Wi-Fi,158.84,10.06,49.45,5.17,2.11,26.7,45883965453,136761398899,38246513,113994391,888.51,52.68,synthetic_demo,POOR
2026-10-07T02:21:44.943559+00:00,Ethernet0,Ethernet,14.26,0.0,1.39,153.72,54.88,,45918262999,136857473414,38275094,114074453,25463.29,33.47,synthetic_demo,GOOD
2026-10-07T02:21:49.943559+00:00,Wi-Fi,Wi-Fi,56.26,1.59,10.89,25.76,4.05,51.4,45920795302,136873573764,38277204,114087869,3639.19,49.01,synthetic_demo,MODERATE
2026-10-07T02:21:54.943559+00:00,Wi-Fi,Wi-Fi,62.26,1.35,15.87,17.83,3.16,51.6,45922771812,136884720492,38278851,114097157,2563.13,50.92,synthetic_demo,MODERATE
2026-10-07T02:21:59.943559+00:00,Ethernet0,Ethernet,8.54,0.0,0.83,148.27,50.38,,45954259621,136977387750,38305090,114174379,24249.04,16.22,synthetic_demo,GOOD
2026-10-07T02:22:04.943559+00:00,Wi-Fi,Wi-Fi,50.35,2.46,11.29,22.72,2.91,45.1,45956076205,136991585560,38306603,114186210,3127.81,47.6,synthetic_demo,MODERATE
2026-10-07T02:22:09.943559+00:00,Wi-Fi,Wi-Fi,21.23,0.25,3.35,66.98,26.92,97.6,45972903595,137033446950,38320625,114221094,11462.65,12.6,synthetic_demo,GOOD
2026-10-07T02:22:14.943559+00:00,Wi-Fi,Wi-Fi,19.43,0.0,3.96,68.54,30.71,78.3,45992100344,137076284370,38336622,114256791,12116.05,27.26,synthetic_demo,GOOD
2026-10-07T02:22:19.943559+00:00,Ethernet0,Ethernet,12.1,0.15,1.0,134.37,36.14,,46014686616,137160267509,38355443,114326776,20814.34,15.84,synthetic_demo,GOOD
2026-10-07T02:22:24.943559+00:00,Wi-Fi,Wi-Fi,24.06,0.0,3.99,82.18,18.83,81.4,46026457491,137211627754,38365252,114369576,12330.3,32.99,synthetic_demo,GOOD
2026-10-07T02:22:29.943559+00:00,Wi-Fi,Wi-Fi,13.29,0.0,1.61,93.56,27.82,87.4,46043846840,137270102090,38379743,114418304,14817.13,40.7,synthetic_demo,GOOD
2026-10-07T02:22:34.943559+00:00,Wi-Fi,Wi-Fi,162.66,10.72,24.42,6.17,0.05,35.8,46043879708,137273956977,38379770,114421516,759.33,72.65,synthetic_demo,POOR
2026-10-07T02:22:39.943559+00:00,Ethernet0,Ethernet,14.22,0.0,1.68,135.87,53.24,,46077155966,137358874456,38407500,114492280,23084.71,10.75,synthetic_demo,GOOD
2026-10-07T02:22:44.943559+00:00,Wi-Fi,Wi-Fi,18.85,0.0,0.4,101.22,26.27,86.5,46093574857,137422137342,38421182,114544999,15562.85,19.32,synthetic_demo,GOOD
2026-10-07T02:22:49.943559+00:00,Wi-Fi,Wi-Fi,18.3,0.0,0.11,90.98,26.12,81.0,46109902807,137479000613,38434788,114592385,14295.16,11.19,synthetic_demo,GOOD
2026-10-07T02:22:54.943559+00:00,Ethernet0,Ethernet,77.37,1.3,19.45,13.06,4.13,,46112481456,137487162407,38436936,114599186,2097.74,94.49,synthetic_demo,MODERATE
2026-10-07T02:22:59.943559+00:00,Wi-Fi,Wi-Fi,74.21,3.19,16.46,16.22,5.54,49.1,46115944581,137497297376,38439821,114607631,2655.88,53.0,synthetic_demo,MODERATE
2026-10-07T02:23:04.943559+00:00,Wi-Fi,Wi-Fi,74.05,2.6,30.63,15.94,2.96,67.8,46117791752,137507260599,38441360,114615933,2306.72,92.49,synthetic_demo,POOR
2026-10-07T02:23:09.943559+00:00,Wi-Fi,Wi-Fi,125.52,1.54,30.78,9.2,2.74,74.4,46119504286,137513008328,38442787,114620722,1457.08,92.68,synthetic_demo,POOR
2026-10-07T02:23:14.943559+00:00,Wi-Fi,Wi-Fi,167.8,11.17,21.08,5.71,1.46,36.9,46120417756,137516575194,38443548,114623694,875.07,70.53,synthetic_demo,POOR
2026-10-07T02:23:19.943559+00:00,Wi-Fi,Wi-Fi,25.54,0.0,0.52,64.74,18.86,93.9,46132203732,137557040214,38453369,114657414,10205.27,16.81,synthetic_demo,GOOD
2026-10-07T02:23:24.943559+00:00,Wi-Fi,Wi-Fi,50.89,2.14,17.85,20.93,3.52,51.5,46134401706,137570122820,38455200,114668316,2984.49,65.98,synthetic_demo,MODERATE
2026-10-07T02:23:29.943559+00:00,Wi-Fi,Wi-Fi,171.11,9.78,35.11,6.41,2.6,35.9,46136026358,137574128713,38456553,114671654,1099.72,60.66,synthetic_demo,POOR
2026-10-07T02:23:34.943559+00:00,Ethernet0,Ethernet,264.75,47.04,60.66,0.98,0.09,,46136081154,137574741981,38456598,114672165,130.48,97.25,synthetic_demo,POOR
2026-10-07T02:23:39.943559+00:00,Wi-Fi,Wi-Fi,140.18,5.7,39.27,7.15,2.9,31.6,46137895992,137579213033,38458110,114675890,1227.71,77.8,synthetic_demo,POOR
2026-10-07T02:23:44.943559+00:00,Wi-Fi,Wi-Fi,22.4,0.26,3.39,104.7,24.55,96.2,46153237453,137644648701,38470894,114730419,15776.78,35.68,synthetic_demo,GOOD
2026-10-07T02:23:49.943559+00:00,Ethernet0,Ethernet,11.85,0.0,0.46,160.84,36.23,,46175878473,137745175938,38489761,114814191,24056.3,16.6,synthetic_demo,GOOD
2026-10-07T02:23:54.943559+00:00,Wi-Fi,Wi-Fi,20.19,0.0,1.38,72.8,28.99,94.7,46194000060,137790673945,38504862,114852106,12425.7,28.26,synthetic_demo,GOOD
2026-10-07T02:23:59.943559+00:00,Wi-Fi,Wi-Fi,44.93,1.73,11.83,8.48,3.11,68.4,46195946465,137795973572,38506484,114856522,1415.24,93.74,synthetic_demo,MODERATE
2026-10-07T02:24:04.943559+00:00,Wi-Fi,Wi-Fi,32.54,0.0,1.42,62.91,18.78,84.0,46207683933,137835294389,38516265,114889289,9972.32,35.44,synthetic_demo,GOOD
2026-10-07T02:24:09.943559+00:00,Wi-Fi,Wi-Fi,24.31,0.0,0.6,92.25,22.77,89.3,46221914642,137892950931,38528123,114937336,14040.48,43.52,synthetic_demo,GOOD
2026-10-07T02:24:14.943559+00:00,Wi-Fi,Wi-Fi,131.15,8.42,27.01,2.66,2.05,27.5,46223194297,137894610325,38529189,114938718,574.03,51.64,synthetic_demo,POOR
2026-10-07T02:24:19.943559+00:00,Wi-Fi,Wi-Fi,23.78,0.35,9.56,70.09,20.58,83.3,46236058479,137938417120,38539909,114975223,11068.55,27.59,synthetic_demo,MODERATE
2026-10-07T02:24:24.943559+00:00,Wi-Fi,Wi-Fi,97.5,9.62,38.42,6.02,2.05,31.7,46237337446,137942178840,38540974,114978357,984.51,63.21,synthetic_demo,POOR
2026-10-07T02:24:29.943559+00:00,Wi-Fi,Wi-Fi,24.69,0.0,7.95,89.07,28.68,92.3,46255260448,137997850223,38555909,115024749,14373.9,21.23,synthetic_demo,GOOD
2026-10-07T02:24:34.943559+00:00,Wi-Fi,Wi-Fi,28.83,0.0,2.31,85.36,28.45,82.8,46273041428,138051201862,38570726,115069208,13893.09,38.05,synthetic_demo,GOOD
2026-10-07T02:24:39.943559+00:00,Wi-Fi,Wi-Fi,27.83,0.0,0.8,62.15,27.96,77.1,46290518832,138090047398,38585290,115101579,11000.57,30.11,synthetic_demo,GOOD
2026-10-07T02:24:44.943559+00:00,Ethernet0,Ethernet,144.24,3.36,22.14,13.32,4.69,,46293449321,138098369861,38587732,115108514,2197.84,96.8,synthetic_demo,POOR
2026-10-07T02:24:49.943559+00:00,Ethernet0,Ethernet,10.64,0.0,2.03,131.97,46.64,,46322598884,138180848173,38612023,115177245,21802.32,31.37,synthetic_demo,GOOD
2026-10-07T02:24:54.943559+00:00,Ethernet0,Ethernet,11.08,0.0,3.12,144.2,39.65,,46347378691,138270973463,38632672,115252349,22442.4,13.49,synthetic_demo,GOOD
2026-10-07T02:24:59.943559+00:00,Wi-Fi,Wi-Fi,199.01,19.15,33.0,1.46,0.41,10.9,46347637449,138271885694,38632887,115253109,228.71,91.12,synthetic_demo,POOR
2026-10-07T02:25:04.943559+00:00,Ethernet0,Ethernet,13.89,0.0,5.19,160.35,51.05,,46379541886,138372104862,38659474,115336624,25805.39,18.35,synthetic_demo,GOOD
2026-10-07T02:25:09.943559+00:00,Wi-Fi,Wi-Fi,91.89,0.51,17.66,28.37,6.28,54.9,46383467058,138389835896,38662744,115351399,4229.73,69.88,synthetic_demo,MODERATE
2026-10-07T02:25:14.943559+00:00,Wi-Fi,Wi-Fi,88.01,3.36,10.54,15.37,7.22,39.2,46387978746,138399443143,38666503,115359405,2757.6,66.77,synthetic_demo,POOR
2026-10-07T02:25:19.943559+00:00,Wi-Fi,Wi-Fi,28.16,0.0,0.35,86.55,25.02,86.6,46403613698,138453535523,38679532,115404481,13618.62,37.6,synthetic_demo,GOOD
2026-10-07T02:25:24.943559+00:00,Wi-Fi,Wi-Fi,74.99,1.51,18.35,22.0,6.47,38.5,46407657159,138467284458,38682901,115415938,3475.08,54.13,synthetic_demo,MODERATE
2026-10-07T02:25:29.943559+00:00,Ethernet0,Ethernet,11.97,0.0,4.33,125.51,64.95,,46448250777,138545730705,38716729,115481309,23249.97,31.56,synthetic_demo,GOOD
2026-10-07T02:25:34.943559+00:00,Wi-Fi,Wi-Fi,35.93,1.46,20.71,22.64,4.09,45.1,46450809429,138559882726,38718861,115493102,3263.8,52.49,synthetic_demo,MODERATE
2026-10-07T02:25:39.943559+00:00,Wi-Fi,Wi-Fi,22.59,0.0,10.88,92.45,25.04,79.5,46466456384,138617663488,38731900,115541252,14341.35,42.88,synthetic_demo,MODERATE
2026-10-07T02:25:44.943559+00:00,Ethernet0,Ethernet,96.89,2.36,30.57,17.36,4.65,,46469361384,138628515737,38734320,115550295,2686.96,96.89,synthetic_demo,POOR
2026-10-07T02:25:49.943559+00:00,Ethernet0,Ethernet,12.35,0.0,2.56,163.07,63.17,,46508839795,138730431373,38767218,115635224,27616.02,29.44,synthetic_demo,GOOD
2026-10-07T02:25:54.943559+00:00,Wi-Fi,Wi-Fi,79.03,0.76,13.08,32.66,5.77,39.1,46512444528,138750843382,38770221,115652234,4690.77,71.4,synthetic_demo,MODERATE
2026-10-07T02:25:59.943559+00:00,Ethernet0,Ethernet,12.64,0.0,1.74,161.93,32.42,,46532704815,138852050174,38787104,115736572,23724.04,23.49,synthetic_demo,GOOD
2026-10-07T02:26:04.943559+00:00,Wi-Fi,Wi-Fi,26.88,0.0,1.49,74.02,34.73,84.4,46554413530,138898311546,38805194,115775123,13275.41,13.4,synthetic_demo,GOOD
2026-10-07T02:26:09.943559+00:00,Ethernet0,Ethernet,9.41,0.0,0.81,136.53,30.11,,46573234823,138983643688,38820878,115846233,20342.47,11.5,synthetic_demo,GOOD
2026-10-07T02:26:14.943559+00:00,Ethernet0,Ethernet,10.91,0.0,1.47,140.38,48.98,,46603846149,139071384231,38846387,115919350,23115.6,24.94,synthetic_demo,GOOD
2026-10-07T02:26:19.943559+00:00,Wi-Fi,Wi-Fi,146.85,5.76,28.0,7.12,1.89,36.9,46605028649,139075836060,38847372,115923059,1100.45,69.59,synthetic_demo,POOR
2026-10-07T02:26:24.943559+00:00,Wi-Fi,Wi-Fi,14.75,0.0,1.64,97.59,34.45,77.6,46626561095,139136829929,38865315,115973887,16118.42,17.01,synthetic_demo,GOOD
2026-10-07T02:26:29.943559+00:00,Wi-Fi,Wi-Fi,327.6,35.73,53.66,0.4,0.47,13.3,46626853208,139137081520,38865558,115974096,106.19,92.53,synthetic_demo,POOR
2026-10-07T02:26:34.943559+00:00,Wi-Fi,Wi-Fi,336.85,25.27,52.38,0.28,0.59,11.1,46627218917,139137258065,38865862,115974243,105.91,87.63,synthetic_demo,POOR
2026-10-07T02:26:39.943559+00:00,Wi-Fi,Wi-Fi,59.32,1.97,20.82,17.69,7.55,54.9,46631939602,139148311842,38869795,115983454,3080.95,45.5,synthetic_demo,MODERATE
2026-10-07T02:26:44.943559+00:00,Ethernet0,Ethernet,14.39,0.0,0.15,176.22,43.26,,46658974016,139258447364,38892323,116075233,26791.0,32.99,synthetic_demo,GOOD
2026-10-07T02:26:49.943559+00:00,Wi-Fi,Wi-Fi,22.98,0.0,7.23,64.52,23.08,81.8,46673397235,139298770241,38904342,116108835,10692.6,30.9,synthetic_demo,GOOD
2026-10-07T02:26:54.943559+00:00,Ethernet0,Ethernet,132.4,1.68,20.56,16.35,5.34,,46676733794,139308987163,38907122,116117349,2647.16,88.84,synthetic_demo,MODERATE
2026-10-07T02:26:59.943559+00:00,Wi-Fi,Wi-Fi,24.65,0.36,9.21,71.3,29.52,80.5,46695186181,139353550761,38922498,116154485,12307.81,12.59,synthetic_demo,MODERATE
2026-10-07T02:27:04.943559+00:00,Ethernet0,Ethernet,14.35,0.0,1.23,171.35,56.93,,46730769847,139460645337,38952151,116243730,27866.84,17.28,synthetic_demo,GOOD
2026-10-07T02:27:09.943559+00:00,Wi-Fi,Wi-Fi,82.19,1.86,12.84,16.57,8.51,39.3,46736086650,139470999595,38956581,116252358,3060.75,45.99,synthetic_demo,MODERATE
2026-10-07T02:27:14.943559+00:00,Wi-Fi,Wi-Fi,151.85,7.53,47.68,14.98,1.52,29.8,46737039481,139480363167,38957375,116260160,2014.92,63.24,synthetic_demo,POOR
2026-10-07T02:27:19.943559+00:00,Wi-Fi,Wi-Fi,110.37,1.49,4.85,5.68,1.8,67.2,46738162831,139483915589,38958311,116263120,913.24,98.98,synthetic_demo,MODERATE
2026-10-07T02:27:24.943559+00:00,Ethernet0,Ethernet,12.52,0.0,2.74,137.65,48.14,,46768253090,139569947230,38983386,116334813,22680.06,29.7,synthetic_demo,GOOD
2026-10-07T02:27:29.943559+00:00,Wi-Fi,Wi-Fi,133.4,1.39,14.24,6.85,1.53,70.3,46769210382,139574225375,38984183,116338378,1022.55,94.94,synthetic_demo,MODERATE
2026-10-07T02:27:34.943559+00:00,Ethernet0,Ethernet,8.68,0.0,0.1,91.17,44.13,,46796791276,139631205019,39007167,116385861,16515.73,6.8,synthetic_demo,GOOD
2026-10-07T02:27:39.943559+00:00,Ethernet0,Ethernet,12.08,0.0,3.15,127.7,52.97,,46829896364,139711016822,39034754,116452370,22054.08,24.02,synthetic_demo,GOOD
2026-10-07T02:27:44.943559+00:00,Wi-Fi,Wi-Fi,133.88,7.16,31.89,4.9,2.58,36.7,46831510461,139714077389,39036099,116454920,913.02,59.28,synthetic_demo,POOR
2026-10-07T02:27:49.943559+00:00,Ethernet0,Ethernet,9.11,0.0,2.11,172.93,52.86,,46864550558,139822159474,39063632,116544988,27562.93,12.79,synthetic_demo,GOOD
2026-10-07T02:27:54.943559+00:00,Wi-Fi,Wi-Fi,20.89,0.0,3.21,79.95,22.37,93.4,46878534480,139872126808,39075285,116586627,12490.48,33.72,synthetic_demo,GOOD
2026-10-07T02:27:59.943559+00:00,Ethernet0,Ethernet,14.39,0.0,3.14,193.98,51.37,,46910640167,139993366684,39102039,116687660,29950.31,19.87,synthetic_demo,GOOD
2026-10-07T02:28:04.943559+00:00,Wi-Fi,Wi-Fi,176.23,6.71,30.4,4.65,3.1,28.7,46912577023,139996270711,39103653,116690080,945.48,73.64,synthetic_demo,POOR
2026-10-07T02:28:09.943559+00:00,Wi-Fi,Wi-Fi,85.55,2.67,20.95,12.3,3.59,76.8,46914821736,140003956799,39105523,116696485,1939.61,91.82,synthetic_demo,MODERATE
2026-10-07T02:28:14.943559+00:00,Wi-Fi,Wi-Fi,67.79,2.43,5.33,15.26,9.51,41.9,46920764722,140013491410,39110475,116704430,3022.97,69.48,synthetic_demo,MODERATE
2026-10-07T02:28:19.943559+00:00,Ethernet0,Ethernet,109.86,3.54,22.12,11.31,2.79,,46922509675,140020559369,39111929,116710319,1721.27,91.52,synthetic_demo,MODERATE
2026-10-07T02:28:24.943559+00:00,Ethernet0,Ethernet,17.12,0.0,3.02,130.63,58.97,,46959367159,140102201028,39142643,116778353,23144.36,5.08,synthetic_demo,GOOD
2026-10-07T02:28:29.943559+00:00,Wi-Fi,Wi-Fi,25.57,0.0,1.6,100.42,25.18,80.2,46975102898,140164960595,39155756,116830652,15331.11,17.17,synthetic_demo,GOOD
2026-10-07T02:28:34.943559+00:00,Wi-Fi,Wi-Fi,25.99,0.0,1.99,103.24,34.48,75.1,46996650921,140229484925,39173712,116884422,16811.01,30.54,synthetic_demo,GOOD
2026-10-07T02:28:39.943559+00:00,Ethernet0,Ethernet,11.0,0.0,2.05,147.03,59.66,,47033938043,140321379564,39204784,116961000,25230.81,15.28,synthetic_demo,GOOD
2026-10-07T02:28:44.943559+00:00,Wi-Fi,Wi-Fi,23.52,0.32,4.94,64.21,17.22,77.7,47044702677,140361510060,39213754,116994442,9940.46,39.79,synthetic_demo,GOOD
2026-10-07T02:28:49.943559+00:00,Ethernet0,Ethernet,213.22,26.98,34.0,0.64,0.07,,47044746519,140361910249,39213790,116994775,86.72,87.31,synthetic_demo,POOR
2026-10-07T02:28:54.943559+00:00,Ethernet0,Ethernet,13.77,0.0,0.1,143.73,43.35,,47071841181,140451743487,39236368,117069636,22837.48,25.07,synthetic_demo,GOOD
2026-10-07T02:28:59.943559+00:00,Wi-Fi,Wi-Fi,26.21,0.0,1.21,72.22,21.46,76.7,47085255137,140496879600,39247546,117107249,11435.56,20.32,synthetic_demo,GOOD
2026-10-07T02:29:04.943559+00:00,Ethernet0,Ethernet,9.97,0.0,1.75,119.42,47.49,,47114938570,140571517029,39272282,117169446,20375.17,26.64,synthetic_demo,GOOD
2026-10-07T02:29:09.943559+00:00,Ethernet0,Ethernet,11.95,0.01,0.12,148.92,40.5,,47140251540,140664592773,39293376,117247009,23122.8,17.01,synthetic_demo,GOOD
2026-10-07T02:29:14.943559+00:00,Wi-Fi,Wi-Fi,97.02,7.54,26.81,7.18,2.39,36.4,47141744881,140669079475,39294620,117250747,1167.98,55.39,synthetic_demo,POOR
2026-10-07T02:29:19.943559+00:00,Wi-Fi,Wi-Fi,19.74,0.0,1.2,58.34,15.71,82.4,47151564534,140705541464,39302803,117281131,9039.38,29.51,synthetic_demo,GOOD
2026-10-07T02:29:24.943559+00:00,Wi-Fi,Wi-Fi,17.77,0.0,1.11,64.96,19.93,85.0,47164020102,140746142447,39313182,117314965,10362.61,18.26,synthetic_demo,GOOD
2026-10-07T02:29:29.943559+00:00,Ethernet0,Ethernet,149.53,3.06,1.31,22.83,3.52,,47166218013,140760412307,39315013,117326856,3216.36,94.15,synthetic_demo,POOR
2026-10-07T02:29:34.943559+00:00,Ethernet0,Ethernet,12.7,0.0,2.04,151.61,45.93,,47194925181,140855165868,39338935,117405817,24113.42,21.7,synthetic_demo,GOOD
2026-10-07T02:29:39.943559+00:00,Wi-Fi,Wi-Fi,27.37,0.0,6.55,88.68,19.78,89.5,47207285747,140910592246,39349235,117452005,13239.64,40.58,synthetic_demo,GOOD
2026-10-07T02:29:44.943559+00:00,Wi-Fi,Wi-Fi,23.68,0.22,0.37,88.61,33.2,94.8,47228033936,140965974663,39366525,117498157,14869.26,12.83,synthetic_demo,GOOD
2026-10-07T02:29:49.943559+00:00,Wi-Fi,Wi-Fi,39.46,2.71,15.13,19.9,7.32,50.8,47232606500,140978410966,39370335,117508520,3322.04,49.89,synthetic_demo,MODERATE
2026-10-07T02:29:54.943559+00:00,Wi-Fi,Wi-Fi,255.62,25.54,69.86,1.36,0.7,14.4,47233044979,140979259708,39370700,117509227,251.41,89.65,synthetic_demo,POOR
2026-10-07T02:29:59.943559+00:00,Wi-Fi,Wi-Fi,141.96,1.42,13.58,13.61,3.56,76.9,47235269220,140987763191,39372553,117516313,2095.26,91.98,synthetic_demo,POOR
2026-10-07T02:30:04.943559+00:00,Wi-Fi,Wi-Fi,21.9,0.0,0.51,58.03,12.28,86.0,47242942603,141024031729,39378947,117546536,8582.41,13.69,synthetic_demo,GOOD
2026-10-07T02:30:09.943559+00:00,Wi-Fi,Wi-Fi,117.14,5.3,45.93,4.93,1.19,30.9,47243688108,141027114549,39379568,117549105,747.72,60.98,synthetic_demo,POOR
2026-10-07T02:30:14.943559+00:00,Ethernet0,Ethernet,12.82,0.0,1.3,138.16,60.67,,47281609074,141113463753,39411168,117621062,24271.52,11.45,synthetic_demo,GOOD
2026-10-07T02:30:19.943559+00:00,Ethernet0,Ethernet,16.44,0.0,2.83,163.46,50.79,,47313355070,141215624474,39437622,117706195,26153.66,18.7,synthetic_demo,GOOD
2026-10-07T02:30:24.943559+00:00,Ethernet0,Ethernet,13.32,0.0,0.1,138.57,65.81,,47354485163,141302232446,39471897,117778368,24948.84,31.67,synthetic_demo,GOOD
2026-10-07T02:30:29.943559+00:00,Wi-Fi,Wi-Fi,31.41,0.0,0.61,53.66,27.27,79.2,47371529819,141335771901,39486100,117806317,9879.71,16.08,synthetic_demo,GOOD
2026-10-07T02:30:34.943559+00:00,Wi-Fi,Wi-Fi,70.3,1.94,16.2,13.08,8.17,46.8,47376633206,141343943913,39490352,117813127,2592.85,53.59,synthetic_demo,MODERATE
2026-10-07T02:30:39.943559+00:00,Wi-Fi,Wi-Fi,63.6,3.45,15.63,13.8,3.51,37.9,47378828892,141352570671,39492181,117820315,2113.76,51.52,synthetic_demo,POOR
2026-10-07T02:30:44.943559+00:00,Wi-Fi,Wi-Fi,100.54,7.28,37.79,7.18,2.76,40.3,47380554410,141357056016,39493618,117824052,1213.06,75.85,synthetic_demo,POOR
2026-10-07T02:30:49.943559+00:00,Wi-Fi,Wi-Fi,100.63,1.93,8.78,12.36,6.44,46.6,47384579311,141364780728,39496972,117830489,2294.85,71.94,synthetic_demo,MODERATE
2026-10-07T02:30:54.943559+00:00,Wi-Fi,Wi-Fi,76.72,0.54,17.21,20.21,7.2,46.8,47389077951,141377413714,39500720,117841016,3346.02,48.42,synthetic_demo,MODERATE
2026-10-07T02:30:59.943559+00:00,Ethernet0,Ethernet,12.45,0.0,1.22,177.59,55.34,,47423664436,141488410404,39529542,117933513,28434.21,8.46,synthetic_demo,GOOD
2026-10-07T02:31:04.943559+00:00,Ethernet0,Ethernet,11.25,0.0,0.33,132.76,46.61,,47452796038,141571386076,39553818,118002659,21895.95,23.33,synthetic_demo,GOOD
2026-10-07T02:31:09.943559+00:00,Wi-Fi,Wi-Fi,69.47,2.56,16.48,29.17,5.77,52.6,47456401609,141589620045,39556822,118017853,4265.54,66.7,synthetic_demo,MODERATE
2026-10-07T02:31:14.943559+00:00,Wi-Fi,Wi-Fi,27.38,0.0,0.34,62.83,27.04,81.8,47473300539,141628886933,39570904,118050575,10969.89,27.51,synthetic_demo,GOOD
2026-10-07T02:31:19.943559+00:00,Wi-Fi,Wi-Fi,152.97,8.95,34.17,2.35,3.1,38.7,47475235881,141630358131,39572516,118051800,665.34,65.32,synthetic_demo,POOR
2026-10-07T02:31:24.943559+00:00,Ethernet0,Ethernet,11.22,0.0,0.85,170.75,47.06,,47504650836,141737078631,39597028,118140733,26588.96,26.18,synthetic_demo,GOOD
2026-10-07T02:31:29.943559+00:00,Ethernet0,Ethernet,6.92,0.0,1.02,144.42,41.69,,47530705685,141827339699,39618740,118215950,22717.95,21.51,synthetic_demo,GOOD
2026-10-07T02:31:34.943559+00:00,Wi-Fi,Wi-Fi,18.63,0.27,14.77,69.97,26.19,94.4,47547076711,141871073246,39632382,118252394,11739.17,18.95,synthetic_demo,MODERATE
2026-10-07T02:31:39.943559+00:00,Ethernet0,Ethernet,13.37,0.0,0.1,152.16,61.29,,47585385071,141966170795,39664305,118331641,26055.84,28.66,synthetic_demo,GOOD
2026-10-07T02:31:44.943559+00:00,Ethernet0,Ethernet,10.33,0.0,0.16,167.05,55.63,,47620155682,142070577060,39693280,118418646,27182.98,10.24,synthetic_demo,GOOD
2026-10-07T02:31:49.943559+00:00,Wi-Fi,Wi-Fi,85.35,2.56,18.39,14.98,4.58,74.5,47623020477,142079940584,39695667,118426448,2388.34,94.05,synthetic_demo,MODERATE
2026-10-07T02:31:54.943559+00:00,Ethernet0,Ethernet,13.08,0.07,0.46,143.31,39.39,,47647640231,142169510047,39716183,118501089,22302.58,15.65,synthetic_demo,GOOD
2026-10-07T02:31:59.943559+00:00,Wi-Fi,Wi-Fi,88.16,3.24,22.67,18.19,8.97,44.8,47653247935,142180875741,39720856,118510560,3315.12,52.69,synthetic_demo,MODERATE
2026-10-07T02:32:04.943559+00:00,Wi-Fi,Wi-Fi,19.6,0.03,2.11,45.58,27.08,81.3,47670172039,142209362424,39734959,118534298,8869.29,13.43,synthetic_demo,GOOD
2026-10-07T02:32:09.943559+00:00,Ethernet0,Ethernet,10.7,0.0,0.66,126.22,38.95,,47694514843,142288249815,39755244,118600037,20162.15,29.01,synthetic_demo,GOOD
2026-10-07T02:32:14.943559+00:00,Wi-Fi,Wi-Fi,23.08,0.0,3.02,81.44,28.77,76.4,47712499161,142339150487,39770230,118642454,13454.1,33.82,synthetic_demo,GOOD
2026-10-07T02:32:19.943559+00:00,Wi-Fi,Wi-Fi,153.82,6.67,31.79,3.59,2.49,39.8,47714054660,142341395165,39771526,118644324,742.22,79.47,synthetic_demo,POOR
2026-10-07T02:32:24.943559+00:00,Wi-Fi,Wi-Fi,21.47,0.0,0.1,71.61,16.57,91.0,47724408830,142386151757,39780154,118681621,10763.82,23.37,synthetic_demo,GOOD
2026-10-07T02:32:29.943559+00:00,Ethernet0,Ethernet,72.26,2.74,22.64,17.36,3.6,,47726661172,142396999271,39782030,118690660,2558.57,94.67,synthetic_demo,MODERATE
2026-10-07T02:32:34.943559+00:00,Ethernet0,Ethernet,11.93,0.0,0.14,129.94,43.62,,47753924201,142478209170,39804749,118758334,21186.12,20.09,synthetic_demo,GOOD
2026-10-07T02:32:39.943559+00:00,Ethernet0,Ethernet,130.14,2.6,21.39,11.95,4.34,,47756635267,142485675430,39807008,118764555,1987.76,91.91,synthetic_demo,MODERATE
2026-10-07T02:32:44.943559+00:00,Ethernet0,Ethernet,9.38,0.0,3.85,158.96,29.81,,47775264732,142585023203,39822532,118847344,23042.43,22.06,synthetic_demo,GOOD
2026-10-07T02:32:49.943559+00:00,Ethernet0,Ethernet,47.32,3.54,19.99,17.91,0.17,,47775371177,142596214174,39822620,118856669,2206.53,94.19,synthetic_demo,MODERATE
2026-10-07T02:32:54.943559+00:00,Wi-Fi,Wi-Fi,117.84,2.82,15.85,16.34,7.92,51.2,47780322842,142606425559,39826746,118865178,2961.53,49.06,synthetic_demo,MODERATE
2026-10-07T02:32:59.943559+00:00,Ethernet0,Ethernet,225.77,16.4,45.45,1.61,0.35,,47780542040,142607433795,39826928,118866018,239.73,92.09,synthetic_demo,POOR
2026-10-07T02:33:04.943559+00:00,Wi-Fi,Wi-Fi,16.34,0.0,15.42,54.64,29.97,80.1,47799273815,142641584259,39842537,118894476,10328.56,40.72,synthetic_demo,MODERATE
2026-10-07T02:33:09.943559+00:00,Ethernet0,Ethernet,9.58,0.0,3.47,205.29,68.98,,47842387046,142769888615,39878464,119001396,33480.0,8.6,synthetic_demo,GOOD
2026-10-07T02:33:14.943559+00:00,Ethernet0,Ethernet,13.84,0.1,1.13,136.25,49.45,,47873293148,142855044710,39904219,119072359,22668.4,22.57,synthetic_demo,GOOD
2026-10-07T02:33:19.943559+00:00,Wi-Fi,Wi-Fi,135.79,4.52,31.98,0.78,2.5,32.5,47874853524,142855534625,39905519,119072767,400.45,71.82,synthetic_demo,POOR
2026-10-07T02:33:24.943559+00:00,Wi-Fi,Wi-Fi,55.59,3.49,19.6,18.05,5.79,42.6,47878474645,142866818074,39908536,119082169,2911.05,50.32,synthetic_demo,MODERATE
2026-10-07T02:33:29.943559+00:00,Ethernet0,Ethernet,83.55,3.05,30.01,10.45,5.62,,47881989384,142873351328,39911464,119087613,1962.5,88.73,synthetic_demo,POOR
2026-10-07T02:33:34.943559+00:00,Ethernet0,Ethernet,11.92,0.0,0.43,113.58,53.36,,47915337846,142944340701,39939254,119146770,20378.48,9.41,synthetic_demo,GOOD
2026-10-07T02:33:39.943559+00:00,Wi-Fi,Wi-Fi,29.1,0.0,3.38,79.24,30.17,88.1,47934194460,142993868290,39954967,119188042,13356.29,14.44,synthetic_demo,GOOD
2026-10-07T02:33:44.943559+00:00,Ethernet0,Ethernet,12.13,0.0,0.89,153.78,55.17,,47968674016,143089979957,39983699,119268135,25506.1,31.26,synthetic_demo,GOOD
2026-10-07T02:33:49.943559+00:00,Ethernet0,Ethernet,295.73,23.79,40.46,1.08,0.82,,47969183883,143090654675,39984123,119268697,231.36,88.36,synthetic_demo,POOR
2026-10-07T02:33:54.943559+00:00,Ethernet0,Ethernet,135.56,1.57,16.14,3.06,6.28,,47973111357,143092570041,39987395,119270293,1141.18,92.79,synthetic_demo,POOR
2026-10-07T02:33:59.943559+00:00,Wi-Fi,Wi-Fi,310.24,40.13,37.48,1.42,0.54,28.9,47973445912,143093455995,39987673,119271031,238.38,98.04,synthetic_demo,POOR
2026-10-07T02:34:04.943559+00:00,Wi-Fi,Wi-Fi,18.11,0.0,0.3,55.48,19.87,80.1,47985861779,143128132393,39998019,119299927,9197.71,32.35,synthetic_demo,GOOD
2026-10-07T02:34:09.943559+00:00,Wi-Fi,Wi-Fi,59.97,1.65,12.06,17.13,5.37,39.4,47989221148,143138839243,40000818,119308849,2747.31,70.59,synthetic_demo,MODERATE
2026-10-07T02:34:14.943559+00:00,Ethernet0,Ethernet,93.54,3.29,26.24,18.28,2.35,,47990689735,143150264370,40002041,119318369,2518.3,87.29,synthetic_demo,POOR
2026-10-07T02:34:19.943559+00:00,Wi-Fi,Wi-Fi,26.61,0.0,1.22,78.17,28.89,90.6,48008742982,143199121797,40017085,119359083,13068.49,10.2,synthetic_demo,GOOD
2026-10-07T02:34:24.943559+00:00,Wi-Fi,Wi-Fi,36.45,9.79,31.53,6.79,1.93,38.4,48009952278,143203367655,40018092,119362621,1065.46,73.1,synthetic_demo,POOR
2026-10-07T02:34:29.943559+00:00,Ethernet0,Ethernet,218.4,35.57,60.96,0.34,0.64,,48010353654,143203580433,40018426,119362798,119.95,84.06,synthetic_demo,POOR
2026-10-07T02:34:34.943559+00:00,Wi-Fi,Wi-Fi,186.45,9.15,42.63,8.49,1.49,36.0,48011287005,143208884502,40019203,119367218,1218.25,67.14,synthetic_demo,POOR
2026-10-07T02:34:39.943559+00:00,Ethernet0,Ethernet,117.01,2.91,9.36,10.65,2.69,,48012971369,143215538571,40020606,119372763,1628.6,96.22,synthetic_demo,MODERATE
2026-10-07T02:34:44.943559+00:00,Wi-Fi,Wi-Fi,24.8,0.0,3.34,50.99,28.26,84.0,48030634189,143247404266,40035325,119399317,9673.54,34.73,synthetic_demo,GOOD
2026-10-07T02:34:49.943559+00:00,Wi-Fi,Wi-Fi,27.03,0.0,1.07,89.91,19.03,91.5,48042529515,143303600953,40045237,119446147,13299.22,25.1,synthetic_demo,GOOD
2026-10-07T02:34:54.943559+00:00,Ethernet0,Ethernet,293.63,24.94,74.35,1.08,0.46,,48042818406,143304275216,40045477,119446708,188.12,92.01,synthetic_demo,POOR
2026-10-07T02:34:59.943559+00:00,Ethernet0,Ethernet,10.14,0.0,0.96,154.25,58.92,,48079642269,143400678857,40076163,119527044,26021.0,19.72,synthetic_demo,GOOD
2026-10-07T02:35:04.943559+00:00,Wi-Fi,Wi-Fi,136.0,1.82,27.71,9.15,3.78,76.8,48082006705,143406399216,40078133,119531810,1579.06,98.51,synthetic_demo,POOR
2026-10-07T02:35:09.943559+00:00,Ethernet0,Ethernet,70.43,3.67,28.78,15.43,4.83,,48085023753,143416042357,40080647,119539845,2472.69,98.32,synthetic_demo,POOR
2026-10-07T02:35:14.943559+00:00,Wi-Fi,Wi-Fi,82.89,1.84,9.44,3.91,8.32,52.4,48090226150,143418483734,40084982,119541879,1492.92,55.97,synthetic_demo,MODERATE
2026-10-07T02:35:19.943559+00:00,Wi-Fi,Wi-Fi,273.71,59.25,44.03,1.82,0.22,18.0,48090364071,143419619345,40085096,119542825,248.74,78.77,synthetic_demo,POOR
2026-10-07T02:35:24.943559+00:00,Wi-Fi,Wi-Fi,21.47,0.0,2.6,65.1,13.94,79.5,48099077922,143460303934,40092357,119576728,9648.13,36.88,synthetic_demo,GOOD
2026-10-07T02:35:29.943559+00:00,Wi-Fi,Wi-Fi,19.5,0.0,1.71,55.57,34.71,97.3,48120772858,143495038095,40110436,119605673,11021.31,41.66,synthetic_demo,GOOD
2026-10-07T02:35:34.943559+00:00,Ethernet0,Ethernet,6.04,0.0,0.1,134.49,52.12,,48153348681,143579095857,40137582,119675721,22780.0,26.31,synthetic_demo,GOOD
2026-10-07T02:35:39.943559+00:00,Wi-Fi,Wi-Fi,30.56,0.0,1.62,69.57,36.68,79.5,48176274037,143622576381,40156686,119711954,12969.9,42.46,synthetic_demo,GOOD
2026-10-07T02:35:44.943559+00:00,Wi-Fi,Wi-Fi,19.89,0.0,0.55,63.78,28.5,78.3,48194086421,143662436730,40171529,119745170,11264.21,29.7,synthetic_demo,GOOD
2026-10-07T02:35:49.943559+00:00,Wi-Fi,Wi-Fi,28.75,0.0,0.37,102.72,14.03,97.4,48202853072,143726633627,40178834,119798667,14250.69,11.74,synthetic_demo,GOOD
2026-10-07T02:35:54.943559+00:00,Wi-Fi,Wi-Fi,122.12,6.74,11.48,9.78,1.95,28.2,48204071538,143732747701,40179849,119803762,1432.14,74.25,synthetic_demo,POOR
2026-10-07T02:35:59.943559+00:00,Ethernet0,Ethernet,169.29,46.7,70.29,0.43,0.3,,48204257364,143733016730,40180003,119803986,88.84,84.69,synthetic_demo,POOR
2026-10-07T02:36:04.943559+00:00,Ethernet0,Ethernet,11.6,0.0,0.15,161.89,48.63,,48234649066,143834196509,40205329,119888302,25697.55,32.25,synthetic_demo,GOOD
2026-10-07T02:36:09.943559+00:00,Wi-Fi,Wi-Fi,19.28,0.0,1.42,73.37,29.15,81.7,48252869600,143880051920,40220512,119926514,12514.83,37.26,synthetic_demo,GOOD
2026-10-07T02:36:14.943559+00:00,Ethernet0,Ethernet,328.6,37.1,37.39,1.57,0.43,,48253141331,143881030101,40220738,119927329,244.12,89.06,synthetic_demo,POOR
2026-10-07T02:36:19.943559+00:00,Ethernet0,Ethernet,13.96,0.0,1.0,163.97,64.49,,48293446612,143983511740,40254325,120012730,27888.07,7.4,synthetic_demo,GOOD
2026-10-07T02:36:24.943559+00:00,Ethernet0,Ethernet,11.55,0.0,0.48,141.97,38.9,,48317756117,144072242152,40274582,120086672,22078.11,26.12,synthetic_demo,GOOD
2026-10-07T02:36:29.943559+00:00,Ethernet0,Ethernet,13.38,0.0,0.2,156.53,51.07,,48349673329,144170075215,40301179,120168199,25341.85,10.78,synthetic_demo,GOOD
2026-10-07T02:36:34.943559+00:00,Wi-Fi,Wi-Fi,79.11,2.27,18.96,28.75,5.65,51.2,48353203244,144188046423,40304120,120183175,4199.44,58.33,synthetic_demo,MODERATE
2026-10-07T02:36:39.943559+00:00,Ethernet0,Ethernet,10.37,0.0,3.03,141.4,47.14,,48382663219,144276424480,40328669,120256823,23015.24,15.03,synthetic_demo,GOOD
2026-10-07T02:36:44.943559+00:00,Ethernet0,Ethernet,193.25,36.5,46.14,1.21,0.73,,48383120952,144277182412,40329050,120257454,237.43,75.07,synthetic_demo,POOR
2026-10-07T02:36:49.943559+00:00,Wi-Fi,Wi-Fi,23.0,0.0,2.86,73.2,17.18,76.2,48393861245,144322933988,40338000,120295580,11033.57,33.82,synthetic_demo,GOOD
2026-10-07T02:36:54.943559+00:00,Wi-Fi,Wi-Fi,116.9,1.33,17.94,23.21,4.72,49.4,48396813476,144337441700,40340460,120307669,3410.15,60.29,synthetic_demo,MODERATE
2026-10-07T02:36:59.943559+00:00,Ethernet0,Ethernet,10.09,0.0,2.2,154.83,57.69,,48432871549,144434210072,40370508,120388309,25942.67,10.06,synthetic_demo,GOOD
2026-10-07T02:37:04.943559+00:00,Wi-Fi,Wi-Fi,25.83,0.0,9.89,56.81,32.54,79.7,48453210204,144469716382,40387456,120417897,10907.22,41.44,synthetic_demo,MODERATE
2026-10-07T02:37:09.943559+00:00,Ethernet0,Ethernet,71.95,3.06,15.44,14.04,5.19,,48456456439,144478492588,40390161,120425210,2348.13,93.96,synthetic_demo,MODERATE
2026-10-07T02:37:14.943559+00:00,Wi-Fi,Wi-Fi,123.23,2.45,26.36,23.06,4.69,80.7,48459390591,144492903710,40392606,120437219,3387.75,95.39,synthetic_demo,POOR
2026-10-07T02:37:19.943559+00:00,Ethernet0,Ethernet,180.55,3.39,22.96,10.73,1.72,,48460464938,144499608660,40393501,120442806,1519.39,93.69,synthetic_demo,POOR
2026-10-07T02:37:24.943559+00:00,Wi-Fi,Wi-Fi,61.56,1.48,11.36,21.97,2.8,52.7,48462213392,144513339033,40394958,120454247,3023.21,62.29,synthetic_demo,MODERATE
2026-10-07T02:37:29.943559+00:00,Wi-Fi,Wi-Fi,154.25,9.24,28.09,4.19,0.77,40.8,48462696460,144515956527,40395360,120456428,605.58,75.86,synthetic_demo,POOR
2026-10-07T02:37:34.943559+00:00,Wi-Fi,Wi-Fi,96.34,10.52,34.38,9.12,1.26,38.0,48463485484,144521658127,40396017,120461179,1267.7,59.25,synthetic_demo,POOR
2026-10-07T02:37:39.943559+00:00,Wi-Fi,Wi-Fi,98.88,1.44,18.29,17.61,6.49,74.7,48467544076,144532665710,40399399,120470351,2942.61,93.99,synthetic_demo,MODERATE
2026-10-07T02:37:44.943559+00:00,Ethernet0,Ethernet,13.17,0.0,0.19,121.35,48.12,,48497622046,144608512140,40424463,120533556,20688.36,27.75,synthetic_demo,GOOD
2026-10-07T02:37:49.943559+00:00,Ethernet0,Ethernet,17.39,0.0,0.2,137.95,41.6,,48523620237,144694730682,40446128,120605404,21917.33,34.86,synthetic_demo,GOOD
2026-10-07T02:37:54.943559+00:00,Ethernet0,Ethernet,12.14,0.0,1.52,96.44,49.51,,48554564012,144755003902,40471914,120655631,17815.82,34.17,synthetic_demo,GOOD
2026-10-07T02:37:59.943559+00:00,Ethernet0,Ethernet,146.99,2.12,26.58,11.28,5.49,,48557996249,144762051753,40474774,120661504,2046.89,95.61,synthetic_demo,POOR
2026-10-07T02:38:04.943559+00:00,Wi-Fi,Wi-Fi,32.55,0.0,0.52,84.01,15.63,75.4,48567764267,144814558572,40482914,120705259,12163.05,25.31,synthetic_demo,GOOD
2026-10-07T02:38:09.943559+00:00,Wi-Fi,Wi-Fi,21.73,0.33,2.88,82.48,27.34,90.1,48584850030,144866109606,40497152,120748218,13405.62,21.69,synthetic_demo,GOOD
2026-10-07T02:38:14.943559+00:00,Wi-Fi,Wi-Fi,117.73,7.32,34.79,5.14,4.9,42.7,48587914186,144869322847,40499705,120750895,1226.05,50.55,synthetic_demo,POOR
2026-10-07T02:38:19.943559+00:00,Wi-Fi,Wi-Fi,151.05,5.0,44.13,10.3,1.52,27.9,48588866264,144875759151,40500498,120756258,1443.04,83.36,synthetic_demo,POOR
2026-10-07T02:38:24.943559+00:00,Wi-Fi,Wi-Fi,121.24,9.7,14.61,8.51,1.15,45.0,48589587236,144881078569,40501098,120760690,1179.76,76.43,synthetic_demo,POOR
2026-10-07T02:38:29.943559+00:00,Wi-Fi,Wi-Fi,24.31,0.0,2.66,49.49,25.15,80.2,48605306751,144912011433,40514197,120786467,9111.79,29.23,synthetic_demo,GOOD
2026-10-07T02:38:34.943559+00:00,Wi-Fi,Wi-Fi,113.3,3.58,16.61,12.78,2.62,81.2,48606946545,144919996831,40515563,120793121,1879.92,98.36,synthetic_demo,MODERATE
2026-10-07T02:38:39.943559+00:00,Wi-Fi,Wi-Fi,27.06,0.0,0.23,87.57,25.64,75.8,48622969350,144974730180,40528915,120838732,13819.56,35.87,synthetic_demo,GOOD
2026-10-07T02:38:44.943559+00:00,Ethernet0,Ethernet,10.72,0.0,0.12,150.98,59.05,,48659874488,145069090147,40559669,120917365,25637.72,32.13,synthetic_demo,GOOD
2026-10-07T02:38:49.943559+00:00,Ethernet0,Ethernet,9.56,0.0,1.05,143.63,44.74,,48687836533,145158857482,40582970,120992171,22994.02,22.65,synthetic_demo,GOOD
2026-10-07T02:38:54.943559+00:00,Wi-Fi,Wi-Fi,26.01,0.0,0.1,56.69,20.69,93.1,48700770570,145194291479,40593748,121021699,9446.88,23.08,synthetic_demo,GOOD
2026-10-07T02:38:59.943559+00:00,Wi-Fi,Wi-Fi,22.15,0.0,12.79,55.93,22.54,79.5,48714857904,145229245789,40605487,121050827,9578.45,41.42,synthetic_demo,MODERATE
2026-10-07T02:39:04.943559+00:00,Wi-Fi,Wi-Fi,129.36,9.75,28.4,6.83,1.64,37.9,48715880657,145233516631,40606339,121054386,1033.91,68.07,synthetic_demo,POOR
2026-10-07T02:39:09.943559+00:00,Ethernet0,Ethernet,13.12,0.0,0.33,141.58,51.25,,48747909170,145322006556,40633029,121128127,23538.76,34.8,synthetic_demo,GOOD
2026-10-07T02:39:14.943559+00:00,Wi-Fi,Wi-Fi,105.92,3.33,19.56,11.22,1.48,60.4,48748833439,145329020878,40633799,121133972,1550.51,86.1,synthetic_demo,MODERATE
2026-10-07T02:39:19.943559+00:00,Wi-Fi,Wi-Fi,50.17,2.58,17.19,20.96,6.8,37.7,48753085797,145342120900,40637342,121144888,3389.14,55.94,synthetic_demo,POOR
2026-10-07T02:39:24.943559+00:00,Wi-Fi,Wi-Fi,25.03,0.0,1.74,59.51,24.92,77.5,48768662524,145379317611,40650322,121175885,10307.31,15.17,synthetic_demo,GOOD
2026-10-07T02:39:29.943559+00:00,Wi-Fi,Wi-Fi,31.27,0.08,6.72,94.21,29.03,89.3,48786804092,145438198756,40665439,121224952,15043.5,23.53,synthetic_demo,GOOD
2026-10-07T02:39:34.943559+00:00,Wi-Fi,Wi-Fi,11.29,0.0,1.45,107.27,23.56,97.4,48801531262,145505239609,40677711,121280819,15970.32,24.91,synthetic_demo,GOOD
2026-10-07T02:39:39.943559+00:00,Wi-Fi,Wi-Fi,71.21,0.51,26.97,17.88,4.71,51.0,48804473578,145516415699,40680162,121290132,2757.5,54.6,synthetic_demo,POOR
2026-10-07T02:39:44.943559+00:00,Wi-Fi,Wi-Fi,22.17,0.0,0.13,69.51,26.52,79.1,48821050395,145559858973,40693976,121326334,11722.67,26.71,synthetic_demo,GOOD
2026-10-07T02:39:49.943559+00:00,Ethernet0,Ethernet,11.18,0.0,1.61,100.51,41.54,,48847015391,145622678202,40715613,121378683,17340.67,17.6,synthetic_demo,GOOD
2026-10-07T02:39:54.943559+00:00,Ethernet0,Ethernet,10.64,0.0,1.38,167.59,42.31,,48873457177,145727421845,40737647,121465969,25622.15,7.95,synthetic_demo,GOOD
2026-10-07T02:39:59.943559+00:00,Wi-Fi,Wi-Fi,115.82,1.12,19.99,20.43,8.29,47.9,48878637988,145740191684,40741964,121476610,3505.99,57.42,synthetic_demo,MODERATE
2026-10-07T02:40:04.943559+00:00,Wi-Fi,Wi-Fi,144.39,7.36,37.67,8.61,1.8,28.4,48879760756,145745573899,40742899,121481095,1270.5,64.89,synthetic_demo,POOR
2026-10-07T02:40:09.943559+00:00,Wi-Fi,Wi-Fi,28.8,0.0,5.61,77.56,26.99,80.1,48896628747,145794047178,40756955,121521489,12761.97,35.57,synthetic_demo,GOOD
2026-10-07T02:40:14.943559+00:00,Ethernet0,Ethernet,137.91,2.47,25.42,5.64,2.49,,48898185591,145797571494,40758252,121524425,992.41,95.07,synthetic_demo,POOR
2026-10-07T02:40:19.943559+00:00,Ethernet0,Ethernet,129.72,2.71,16.09,10.1,5.88,,48901861831,145803884585,40761315,121529685,1951.04,89.73,synthetic_demo,MODERATE
2026-10-07T02:40:24.943559+00:00,Wi-Fi,Wi-Fi,329.81,30.63,61.8,1.93,0.86,20.1,48902398801,145805092431,40761762,121530691,340.78,85.78,synthetic_demo,POOR
2026-10-07T02:40:29.943559+00:00,Wi-Fi,Wi-Fi,134.66,6.03,26.18,10.92,1.43,27.2,48903292681,145811917329,40762506,121536378,1507.57,56.06,synthetic_demo,POOR
2026-10-07T02:40:34.943559+00:00,Wi-Fi,Wi-Fi,105.38,2.93,10.62,12.61,6.41,37.3,48907299824,145819800682,40765845,121542947,2322.36,45.03,synthetic_demo,POOR
2026-10-07T02:40:39.943559+00:00,Wi-Fi,Wi-Fi,126.81,2.66,16.19,15.72,3.36,72.1,48909402124,145829628711,40767596,121551137,2330.14,92.27,synthetic_demo,MODERATE
2026-10-07T02:40:44.943559+00:00,Wi-Fi,Wi-Fi,142.09,11.49,17.59,0.01,2.3,29.2,48910838309,145829634961,40768792,121551142,281.73,52.71,synthetic_demo,POOR
2026-10-07T02:40:49.943559+00:00,Wi-Fi,Wi-Fi,20.85,0.0,0.94,81.47,21.12,93.9,48924039501,145880551168,40779792,121593572,12522.93,12.24,synthetic_demo,GOOD
2026-10-07T02:40:54.943559+00:00,Wi-Fi,Wi-Fi,25.67,0.0,3.26,69.32,31.74,87.6,48943874803,145923878653,40796321,121629678,12336.48,42.16,synthetic_demo,GOOD
2026-10-07T02:40:59.943559+00:00,Ethernet0,Ethernet,12.06,0.0,2.35,122.05,30.01,,48962633418,146000160036,40811953,121693245,18562.5,30.47,synthetic_demo,GOOD
2026-10-07T02:41:04.943559+00:00,Wi-Fi,Wi-Fi,140.47,9.95,22.56,7.63,3.49,34.0,48964814447,146004930517,40813770,121697220,1357.72,59.13,synthetic_demo,POOR
2026-10-07T02:41:09.943559+00:00,Wi-Fi,Wi-Fi,126.74,10.49,39.42,9.92,0.82,31.4,48965329286,146011131074,40814199,121702387,1311.6,51.45,synthetic_demo,POOR
2026-10-07T02:41:14.943559+00:00,Ethernet0,Ethernet,10.64,0.0,0.34,135.27,45.31,,48993647552,146095671925,40837797,121772837,22042.8,17.16,synthetic_demo,GOOD
2026-10-07T02:41:19.943559+00:00,Wi-Fi,Wi-Fi,103.68,3.4,18.82,17.43,4.41,42.9,48996404924,146106564399,40840094,121781914,2665.99,59.11,synthetic_demo,MODERATE
2026-10-07T02:41:24.943559+00:00,Wi-Fi,Wi-Fi,16.97,0.0,0.86,74.74,32.3,75.2,49016589850,146153277523,40856914,121820841,13066.03,30.7,synthetic_demo,GOOD
2026-10-07T02:41:29.943559+00:00,Ethernet0,Ethernet,10.39,0.16,5.61,165.39,55.26,,49051126811,146256645343,40885694,121906980,26934.53,24.47,synthetic_demo,GOOD
2026-10-07T02:41:34.943559+00:00,Ethernet0,Ethernet,231.62,50.36,38.67,1.21,0.96,,49051724872,146257399394,40886192,121907608,264.08,78.84,synthetic_demo,POOR
2026-10-07T02:41:39.943559+00:00,Ethernet0,Ethernet,12.19,0.0,0.73,126.48,54.99,,49086091367,146336450891,40914830,121973484,22151.95,12.8,synthetic_demo,GOOD
2026-10-07T02:41:44.943559+00:00,Ethernet0,Ethernet,12.74,0.0,2.21,156.84,67.23,,49128113016,146434475409,40949848,122055171,27352.77,16.62,synthetic_demo,GOOD
2026-10-07T02:41:49.943559+00:00,Wi-Fi,Wi-Fi,68.89,0.8,9.47,15.93,2.9,47.0,49129924185,146444430728,40951357,122063467,2298.14,52.65,synthetic_demo,MODERATE
2026-10-07T02:41:54.943559+00:00,Ethernet0,Ethernet,84.93,2.43,29.77,16.84,3.79,,49132293234,146454953734,40953331,122072236,2517.98,89.28,synthetic_demo,POOR
2026-10-07T02:41:59.943559+00:00,Ethernet0,Ethernet,13.23,0.0,0.46,175.06,50.07,,49163587072,146564363870,40979409,122163411,27481.24,13.53,synthetic_demo,GOOD
2026-10-07T02:42:04.943559+00:00,Wi-Fi,Wi-Fi,94.87,3.59,19.98,10.46,5.12,66.2,49166788360,146570902740,40982076,122168860,1902.37,97.68,synthetic_demo,MODERATE
2026-10-07T02:42:09.943559+00:00,Wi-Fi,Wi-Fi,75.35,0.51,19.29,17.73,5.58,50.8,49170276946,146581981887,40984983,122178092,2845.26,69.33,synthetic_demo,MODERATE
2026-10-07T02:42:14.943559+00:00,Ethernet0,Ethernet,8.07,0.0,0.46,147.37,57.68,,49206324861,146674087359,41015022,122254846,25029.96,9.63,synthetic_demo,GOOD
2026-10-07T02:42:19.943559+00:00,Ethernet0,Ethernet,10.47,0.07,1.01,169.46,57.1,,49242010321,146779997231,41044759,122343104,27655.34,24.91,synthetic_demo,GOOD
2026-10-07T02:42:24.943559+00:00,Wi-Fi,Wi-Fi,104.74,1.31,20.67,26.88,3.01,36.3,49243892098,146796794622,41046327,122357101,3648.28,50.34,synthetic_demo,MODERATE
2026-10-07T02:42:29.943559+00:00,Wi-Fi,Wi-Fi,29.28,0.0,3.8,39.09,29.58,83.7,49262379893,146821226424,41061733,122377460,8382.73,28.39,synthetic_demo,GOOD
2026-10-07T02:42:34.943559+00:00,Wi-Fi,Wi-Fi,236.99,28.97,49.23,0.71,0.57,11.6,49262733868,146821668703,41062027,122377828,155.52,85.95,synthetic_demo,POOR
2026-10-07T02:42:39.943559+00:00,Wi-Fi,Wi-Fi,164.67,6.78,44.66,4.48,1.35,36.6,49263574722,146824466118,41062727,122380159,710.6,76.84,synthetic_demo,POOR
2026-10-07T02:42:44.943559+00:00,Ethernet0,Ethernet,338.37,23.34,39.87,0.55,0.06,,49263613192,146824809931,41062759,122380445,74.66,75.22,synthetic_demo,POOR
2026-10-07T02:42:49.943559+00:00,Wi-Fi,Wi-Fi,18.39,0.0,2.37,91.58,16.92,92.0,49274190014,146882047477,41071573,122428142,13244.99,22.4,synthetic_demo,GOOD
2026-10-07T02:42:54.943559+00:00,Wi-Fi,Wi-Fi,247.32,31.04,45.15,1.14,0.45,22.6,49274472183,146882760262,41071808,122428735,194.33,87.17,synthetic_demo,POOR
2026-10-07T02:42:59.943559+00:00,Wi-Fi,Wi-Fi,23.55,0.0,6.35,74.3,23.13,87.4,49288930876,146929195923,41083856,122467431,11893.43,18.26,synthetic_demo,GOOD
2026-10-07T02:43:04.943559+00:00,Wi-Fi,Wi-Fi,22.57,0.16,1.02,67.35,23.2,77.9,49303430782,146971288705,41095939,122502508,11053.26,38.22,synthetic_demo,GOOD
2026-10-07T02:43:09.943559+00:00,Ethernet0,Ethernet,10.3,0.0,2.06,157.89,36.32,,49326131150,147069972604,41114855,122584744,23707.86,30.76,synthetic_demo,GOOD
2026-10-07T02:43:14.943559+00:00,Ethernet0,Ethernet,12.45,0.0,0.51,172.56,42.74,,49352845623,147177821173,41137117,122674617,26281.84,10.2,synthetic_demo,GOOD
2026-10-07T02:43:19.943559+00:00,Wi-Fi,Wi-Fi,73.52,2.62,16.62,15.6,4.89,68.7,49355899125,147187574122,41139661,122682744,2501.26,96.37,synthetic_demo,MODERATE
2026-10-07T02:43:24.943559+00:00,Wi-Fi,Wi-Fi,20.3,0.0,2.38,73.76,28.18,87.9,49373513263,147233674011,41154339,122721160,12444.15,10.2,synthetic_demo,GOOD
2026-10-07T02:43:29.943559+00:00,Ethernet0,Ethernet,12.37,0.0,0.5,120.96,50.09,,49404817604,147309271676,41180425,122784158,20879.3,13.91,synthetic_demo,GOOD
2026-10-07T02:43:34.943559+00:00,Wi-Fi,Wi-Fi,61.46,2.38,23.97,14.97,8.05,46.4,49409850021,147318629080,41184618,122791955,2810.51,67.22,synthetic_demo,MODERATE
2026-10-07T02:43:39.943559+00:00,Wi-Fi,Wi-Fi,26.66,0.0,1.57,101.82,15.38,91.1,49419461408,147382265367,41192627,122844985,14306.19,14.39,synthetic_demo,GOOD
2026-10-07T02:43:44.943559+00:00,Wi-Fi,Wi-Fi,57.97,3.4,11.42,23.94,5.39,53.3,49422829860,147397226384,41195434,122857452,3579.97,49.05,synthetic_demo,MODERATE
2026-10-07T02:43:49.943559+00:00,Wi-Fi,Wi-Fi,24.1,0.0,0.19,67.45,26.76,91.0,49439554296,147439380526,41209371,122892580,11499.72,28.63,synthetic_demo,GOOD
2026-10-07T02:43:54.943559+00:00,Wi-Fi,Wi-Fi,121.66,11.09,30.16,8.65,4.38,27.6,49442289455,147444789785,41211650,122897087,1590.71,67.12,synthetic_demo,POOR
2026-10-07T02:43:59.943559+00:00,Wi-Fi,Wi-Fi,77.91,10.29,23.03,6.53,1.47,41.5,49443208889,147448871355,41212416,122900488,976.76,81.76,synthetic_demo,POOR
2026-10-07T02:44:04.943559+00:00,Wi-Fi,Wi-Fi,20.7,0.0,0.46,89.57,26.54,94.6,49459797487,147504854036,41226239,122947140,14174.08,12.35,synthetic_demo,GOOD
2026-10-07T02:44:09.943559+00:00,Wi-Fi,Wi-Fi,20.74,0.0,2.5,82.83,18.43,79.9,49471313281,147556620834,41235835,122990278,12359.88,14.08,synthetic_demo,GOOD
2026-10-07T02:44:14.943559+00:00,Wi-Fi,Wi-Fi,30.56,0.0,5.12,77.1,27.74,83.7,49488651727,147604808737,41250283,123030434,12798.12,39.84,synthetic_demo,GOOD
2026-10-07T02:44:19.943559+00:00,Wi-Fi,Wi-Fi,123.38,8.03,22.86,3.35,1.21,43.6,49489409228,147606900020,41250914,123032176,556.4,59.5,synthetic_demo,POOR
2026-10-07T02:44:24.943559+00:00,Wi-Fi,Wi-Fi,25.63,0.0,0.8,94.06,26.86,75.9,49506195442,147665687293,41264902,123081165,14760.45,42.5,synthetic_demo,GOOD
2026-10-07T02:44:29.943559+00:00,Ethernet0,Ethernet,13.56,0.0,2.04,144.89,31.5,,49525881256,147756246030,41281306,123156630,21532.14,7.37,synthetic_demo,GOOD
2026-10-07T02:44:34.943559+00:00,Ethernet0,Ethernet,14.59,0.0,0.1,200.09,50.31,,49557323825,147881299990,41307508,123260841,30565.73,26.98,synthetic_demo,GOOD
2026-10-07T02:44:39.943559+00:00,Wi-Fi,Wi-Fi,19.26,0.0,8.06,55.75,27.59,92.5,49574567482,147916143485,41321877,123289877,10173.27,15.9,synthetic_demo,MODERATE
2026-10-07T02:44:44.943559+00:00,Wi-Fi,Wi-Fi,24.28,0.09,4.53,56.0,28.03,92.1,49592083730,147951143240,41336473,123319043,10257.03,14.95,synthetic_demo,GOOD
2026-10-07T02:44:49.943559+00:00,Wi-Fi,Wi-Fi,152.47,11.79,37.46,3.16,0.21,34.4,49592215678,147953121352,41336582,123320691,412.12,71.94,synthetic_demo,POOR
2026-10-07T02:44:54.943559+00:00,Ethernet0,Ethernet,11.68,0.0,1.05,154.4,48.34,,49622429813,148049618966,41361760,123401105,24748.39,27.54,synthetic_demo,GOOD
2026-10-07T02:44:59.943559+00:00,Wi-Fi,Wi-Fi,33.86,0.0,0.1,107.69,28.76,97.6,49640404513,148116924013,41376738,123457192,16656.2,11.43,synthetic_demo,GOOD
2026-10-07T02:45:04.943559+00:00,Wi-Fi,Wi-Fi,102.32,5.62,32.28,1.91,2.56,40.0,49642005295,148118116750,41378071,123458185,545.61,68.0,synthetic_demo,POOR
2026-10-07T02:45:09.943559+00:00,Wi-Fi,Wi-Fi,133.83,4.51,16.86,3.71,1.37,37.5,49642864599,148120433041,41378787,123460115,620.23,78.79,synthetic_demo,POOR
2026-10-07T02:45:14.943559+00:00,Wi-Fi,Wi-Fi,20.22,0.0,0.5,45.74,20.43,79.6,49655632047,148149020257,41389426,123483937,8077.08,18.21,synthetic_demo,GOOD
2026-10-07T02:45:19.943559+00:00,Wi-Fi,Wi-Fi,25.79,0.0,0.14,86.77,25.0,75.6,49671255736,148203251143,41402445,123529129,13643.47,32.08,synthetic_demo,GOOD
2026-10-07T02:45:24.943559+00:00,Wi-Fi,Wi-Fi,22.5,0.0,0.13,88.41,28.71,80.3,49689200742,148258509651,41417399,123575177,14297.56,39.11,synthetic_demo,GOOD
2026-10-07T02:45:29.943559+00:00,Ethernet0,Ethernet,342.26,27.44,42.78,1.72,0.16,,49689302378,148259585052,41417483,123576073,229.89,90.77,synthetic_demo,POOR
2026-10-07T02:45:34.943559+00:00,Ethernet0,Ethernet,14.02,0.0,1.27,160.85,42.13,,49715635630,148360119172,41439427,123659851,24778.78,6.83,synthetic_demo,GOOD
2026-10-07T02:45:39.943559+00:00,Wi-Fi,Wi-Fi,264.14,15.27,60.59,0.38,0.58,29.6,49715998798,148360358476,41439729,123660050,117.67,89.82,synthetic_demo,POOR
2026-10-07T02:45:44.943559+00:00,Wi-Fi,Wi-Fi,106.1,2.02,21.07,15.7,3.5,64.7,49718185229,148370169012,41441551,123668225,2343.16,91.25,synthetic_demo,MODERATE
2026-10-07T02:45:49.943559+00:00,Wi-Fi,Wi-Fi,116.43,2.75,27.14,25.2,4.55,44.7,49721028876,148385916152,41443920,123681347,3631.01,62.33,synthetic_demo,POOR
2026-10-07T02:45:54.943559+00:00,Ethernet0,Ethernet,11.92,0.0,3.54,160.64,29.92,,49739727627,148486316698,41459502,123765014,23261.58,12.21,synthetic_demo,GOOD
2026-10-07T02:45:59.943559+00:00,Wi-Fi,Wi-Fi,28.28,0.29,0.8,86.28,25.96,96.9,49755954437,148540244617,41473024,123809953,13702.1,10.15,synthetic_demo,GOOD
2026-10-07T02:46:04.943559+00:00,Wi-Fi,Wi-Fi,29.52,0.0,4.94,67.65,24.07,83.3,49771000301,148582522946,41485562,123845184,11196.13,25.94,synthetic_demo,GOOD
2026-10-07T02:46:09.943559+00:00,Ethernet0,Ethernet,14.85,0.0,0.69,155.0,51.7,,49803313688,148679397448,41512489,123925912,25232.01,13.47,synthetic_demo,GOOD
2026-10-07T02:46:14.943559+00:00,Ethernet0,Ethernet,137.32,1.29,24.07,8.73,2.3,,49804748434,148684851472,41513684,123930457,1345.46,89.24,synthetic_demo,MODERATE
2026-10-07T02:46:19.943559+00:00,Wi-Fi,Wi-Fi,228.54,58.34,70.56,1.5,0.18,20.9,49804861855,148685789180,41513778,123931238,205.3,99.81,synthetic_demo,POOR
2026-10-07T02:46:24.943559+00:00,Wi-Fi,Wi-Fi,78.14,1.48,24.83,20.12,5.64,53.2,49808387623,148698366117,41516716,123941718,3145.06,57.96,synthetic_demo,MODERATE
2026-10-07T02:46:29.943559+00:00,Wi-Fi,Wi-Fi,51.92,1.12,23.57,18.55,3.55,82.3,49810608139,148709958722,41518566,123951378,2697.88,93.19,synthetic_demo,MODERATE
2026-10-07T02:46:34.943559+00:00,Ethernet0,Ethernet,9.91,0.0,1.96,177.51,44.61,,49838486726,148820905476,41541798,124043833,27114.32,21.31,synthetic_demo,GOOD
2026-10-07T02:46:39.943559+00:00,Wi-Fi,Wi-Fi,33.14,0.0,3.0,93.02,28.01,77.7,49855992656,148879045125,41556386,124092282,14774.53,28.3,synthetic_demo,GOOD
2026-10-07T02:46:44.943559+00:00,Ethernet0,Ethernet,11.71,0.0,1.38,157.78,52.95,,49889089218,148977655421,41583966,124174457,25724.0,9.67,synthetic_demo,GOOD
2026-10-07T02:46:49.943559+00:00,Wi-Fi,Wi-Fi,45.54,2.24,7.78,28.86,3.24,41.6,49891111528,148995694705,41585651,124189489,3918.28,57.44,synthetic_demo,MODERATE
2026-10-07T02:46:54.943559+00:00,Wi-Fi,Wi-Fi,208.17,50.23,39.7,0.33,0.05,21.9,49891142884,148995903357,41585677,124189662,46.88,76.34,synthetic_demo,POOR
2026-10-07T02:46:59.943559+00:00,Wi-Fi,Wi-Fi,137.73,2.01,22.16,12.23,3.92,71.5,49893590016,149003546581,41587716,124196031,1970.77,90.52,synthetic_demo,MODERATE
2026-10-07T02:47:04.943559+00:00,Ethernet0,Ethernet,12.32,0.0,0.56,153.17,50.11,,49924910937,149099279356,41613816,124275808,24815.17,18.32,synthetic_demo,GOOD
2026-10-07T02:47:09.943559+00:00,Wi-Fi,Wi-Fi,25.74,0.0,0.93,120.21,27.62,84.6,49942171038,149174408668,41628199,124338415,18044.81,41.98,synthetic_demo,GOOD
2026-10-07T02:47:14.943559+00:00,Wi-Fi,Wi-Fi,61.43,2.43,11.29,18.67,7.82,47.8,49947057655,149186075562,41632271,124348137,3233.11,49.38,synthetic_demo,MODERATE
2026-10-07T02:47:19.943559+00:00,Wi-Fi,Wi-Fi,30.63,0.0,1.16,67.08,32.63,96.5,49967450819,149228000515,41649265,124383074,12171.51,13.19,synthetic_demo,GOOD
2026-10-07T02:47:24.943559+00:00,Wi-Fi,Wi-Fi,144.11,5.83,26.12,8.01,1.67,25.9,49968491827,149233009558,41650132,124387248,1181.65,69.2,synthetic_demo,POOR
2026-10-07T02:47:29.943559+00:00,Wi-Fi,Wi-Fi,96.67,6.08,27.03,13.58,2.38,25.7,49969978515,149241495963,41651370,124394320,1947.87,64.47,synthetic_demo,POOR
2026-10-07T02:47:34.943559+00:00,Wi-Fi,Wi-Fi,70.79,1.01,21.24,14.6,7.1,43.5,49974418738,149250621328,41655070,124401924,2649.53,57.16,synthetic_demo,MODERATE
2026-10-07T02:47:39.943559+00:00,Wi-Fi,Wi-Fi,43.46,0.0,2.18,77.14,17.68,97.7,49985466959,149298830983,41664276,124442098,11573.8,40.29,synthetic_demo,GOOD
2026-10-07T02:47:44.943559+00:00,Wi-Fi,Wi-Fi,24.54,0.0,3.47,78.56,19.07,93.9,49997385889,149347931961,41674208,124483015,11917.95,11.36,synthetic_demo,GOOD
2026-10-07T02:47:49.943559+00:00,Ethernet0,Ethernet,5.74,0.0,0.71,148.0,58.28,,50033811252,149440429181,41704562,124560096,25180.19,12.4,synthetic_demo,GOOD
2026-10-07T02:47:54.943559+00:00,Wi-Fi,Wi-Fi,17.12,0.0,6.79,99.96,27.03,85.4,50050703670,149502903131,41718639,124612157,15501.24,28.34,synthetic_demo,GOOD
2026-10-07T02:47:59.943559+00:00,Wi-Fi,Wi-Fi,29.69,0.0,11.38,83.79,27.67,94.4,50068000092,149555268858,41733052,124655795,13605.89,19.84,synthetic_demo,MODERATE
2026-10-07T02:48:04.943559+00:00,Wi-Fi,Wi-Fi,128.52,2.58,30.33,11.48,3.01,78.8,50069881745,149562446817,41734620,124661776,1769.46,92.84,synthetic_demo,POOR
2026-10-07T02:48:09.943559+00:00,Ethernet0,Ethernet,73.68,1.64,19.28,14.67,3.98,,50072371908,149571613526,41736695,124669414,2276.73,86.0,synthetic_demo,MODERATE
2026-10-07T02:48:14.943559+00:00,Ethernet0,Ethernet,7.89,0.0,0.66,152.71,48.72,,50102823938,149667057579,41762071,124748950,24589.08,16.58,synthetic_demo,GOOD
2026-10-07T02:48:19.943559+00:00,Wi-Fi,Wi-Fi,25.12,0.0,5.13,53.93,26.4,75.8,50119326797,149700762174,41775823,124777037,9806.14,26.84,synthetic_demo,GOOD
2026-10-07T02:48:24.943559+00:00,Ethernet0,Ethernet,14.18,0.0,1.88,157.63,58.11,,50155645668,149799280010,41806088,124859135,26335.29,6.32,synthetic_demo,GOOD
2026-10-07T02:48:29.943559+00:00,Ethernet0,Ethernet,16.0,0.0,0.22,154.86,28.86,,50173681622,149896068488,41821117,124939792,22426.65,15.55,synthetic_demo,GOOD
2026-10-07T02:48:34.943559+00:00,Wi-Fi,Wi-Fi,139.81,9.34,33.5,8.96,3.09,36.0,50175613583,149901666172,41822726,124944456,1470.63,60.88,synthetic_demo,POOR
2026-10-07T02:48:39.943559+00:00,Ethernet0,Ethernet,15.2,0.0,0.57,166.42,51.58,,50207851377,150005680200,41849590,125031134,26611.68,31.59,synthetic_demo,GOOD
2026-10-07T02:48:44.943559+00:00,Wi-Fi,Wi-Fi,28.81,0.0,0.92,97.75,21.14,94.2,50221062310,150066772592,41860599,125082044,14512.37,37.84,synthetic_demo,GOOD
2026-10-07T02:48:49.943559+00:00,Ethernet0,Ethernet,16.17,0.0,0.3,158.11,67.48,,50263238961,150165588657,41895746,125164390,27537.64,21.72,synthetic_demo,GOOD
2026-10-07T02:48:54.943559+00:00,Wi-Fi,Wi-Fi,156.18,6.29,36.3,9.76,2.21,42.5,50264621335,150171690776,41896897,125169475,1461.82,60.06,synthetic_demo,POOR
2026-10-07T02:48:59.943559+00:00,Wi-Fi,Wi-Fi,70.21,3.34,13.22,3.71,3.81,35.3,50266999743,150174010929,41898879,125171408,917.69,41.79,synthetic_demo,POOR
2026-10-07T02:49:04.943559+00:00,Ethernet0,Ethernet,14.3,0.0,0.18,184.62,60.98,,50305114632,150289400890,41930641,125267566,29981.42,10.25,synthetic_demo,GOOD
2026-10-07T02:49:09.943559+00:00,Wi-Fi,Wi-Fi,64.6,3.15,18.38,17.8,8.38,46.8,50310352634,150300524178,41935006,125276835,3195.56,45.24,synthetic_demo,MODERATE
2026-10-07T02:49:14.943559+00:00,Wi-Fi,Wi-Fi,71.53,3.6,26.03,8.28,1.95,65.5,50311568788,150305697554,41936019,125281146,1247.96,86.67,synthetic_demo,POOR
2026-10-07T02:49:19.943559+00:00,Ethernet0,Ethernet,214.99,48.59,63.0,0.45,0.35,,50311789946,150305978572,41936203,125281380,98.08,80.34,synthetic_demo,POOR
2026-10-07T02:49:24.943559+00:00,Ethernet0,Ethernet,12.55,0.0,0.23,175.32,49.5,,50342725348,150415554353,41961982,125372693,27443.59,33.64,synthetic_demo,GOOD
2026-10-07T02:49:29.943559+00:00,Wi-Fi,Wi-Fi,140.93,10.68,30.06,3.36,1.75,44.8,50343818662,150417653251,41962893,125374442,623.48,72.95,synthetic_demo,POOR
2026-10-07T02:49:34.943559+00:00,Ethernet0,Ethernet,116.97,26.12,49.24,2.46,0.29,,50344000283,150419191109,41963044,125375723,335.84,70.71,synthetic_demo,POOR
2026-10-07T02:49:39.943559+00:00,Wi-Fi,Wi-Fi,52.66,6.46,34.39,1.82,3.38,33.0,50346113373,150420330230,41964804,125376672,635.2,50.81,synthetic_demo,POOR
2026-10-07T02:49:44.943559+00:00,Wi-Fi,Wi-Fi,55.42,1.14,16.15,12.16,8.26,38.3,50351278215,150427929233,41969108,125383004,2492.94,60.21,synthetic_demo,MODERATE
2026-10-07T02:49:49.943559+00:00,Wi-Fi,Wi-Fi,60.99,2.36,10.64,23.29,7.76,44.6,50356130372,150442482919,41973151,125395132,3790.2,55.9,synthetic_demo,MODERATE
2026-10-07T02:49:54.943559+00:00,Wi-Fi,Wi-Fi,21.97,0.0,3.28,83.53,33.12,80.9,50376832200,150494686575,41990402,125438635,14239.35,21.37,synthetic_demo,GOOD
2026-10-07T02:49:59.943559+00:00,Ethernet0,Ethernet,89.0,2.18,15.69,12.83,4.31,,50379522849,150502707628,41992644,125445319,2092.13,97.23,synthetic_demo,MODERATE
2026-10-07T02:50:04.943559+00:00,Wi-Fi,Wi-Fi,74.37,2.4,16.36,24.28,3.8,48.1,50381897770,150517883031,41994623,125457965,3427.8,46.76,synthetic_demo,MODERATE
2026-10-07T02:50:09.943559+00:00,Wi-Fi,Wi-Fi,96.73,3.31,23.97,6.02,4.03,67.5,50384417974,150521646677,41996723,125461101,1227.31,92.09,synthetic_demo,MODERATE
2026-10-07T02:50:14.943559+00:00,Wi-Fi,Wi-Fi,16.63,0.0,11.74,100.42,24.75,91.1,50399884707,150584407415,42009611,125513401,15278.8,27.17,synthetic_demo,MODERATE
2026-10-07T02:50:19.943559+00:00,Wi-Fi,Wi-Fi,170.33,2.29,22.83,8.42,3.34,82.7,50401971692,150589669285,42011350,125517785,1435.32,87.46,synthetic_demo,POOR
2026-10-07T02:50:24.943559+00:00,Wi-Fi,Wi-Fi,189.13,10.62,24.29,2.0,1.91,30.4,50403163395,150590917080,42012343,125518824,476.46,64.66,synthetic_demo,POOR
2026-10-07T02:50:29.943559+00:00,Ethernet0,Ethernet,8.46,0.0,3.67,124.68,49.42,,50434048209,150668842582,42038080,125583761,21252.01,34.41,synthetic_demo,GOOD
2026-10-07T02:50:34.943559+00:00,Wi-Fi,Wi-Fi,118.97,9.45,22.41,4.82,2.75,25.5,50435765418,150671857801,42039511,125586273,924.3,75.38,synthetic_demo,POOR
2026-10-07T02:50:39.943559+00:00,Wi-Fi,Wi-Fi,82.13,3.5,9.49,28.82,6.3,50.0,50439704510,150689871506,42042793,125601284,4287.66,60.57,synthetic_demo,MODERATE
2026-10-07T02:50:44.943559+00:00,Wi-Fi,Wi-Fi,171.59,4.79,19.52,5.08,2.43,36.5,50441223243,150693047408,42044058,125603930,916.92,67.12,synthetic_demo,POOR
2026-10-07T02:50:49.943559+00:00,Wi-Fi,Wi-Fi,28.06,0.0,1.93,93.2,28.04,76.9,50458745515,150751296787,42058659,125652471,14799.15,34.8,synthetic_demo,GOOD
2026-10-07T02:50:54.943559+00:00,Wi-Fi,Wi-Fi,26.97,0.0,2.32,99.29,7.73,85.6,50463578783,150813350064,42062686,125704182,13063.78,13.88,synthetic_demo,GOOD
2026-10-07T02:50:59.943559+00:00,Wi-Fi,Wi-Fi,148.46,5.87,29.71,4.93,1.12,29.2,50464276599,150816429515,42063267,125706748,737.75,75.74,synthetic_demo,POOR
2026-10-07T02:51:04.943559+00:00,Wi-Fi,Wi-Fi,20.9,0.0,1.19,87.65,22.61,89.4,50478409174,150871208849,42075044,125752397,13459.36,20.27,synthetic_demo,GOOD
2026-10-07T02:51:09.943559+00:00,Wi-Fi,Wi-Fi,102.11,8.9,44.92,5.39,2.49,35.8,50479963565,150874578440,42076339,125755204,961.72,66.1,synthetic_demo,POOR
2026-10-07T02:51:14.943559+00:00,Wi-Fi,Wi-Fi,31.63,0.0,0.33,84.71,28.95,95.6,50498058628,150927519102,42091418,125799321,13874.17,24.76,synthetic_demo,GOOD
2026-10-07T02:51:19.943559+00:00,Wi-Fi,Wi-Fi,52.55,2.18,12.7,9.45,8.46,54.7,50503347847,150933426027,42095825,125804243,2186.75,68.47,synthetic_demo,MODERATE
2026-10-07T02:51:24.943559+00:00,Wi-Fi,Wi-Fi,18.54,0.0,2.59,67.51,20.02,90.6,50515862520,150975619502,42106253,125839404,10685.19,27.48,synthetic_demo,GOOD
2026-10-07T02:51:29.943559+00:00,Wi-Fi,Wi-Fi,46.49,1.21,9.31,17.1,7.21,39.1,50520366907,150986306797,42110006,125848310,2967.13,44.17,synthetic_demo,MODERATE
2026-10-07T02:51:34.943559+00:00,Wi-Fi,Wi-Fi,24.58,0.0,2.88,82.15,23.59,86.9,50535110423,151037651587,42122292,125891097,12907.87,16.18,synthetic_demo,GOOD
2026-10-07T02:51:39.943559+00:00,Ethernet0,Ethernet,15.07,0.0,0.69,181.82,50.37,,50566590646,151151286370,42148525,125985792,28342.77,20.03,synthetic_demo,GOOD
2026-10-07T02:51:44.943559+00:00,Wi-Fi,Wi-Fi,23.26,0.06,4.44,78.84,22.17,75.7,50580446603,151200560520,42160071,126026853,12330.1,33.98,synthetic_demo,GOOD
2026-10-07T02:51:49.943559+00:00,Ethernet0,Ethernet,13.02,0.0,2.1,157.53,36.64,,50603343972,151299018998,42179152,126108901,23702.31,27.72,synthetic_demo,GOOD
2026-10-07T02:51:54.943559+00:00,Wi-Fi,Wi-Fi,142.08,25.15,59.39,2.43,0.92,18.9,50603917067,151300535881,42179629,126110165,408.2,74.1,synthetic_demo,POOR
2026-10-07T02:51:59.943559+00:00,Ethernet0,Ethernet,204.53,32.17,47.16,1.37,0.14,,50604006172,151301393155,42179703,126110879,184.84,87.15,synthetic_demo,POOR
2026-10-07T02:52:04.943559+00:00,Wi-Fi,Wi-Fi,25.95,0.0,0.88,80.17,25.78,78.6,50620117329,151351497821,42193128,126152632,12932.78,26.3,synthetic_demo,GOOD
2026-10-07T02:52:09.943559+00:00,Wi-Fi,Wi-Fi,112.64,2.0,25.88,11.54,3.92,83.8,50622568810,151358708893,42195170,126158641,1887.22,91.66,synthetic_demo,POOR
2026-10-07T02:52:14.943559+00:00,Wi-Fi,Wi-Fi,16.47,0.0,0.18,47.37,22.32,85.0,50636520665,151388316646,42206796,126183314,8507.74,18.77,synthetic_demo,GOOD
2026-10-07T02:52:19.943559+00:00,Ethernet0,Ethernet,141.17,1.38,12.78,12.68,5.94,,50640231450,151396239744,42209888,126189916,2272.24,98.71,synthetic_demo,POOR
2026-10-07T02:52:24.943559+00:00,Wi-Fi,Wi-Fi,88.7,7.1,28.67,8.5,3.24,40.6,50642258484,151401554923,42211577,126194345,1434.03,52.57,synthetic_demo,POOR
2026-10-07T02:52:29.943559+00:00,Ethernet0,Ethernet,253.62,29.18,47.35,1.68,0.57,,50642613556,151402605291,42211872,126195220,274.5,99.58,synthetic_demo,POOR
2026-10-07T02:52:34.943559+00:00,Wi-Fi,Wi-Fi,26.64,0.0,0.91,85.77,26.08,93.2,50658911582,151456209431,42225453,126239890,13652.77,25.75,synthetic_demo,GOOD
2026-10-07T02:52:39.943559+00:00,Wi-Fi,Wi-Fi,138.94,1.93,25.18,9.82,3.2,75.5,50660911239,151462344041,42227119,126245002,1588.72,97.24,synthetic_demo,POOR
2026-10-07T02:52:44.943559+00:00,Wi-Fi,Wi-Fi,26.3,0.0,2.15,85.45,23.31,84.7,50675478455,151515748300,42239258,126289505,13275.68,39.94,synthetic_demo,GOOD
2026-10-07T02:52:49.943559+00:00,Ethernet0,Ethernet,215.9,36.27,55.02,2.26,0.76,,50675954172,151517159061,42239654,126290680,368.45,98.32,synthetic_demo,POOR
2026-10-07T02:52:54.943559+00:00,Ethernet0,Ethernet,12.44,0.0,1.02,119.28,44.84,,50703978266,151591709594,42263007,126352805,20034.11,12.0,synthetic_demo,GOOD
2026-10-07T02:52:59.943559+00:00,Wi-Fi,Wi-Fi,76.27,2.61,16.87,26.81,4.72,36.9,50706927336,151608466444,42265464,126366769,3848.81,73.36,synthetic_demo,POOR
2026-10-07T02:53:04.943559+00:00,Ethernet0,Ethernet,63.59,1.18,24.03,7.23,2.77,,50708659524,151612986451,42266907,126370535,1221.13,85.09,synthetic_demo,MODERATE
2026-10-07T02:53:09.943559+00:00,Ethernet0,Ethernet,137.7,2.19,12.48,15.63,4.63,,50711554540,151622758191,42269319,126378678,2473.98,91.3,synthetic_demo,MODERATE
2026-10-07T02:53:14.943559+00:00,Ethernet0,Ethernet,9.85,0.0,0.22,182.32,55.77,,50746408766,151736710409,42298364,126473638,29063.76,13.52,synthetic_demo,GOOD
2026-10-07T02:53:19.943559+00:00,Ethernet0,Ethernet,213.49,48.52,39.4,1.68,0.31,,50746600639,151737763124,42298523,126474515,243.08,73.66,synthetic_demo,POOR
2026-10-07T02:53:24.943559+00:00,Ethernet0,Ethernet,11.2,0.0,0.43,119.06,41.25,,50772379273,151812172824,42320005,126536523,19568.03,18.94,synthetic_demo,GOOD
2026-10-07T02:53:29.943559+00:00,Wi-Fi,Wi-Fi,76.86,1.03,12.18,10.67,7.58,43.3,50777117255,151818841555,42323953,126542080,2227.87,44.15,synthetic_demo,MODERATE
2026-10-07T02:53:34.943559+00:00,Ethernet0,Ethernet,14.12,0.0,1.06,122.06,62.86,,50816406532,151895127895,42356694,126605651,22573.36,25.8,synthetic_demo,GOOD
2026-10-07T02:53:39.943559+00:00,Wi-Fi,Wi-Fi,30.72,0.0,0.93,52.59,24.29,89.2,50831590768,151927999288,42369347,126633043,9385.87,37.61,synthetic_demo,GOOD
2026-10-07T02:53:44.943559+00:00,Wi-Fi,Wi-Fi,60.0,2.93,31.77,11.54,4.75,36.4,50834558287,151935210047,42371819,126639051,1987.94,50.98,synthetic_demo,POOR
2026-10-07T02:53:49.943559+00:00,Wi-Fi,Wi-Fi,29.08,0.0,6.89,89.36,23.67,75.8,50849350260,151991061717,42384145,126685594,13797.59,21.0,synthetic_demo,GOOD
2026-10-07T02:53:54.943559+00:00,Ethernet0,Ethernet,9.77,0.0,2.97,164.52,46.4,,50878348375,152093889343,42408310,126771283,25747.22,14.34,synthetic_demo,GOOD
2026-10-07T02:53:59.943559+00:00,Ethernet0,Ethernet,9.71,0.0,0.44,131.18,46.14,,50907185472,152175877188,42432340,126839606,21645.5,28.26,synthetic_demo,GOOD
2026-10-07T02:54:04.943559+00:00,Wi-Fi,Wi-Fi,14.94,0.0,0.43,56.95,23.78,96.9,50922049402,152211471543,42444726,126869267,9855.13,12.99,synthetic_demo,GOOD
2026-10-07T02:54:09.943559+00:00,Ethernet0,Ethernet,98.52,3.5,11.67,8.5,5.78,,50925659192,152216785171,42447734,126873695,1742.86,95.92,synthetic_demo,MODERATE
2026-10-07T02:54:14.943559+00:00,Wi-Fi,Wi-Fi,171.27,10.73,41.05,2.64,2.03,37.3,50926929772,152218433680,42448792,126875068,570.13,55.66,synthetic_demo,POOR
2026-10-07T02:54:19.943559+00:00,Ethernet0,Ethernet,9.2,0.0,0.32,168.94,48.06,,50956968214,152324018060,42473824,126963054,26488.83,20.96,synthetic_demo,GOOD
2026-10-07T02:54:24.943559+00:00,Wi-Fi,Wi-Fi,21.45,0.0,0.82,83.11,27.45,95.3,50974122239,152375964464,42488119,127006342,13496.18,24.91,synthetic_demo,GOOD
2026-10-07T02:54:29.943559+00:00,Ethernet0,Ethernet,7.27,0.0,0.1,147.35,69.13,,51017326104,152468055454,42524122,127083084,26424.78,10.79,synthetic_demo,GOOD
2026-10-07T02:54:34.943559+00:00,Ethernet0,Ethernet,14.73,0.0,1.53,195.32,42.3,,51043766713,152590133307,42546155,127184815,29007.51,25.62,synthetic_demo,GOOD
2026-10-07T02:54:39.943559+00:00,Wi-Fi,Wi-Fi,138.89,3.12,21.16,15.4,3.15,66.3,51045733627,152599758541,42547794,127192836,2264.09,85.02,synthetic_demo,MODERATE
2026-10-07T02:54:44.943559+00:00,Wi-Fi,Wi-Fi,46.19,2.45,19.59,25.39,6.43,53.6,51049751062,152615625008,42551141,127206058,3883.57,42.61,synthetic_demo,MODERATE
2026-10-07T02:54:49.943559+00:00,Ethernet0,Ethernet,10.57,0.0,1.96,127.29,56.96,,51085354080,152695178926,42580810,127272352,22491.59,9.89,synthetic_demo,GOOD
2026-10-07T02:54:54.943559+00:00,Ethernet0,Ethernet,13.71,0.0,3.59,153.35,53.8,,51118977313,152791019994,42608829,127352219,25286.0,10.9,synthetic_demo,GOOD
2026-10-07T02:54:59.943559+00:00,Ethernet0,Ethernet,10.98,0.1,0.57,163.8,52.86,,51152013735,152893394050,42636359,127437530,26447.36,34.97,synthetic_demo,GOOD
2026-10-07T02:55:04.943559+00:00,Wi-Fi,Wi-Fi,84.41,5.88,25.63,13.37,2.35,34.4,51153483591,152901751100,42637583,127444494,1919.32,63.55,synthetic_demo,POOR
2026-10-07T02:55:09.943559+00:00,Wi-Fi,Wi-Fi,198.31,53.93,53.25,0.21,0.41,12.0,51153740849,152901883953,42637797,127444604,76.19,93.25,synthetic_demo,POOR
2026-10-07T02:55:14.943559+00:00,Ethernet0,Ethernet,10.25,0.0,3.72,143.22,47.85,,51183645952,152991398566,42662717,127519199,23324.16,26.59,synthetic_demo,GOOD
2026-10-07T02:55:19.943559+00:00,Ethernet0,Ethernet,12.88,0.03,1.04,163.73,43.76,,51210993751,153093730356,42685506,127604475,25328.04,32.93,synthetic_demo,GOOD
2026-10-07T02:55:24.943559+00:00,Wi-Fi,Wi-Fi,201.75,11.37,13.72,6.85,2.81,30.1,51212752379,153098014458,42686971,127608045,1180.22,77.42,synthetic_demo,POOR
2026-10-07T02:55:29.943559+00:00,Wi-Fi,Wi-Fi,198.13,33.34,57.13,1.62,0.71,25.7,51213193078,153099029358,42687338,127608890,284.3,87.8,synthetic_demo,POOR
2026-10-07T02:55:34.943559+00:00,Wi-Fi,Wi-Fi,27.37,0.0,0.52,70.45,18.11,89.0,51224511421,153143062790,42696769,127645584,10810.89,21.99,synthetic_demo,GOOD
2026-10-07T02:55:39.943559+00:00,Ethernet0,Ethernet,14.17,0.0,1.18,153.6,56.56,,51259861150,153239063796,42726227,127725584,25654.44,11.42,synthetic_demo,GOOD
2026-10-07T02:55:44.943559+00:00,Ethernet0,Ethernet,9.64,0.0,0.75,171.38,65.34,,51300697681,153346173740,42760257,127814842,28895.8,12.74,synthetic_demo,GOOD
2026-10-07T02:55:49.943559+00:00,Wi-Fi,Wi-Fi,78.63,2.74,5.54,28.05,5.99,48.1,51304439647,153363705749,42763375,127829452,4155.07,40.54,synthetic_demo,MODERATE
2026-10-07T02:55:54.943559+00:00,Wi-Fi,Wi-Fi,27.46,0.0,6.59,78.39,32.97,95.7,51325045748,153412701651,42780546,127870281,13594.14,27.02,synthetic_demo,GOOD
2026-10-07T02:55:59.943559+00:00,Ethernet0,Ethernet,7.02,0.0,0.58,172.48,53.91,,51358737193,153520498658,42808622,127960111,27634.46,8.34,synthetic_demo,GOOD
2026-10-07T02:56:04.943559+00:00,Wi-Fi,Wi-Fi,73.08,0.82,14.5,16.48,4.36,46.0,51361461356,153530800916,42810892,127968696,2544.22,60.42,synthetic_demo,MODERATE
2026-10-07T02:56:09.943559+00:00,Ethernet0,Ethernet,11.49,0.0,5.59,132.58,52.68,,51394384402,153613663376,42838327,128037748,22614.36,7.66,synthetic_demo,GOOD
2026-10-07T02:56:14.943559+00:00,Ethernet0,Ethernet,79.92,1.71,25.12,13.66,6.35,,51398355287,153622200326,42841636,128044862,2442.94,93.19,synthetic_demo,POOR
2026-10-07T02:56:19.943559+00:00,Wi-Fi,Wi-Fi,27.74,0.0,6.5,56.52,27.57,90.5,51415583897,153657527953,42855993,128074301,10264.89,26.98,synthetic_demo,GOOD
2026-10-07T02:56:24.943559+00:00,Ethernet0,Ethernet,15.98,0.0,3.21,197.99,58.3,,51452020721,153781270168,42886357,128177419,31284.97,34.7,synthetic_demo,GOOD
2026-10-07T02:56:29.943559+00:00,Wi-Fi,Wi-Fi,75.85,0.6,16.2,21.81,5.7,40.8,51455582144,153794902291,42889324,128188779,3358.11,74.97,synthetic_demo,MODERATE
2026-10-07T02:56:34.943559+00:00,Wi-Fi,Wi-Fi,25.67,0.0,0.88,62.74,25.7,80.3,51471644730,153834116007,42902709,128221457,10796.15,23.44,synthetic_demo,GOOD
2026-10-07T02:56:39.943559+00:00,Ethernet0,Ethernet,266.36,28.4,45.0,0.35,0.34,,51471854292,153834334775,42902883,128221639,83.66,99.98,synthetic_demo,POOR
2026-10-07T02:56:44.943559+00:00,Wi-Fi,Wi-Fi,66.16,0.78,11.53,12.77,8.8,50.0,51477355112,153842318061,42907467,128228291,2633.61,40.3,synthetic_demo,MODERATE
2026-10-07T02:56:49.943559+00:00,Wi-Fi,Wi-Fi,28.4,0.0,2.99,39.75,26.72,93.3,51494053407,153867162937,42921382,128248995,8113.9,22.04,synthetic_demo,GOOD
2026-10-07T02:56:54.943559+00:00,Wi-Fi,Wi-Fi,92.57,1.6,9.2,15.66,4.38,74.9,51496793563,153876950300,42923665,128257151,2446.78,91.25,synthetic_demo,MODERATE
2026-10-07T02:56:59.943559+00:00,Wi-Fi,Wi-Fi,28.25,0.0,2.78,86.66,20.44,83.4,51509570331,153931113519,42934312,128302287,13074.22,13.7,synthetic_demo,GOOD
2026-10-07T02:57:04.943559+00:00,Wi-Fi,Wi-Fi,163.81,11.91,43.16,5.82,3.24,38.5,51511595195,153934747959,42935999,128305315,1105.33,72.35,synthetic_demo,POOR
2026-10-07T02:57:09.943559+00:00,Wi-Fi,Wi-Fi,21.67,0.0,0.1,71.37,26.54,82.3,51528184573,153979353929,42949823,128342486,11952.22,21.03,synthetic_demo,GOOD
2026-10-07T02:57:14.943559+00:00,Wi-Fi,Wi-Fi,81.35,0.91,12.3,19.21,6.62,51.5,51532321227,153991361036,42953270,128352491,3153.08,60.85,synthetic_demo,MODERATE
2026-10-07T02:57:19.943559+00:00,Ethernet0,Ethernet,11.98,0.0,0.16,170.17,55.17,,51566799885,154097715653,42982002,128441119,27506.5,22.42,synthetic_demo,GOOD
2026-10-07T02:57:24.943559+00:00,Wi-Fi,Wi-Fi,30.65,0.0,5.5,71.74,26.21,79.5,51583184166,154142553000,42995655,128478483,11957.35,10.57,synthetic_demo,GOOD
2026-10-07T02:57:29.943559+00:00,Wi-Fi,Wi-Fi,121.18,9.91,25.84,10.84,1.85,34.7,51584339338,154149330698,42996617,128484131,1549.39,69.45,synthetic_demo,POOR
2026-10-07T02:57:34.943559+00:00,Wi-Fi,Wi-Fi,143.76,10.19,28.48,2.75,0.78,29.4,51584829479,154151050079,42997025,128485563,431.55,78.48,synthetic_demo,POOR
2026-10-07T02:57:39.943559+00:00,Ethernet0,Ethernet,13.59,0.0,0.28,178.72,29.74,,51603415845,154262747541,43012513,128578644,25446.06,18.35,synthetic_demo,GOOD
2026-10-07T02:57:44.943559+00:00,Ethernet0,Ethernet,14.0,0.0,1.61,124.22,57.99,,51639659017,154340383228,43042715,128643340,22241.96,29.29,synthetic_demo,GOOD
2026-10-07T02:57:49.943559+00:00,Wi-Fi,Wi-Fi,126.48,4.63,37.52,4.28,2.91,43.3,51641480773,154343056936,43044233,128645568,878.02,57.59,synthetic_demo,POOR
2026-10-07T02:57:54.943559+00:00,Ethernet0,Ethernet,234.37,58.79,51.96,0.65,0.18,,51641590999,154343466230,43044324,128645909,101.47,95.71,synthetic_demo,POOR
2026-10-07T02:57:59.943559+00:00,Ethernet0,Ethernet,14.74,0.0,3.2,121.43,27.31,,51658658608,154419359846,43058547,128709153,18156.49,15.77,synthetic_demo,GOOD
2026-10-07T02:58:04.943559+00:00,Wi-Fi,Wi-Fi,29.36,0.0,3.86,79.19,15.59,89.5,51668400187,154468854291,43066664,128750398,11569.54,15.73,synthetic_demo,GOOD
2026-10-07T02:58:09.943559+00:00,Wi-Fi,Wi-Fi,37.13,0.0,4.22,93.27,26.66,85.8,51685064221,154527147222,43080550,128798975,14640.03,41.39,synthetic_demo,GOOD
2026-10-07T02:58:14.943559+00:00,Wi-Fi,Wi-Fi,98.83,8.4,30.35,7.5,0.19,32.5,51685185566,154531833040,43080651,128802879,938.9,77.05,synthetic_demo,POOR
2026-10-07T02:58:19.943559+00:00,Ethernet0,Ethernet,14.6,0.0,0.77,177.12,57.91,,51721379461,154642533271,43110812,128895129,28690.26,5.69,synthetic_demo,GOOD
2026-10-07T02:58:24.943559+00:00,Ethernet0,Ethernet,10.99,0.0,0.65,120.42,49.87,,51752548887,154717793080,43136786,128957845,20786.96,34.9,synthetic_demo,GOOD
2026-10-07T02:58:29.943559+00:00,Wi-Fi,Wi-Fi,98.78,3.69,22.07,19.17,4.79,66.3,51755540838,154729771860,43139279,128967827,2923.97,94.56,synthetic_demo,MODERATE
2026-10-07T02:58:34.943559+00:00,Ethernet0,Ethernet,12.96,0.0,2.97,137.66,49.04,,51786189305,154815808570,43164819,129039524,22790.07,22.23,synthetic_demo,GOOD
2026-10-07T02:58:39.943559+00:00,Wi-Fi,Wi-Fi,21.12,0.0,1.17,58.55,28.53,76.1,51804022772,154852399350,43179680,129070016,10629.74,15.97,synthetic_demo,GOOD
2026-10-07T02:58:44.943559+00:00,Wi-Fi,Wi-Fi,18.79,0.0,1.32,63.35,23.48,83.3,51818700066,154891992448,43191911,129103010,10599.69,37.93,synthetic_demo,GOOD
2026-10-07T02:58:49.943559+00:00,Wi-Fi,Wi-Fi,33.4,0.0,0.22,49.8,23.26,83.1,51833235589,154923115574,43204023,129128945,8917.7,40.72,synthetic_demo,GOOD
2026-10-07T02:58:54.943559+00:00,Wi-Fi,Wi-Fi,28.93,0.0,4.23,64.77,26.57,97.0,51849844740,154963595749,43217863,129162678,11150.26,41.82,synthetic_demo,GOOD
2026-10-07T02:58:59.943559+00:00,Wi-Fi,Wi-Fi,89.07,1.73,11.95,12.53,7.0,45.8,51854220754,154971428311,43221509,129169205,2384.49,44.43,synthetic_demo,MODERATE
2026-10-07T02:59:04.943559+00:00,Ethernet0,Ethernet,7.98,0.0,1.65,154.53,47.58,,51883956131,155068010743,43246288,129249690,24671.45,30.31,synthetic_demo,GOOD
2026-10-07T02:59:09.943559+00:00,Wi-Fi,Wi-Fi,92.33,2.04,16.97,23.25,2.04,54.4,51885233984,155082543964,43247352,129261801,3088.1,68.03,synthetic_demo,MODERATE
2026-10-07T02:59:14.943559+00:00,Wi-Fi,Wi-Fi,138.22,7.36,36.8,4.28,0.68,37.9,51885661677,155085221642,43247708,129264032,606.52,70.77,synthetic_demo,POOR
2026-10-07T02:59:19.943559+00:00,Ethernet0,Ethernet,79.01,3.15,27.44,12.29,5.65,,51889192645,155092904897,43250650,129270434,2190.28,96.77,synthetic_demo,POOR
2026-10-07T02:59:24.943559+00:00,Ethernet0,Ethernet,12.73,0.0,0.1,131.49,74.54,,51935779501,155175088201,43289472,129338920,25150.42,19.72,synthetic_demo,GOOD
2026-10-07T02:59:29.943559+00:00,Ethernet0,Ethernet,15.09,0.0,0.93,147.07,43.6,,51963028796,155267005612,43312179,129415517,23274.75,24.81,synthetic_demo,GOOD
2026-10-07T02:59:34.943559+00:00,Wi-Fi,Wi-Fi,21.14,0.0,0.62,66.03,25.18,77.9,51978768624,155308274528,43325295,129449907,11134.52,40.22,synthetic_demo,GOOD
2026-10-07T02:59:39.943559+00:00,Wi-Fi,Wi-Fi,22.87,0.0,8.27,89.51,25.33,88.7,51994599518,155364221025,43338487,129496529,14019.02,37.58,synthetic_demo,MODERATE
2026-10-07T02:59:44.943559+00:00,Wi-Fi,Wi-Fi,23.05,0.0,1.32,103.33,21.57,97.2,52008082444,155428803335,43349722,129550347,15247.12,41.18,synthetic_demo,GOOD
2026-10-07T02:59:49.943559+00:00,Ethernet0,Ethernet,123.55,3.48,14.18,17.78,5.75,,52011677415,155439912836,43352717,129559604,2871.97,86.45,synthetic_demo,MODERATE
2026-10-07T02:59:54.943559+00:00,Ethernet0,Ethernet,10.62,0.0,0.59,189.92,33.29,,52032484835,155558614957,43370056,129658522,27247.96,21.76,synthetic_demo,GOOD
2026-10-07T02:59:59.943559+00:00,Ethernet0,Ethernet,16.48,0.0,0.76,177.91,42.58,,52059096258,155669808836,43392232,129751183,26915.1,26.19,synthetic_demo,GOOD
2026-10-07T03:00:04.943559+00:00,Wi-Fi,Wi-Fi,26.2,0.0,4.59,86.12,18.01,92.2,52070349503,155723631476,43401609,129796035,12710.13,14.64,synthetic_demo,GOOD
2026-10-07T03:00:09.943559+00:00,Wi-Fi,Wi-Fi,109.59,3.12,26.93,14.62,5.08,78.1,52073527613,155732766821,43404257,129803647,2404.97,96.68,synthetic_demo,POOR
2026-10-07T03:00:14.943559+00:00,Ethernet0,Ethernet,10.98,0.0,1.3,156.56,43.93,,52100984099,155830613998,43427137,129885186,24473.37,25.71,synthetic_demo,GOOD
2026-10-07T03:00:19.943559+00:00,Wi-Fi,Wi-Fi,97.28,2.15,10.57,5.82,7.82,37.3,52105872432,155834253177,43431210,129888218,1665.53,47.59,synthetic_demo,POOR
2026-10-07T03:00:24.943559+00:00,Wi-Fi,Wi-Fi,21.18,0.4,0.71,88.49,27.91,88.8,52123315315,155889561655,43445745,129934308,14209.25,37.97,synthetic_demo,GOOD
2026-10-07T03:00:29.943559+00:00,Wi-Fi,Wi-Fi,142.41,11.82,33.78,9.32,1.71,41.8,52124384040,155895388855,43446635,129939164,1346.86,79.87,synthetic_demo,POOR
2026-10-07T03:00:34.943559+00:00,Wi-Fi,Wi-Fi,56.1,10.84,26.15,13.41,1.22,31.6,52125145038,155903769168,43447269,129946147,1785.41,79.52,synthetic_demo,POOR
2026-10-07T03:00:39.943559+00:00,Wi-Fi,Wi-Fi,29.64,0.37,0.1,73.92,28.51,77.3,52142963231,155949966364,43462117,129984644,12503.01,33.6,synthetic_demo,GOOD
2026-10-07T03:00:44.943559+00:00,Ethernet0,Ethernet,11.64,0.0,5.82,168.6,56.83,,52178482788,156055340069,43491716,130072455,27518.22,13.86,synthetic_demo,GOOD
2026-10-07T03:00:49.943559+00:00,Wi-Fi,Wi-Fi,22.24,0.0,0.99,73.04,24.93,82.0,52194063264,156100990617,43504699,130110497,11959.18,25.59,synthetic_demo,GOOD
2026-10-07T03:00:54.943559+00:00,Ethernet0,Ethernet,15.54,0.0,0.52,177.24,48.65,,52224468963,156211764900,43530037,130202808,27574.22,11.51,synthetic_demo,GOOD
2026-10-07T03:00:59.943559+00:00,Ethernet0,Ethernet,126.78,3.1,22.2,17.25,5.04,,52227621735,156222545208,43532664,130211791,2721.3,86.25,synthetic_demo,MODERATE
2026-10-07T03:01:04.943559+00:00,Wi-Fi,Wi-Fi,129.82,9.12,26.39,5.38,2.56,25.6,52229220154,156225908398,43533996,130214593,969.06,70.73,synthetic_demo,POOR
2026-10-07T03:01:09.943559+00:00,Ethernet0,Ethernet,72.58,3.23,15.69,10.46,0.52,,52229543838,156232447169,43534265,130220041,1340.32,98.6,synthetic_demo,MODERATE
2026-10-07T03:01:14.943559+00:00,Wi-Fi,Wi-Fi,108.48,11.92,21.01,5.16,0.01,34.0,52229550088,156235672326,43534270,130222728,631.13,81.57,synthetic_demo,POOR
2026-10-07T03:01:19.943559+00:00,Wi-Fi,Wi-Fi,25.95,0.0,4.93,51.68,25.01,75.1,52245180373,156267972752,43547295,130249645,9361.47,29.58,synthetic_demo,GOOD
2026-10-07T03:01:24.943559+00:00,Ethernet0,Ethernet,13.7,0.0,0.14,123.51,78.51,,52294251670,156345167900,43588187,130313974,24661.42,18.58,synthetic_demo,GOOD
2026-10-07T03:01:29.943559+00:00,Wi-Fi,Wi-Fi,116.7,2.65,14.28,12.32,3.42,77.3,52296390163,156352865608,43589969,130320388,1921.13,92.4,synthetic_demo,MODERATE
2026-10-07T03:01:34.943559+00:00,Wi-Fi,Wi-Fi,23.37,0.0,4.8,85.83,15.76,76.7,52306243146,156406510425,43598179,130365092,12401.91,36.05,synthetic_demo,GOOD
2026-10-07T03:01:39.943559+00:00,Ethernet0,Ethernet,116.99,3.12,23.28,10.27,5.45,,52309650313,156412926564,43601018,130370438,1918.61,89.81,synthetic_demo,MODERATE
2026-10-07T03:01:44.943559+00:00,Wi-Fi,Wi-Fi,14.45,0.0,1.17,86.5,27.02,76.0,52326536908,156466987576,43615090,130415488,13856.95,23.27,synthetic_demo,GOOD
2026-10-07T03:01:49.943559+00:00,Ethernet0,Ethernet,9.49,0.0,0.52,200.21,61.16,,52364763180,156592121869,43646945,130519766,31906.36,30.09,synthetic_demo,GOOD
2026-10-07T03:01:54.943559+00:00,Wi-Fi,Wi-Fi,325.65,44.59,34.11,1.9,0.68,24.9,52365191174,156593310712,43647301,130520756,315.79,90.24,synthetic_demo,POOR
2026-10-07T03:01:59.943559+00:00,Ethernet0,Ethernet,9.21,0.0,0.1,148.8,51.48,,52397363387,156686312472,43674111,130598257,24448.04,23.37,synthetic_demo,GOOD
2026-10-07T03:02:04.943559+00:00,Wi-Fi,Wi-Fi,242.7,40.17,42.67,1.2,0.79,20.1,52397854556,156687064349,43674520,130598883,242.78,84.24,synthetic_demo,POOR
2026-10-07T03:02:09.943559+00:00,Wi-Fi,Wi-Fi,169.86,39.29,42.51,1.92,0.38,11.0,52398089193,156688262737,43674715,130599881,279.89,80.31,synthetic_demo,POOR
2026-10-07T03:02:14.943559+00:00,Ethernet0,Ethernet,83.71,3.28,9.81,9.53,4.48,,52400891032,156694221177,43677049,130604846,1710.99,92.14,synthetic_demo,MODERATE
2026-10-07T03:02:19.943559+00:00,Ethernet0,Ethernet,81.98,1.66,13.69,7.97,3.23,,52402909681,156699202303,43678731,130608996,1367.14,93.52,synthetic_demo,MODERATE
2026-10-07T03:02:24.943559+00:00,Wi-Fi,Wi-Fi,84.3,0.65,11.41,18.49,3.4,51.5,52405037554,156710757883,43680504,130618625,2672.55,47.9,synthetic_demo,MODERATE
2026-10-07T03:02:29.943559+00:00,Wi-Fi,Wi-Fi,90.45,5.15,48.12,8.67,2.79,40.5,52406781729,156716177211,43681957,130623141,1399.12,62.16,synthetic_demo,POOR
2026-10-07T03:02:34.943559+00:00,Wi-Fi,Wi-Fi,17.11,0.0,0.48,59.02,20.18,97.4,52419391393,156753065384,43692465,130653881,9667.55,35.49,synthetic_demo,GOOD
2026-10-07T03:02:39.943559+00:00,Wi-Fi,Wi-Fi,33.4,0.0,4.32,85.79,24.3,81.8,52434581116,156806683546,43705123,130698562,13439.04,12.47,synthetic_demo,GOOD
2026-10-07T03:02:44.943559+00:00,Wi-Fi,Wi-Fi,61.17,1.74,9.2,20.51,7.99,46.6,52439577042,156819505230,43709286,130709246,3480.0,70.41,synthetic_demo,MODERATE
2026-10-07T03:02:49.943559+00:00,Wi-Fi,Wi-Fi,18.02,0.0,10.11,99.35,28.97,94.8,52457685888,156881596167,43724376,130760988,15664.02,39.4,synthetic_demo,MODERATE
2026-10-07T03:02:54.943559+00:00,Wi-Fi,Wi-Fi,25.01,0.0,6.29,102.28,27.85,78.2,52475089884,156945520334,43738879,130814258,15884.41,21.02,synthetic_demo,GOOD
2026-10-07T03:02:59.943559+00:00,Wi-Fi,Wi-Fi,27.33,0.0,5.47,70.22,27.91,90.8,52492533067,156989408941,43753414,130850831,11978.87,12.72,synthetic_demo,GOOD
2026-10-07T03:03:04.943559+00:00,Wi-Fi,Wi-Fi,67.4,2.8,2.1,16.14,7.5,45.6,52497217899,156999494729,43757318,130859235,2884.89,62.66,synthetic_demo,MODERATE
2026-10-07T03:03:09.943559+00:00,Wi-Fi,Wi-Fi,121.79,8.31,38.97,6.25,0.43,38.7,52497486775,157003403335,43757542,130862492,815.91,52.99,synthetic_demo,POOR
2026-10-07T03:03:14.943559+00:00,Ethernet0,Ethernet,12.64,0.0,0.1,170.14,54.65,,52531644725,157109739015,43786006,130951105,27440.16,8.99,synthetic_demo,GOOD
2026-10-07T03:03:19.943559+00:00,Wi-Fi,Wi-Fi,266.41,54.82,17.64,2.27,0.14,19.5,52531731398,157111159759,43786078,130952288,294.42,89.57,synthetic_demo,POOR
2026-10-07T03:03:24.943559+00:00,Ethernet0,Ethernet,123.97,1.74,34.21,14.12,6.59,,52535848304,157119983192,43789508,130959640,2527.41,88.59,synthetic_demo,POOR
2026-10-07T03:03:29.943559+00:00,Wi-Fi,Wi-Fi,162.78,10.75,34.85,5.91,1.94,28.6,52537058469,157123677933,43790516,130962718,957.99,69.45,synthetic_demo,POOR
2026-10-07T03:03:34.943559+00:00,Wi-Fi,Wi-Fi,69.92,1.23,17.77,20.06,4.97,52.5,52540163818,157136217812,43793103,130973167,3055.71,52.64,synthetic_demo,MODERATE
2026-10-07T03:03:39.943559+00:00,Wi-Fi,Wi-Fi,96.82,1.62,11.69,10.36,3.98,79.7,52542650483,157142694729,43795175,130978564,1750.7,89.38,synthetic_demo,MODERATE
2026-10-07T03:03:44.943559+00:00,Ethernet0,Ethernet,17.25,0.0,0.45,150.75,57.45,,52578558227,157236915048,43825098,131057080,25415.64,10.2,synthetic_demo,GOOD
2026-10-07T03:03:49.943559+00:00,Wi-Fi,Wi-Fi,121.07,4.71,29.83,0.01,2.33,44.3,52580015131,157236921298,43826312,131057085,285.77,56.0,synthetic_demo,POOR
2026-10-07T03:03:54.943559+00:00,Ethernet0,Ethernet,10.39,0.0,5.24,170.51,55.12,,52614463713,157343489234,43855019,131145891,27542.29,25.91,synthetic_demo,GOOD
2026-10-07T03:03:59.943559+00:00,Wi-Fi,Wi-Fi,176.49,11.94,23.26,6.61,2.19,38.2,52615832435,157347622711,43856159,131149335,1074.65,76.19,synthetic_demo,POOR
2026-10-07T03:04:04.943559+00:00,Wi-Fi,Wi-Fi,215.19,57.52,85.46,0.18,0.96,21.3,52616434263,157347737489,43856660,131149430,139.96,86.9,synthetic_demo,POOR
2026-10-07T03:04:09.943559+00:00,Wi-Fi,Wi-Fi,28.47,0.0,7.95,67.63,17.65,88.4,52627466934,157390004225,43865853,131184652,10410.04,34.55,synthetic_demo,GOOD
2026-10-07T03:04:14.943559+00:00,Ethernet0,Ethernet,13.3,0.0,1.51,141.03,56.59,,52662833098,157478146125,43895324,131258103,24122.67,33.6,synthetic_demo,GOOD
2026-10-07T03:04:19.943559+00:00,Wi-Fi,Wi-Fi,91.59,3.74,22.15,10.21,5.04,78.4,52665980311,157484527182,43897946,131263420,1860.99,92.41,synthetic_demo,MODERATE
2026-10-07T03:04:24.943559+00:00,Wi-Fi,Wi-Fi,28.26,0.0,3.61,113.5,24.27,94.5,52681147612,157555461859,43910585,131322532,16816.79,20.95,synthetic_demo,GOOD
2026-10-07T03:04:29.943559+00:00,Wi-Fi,Wi-Fi,126.16,9.66,32.12,5.74,0.6,29.2,52681521089,157559047853,43910896,131325520,773.33,50.82,synthetic_demo,POOR
2026-10-07T03:04:34.943559+00:00,Ethernet0,Ethernet,5.33,0.0,0.35,138.08,53.08,,52714696466,157645348419,43938542,131397437,23335.15,10.16,synthetic_demo,GOOD
2026-10-07T03:04:39.943559+00:00,Ethernet0,Ethernet,13.27,0.0,6.74,132.31,53.41,,52748078542,157728041062,43966360,131466347,22670.84,18.73,synthetic_demo,GOOD
2026-10-07T03:04:44.943559+00:00,Wi-Fi,Wi-Fi,227.85,28.43,46.81,2.49,0.58,27.6,52748441833,157729597634,43966662,131467644,374.97,82.78,synthetic_demo,POOR
2026-10-07T03:04:49.943559+00:00,Ethernet0,Ethernet,124.6,2.27,20.23,9.5,5.17,,52751671318,157735533695,43969353,131472590,1790.15,94.71,synthetic_demo,MODERATE
2026-10-07T03:04:54.943559+00:00,Wi-Fi,Wi-Fi,120.47,7.6,31.16,2.48,2.17,28.7,52753026689,157737082974,43970482,131473881,567.31,66.27,synthetic_demo,POOR
2026-10-07T03:04:59.943559+00:00,Wi-Fi,Wi-Fi,21.32,0.0,0.45,45.69,26.77,78.7,52769756694,157765637462,43984423,131497676,8844.63,33.31,synthetic_demo,GOOD
2026-10-07T03:05:04.943559+00:00,Wi-Fi,Wi-Fi,100.29,3.71,20.56,11.99,3.1,67.9,52771694891,157773128559,43986038,131503918,1841.66,90.07,synthetic_demo,MODERATE
2026-10-07T03:05:09.943559+00:00,Wi-Fi,Wi-Fi,44.31,3.25,9.63,6.97,7.47,36.7,52776361395,157777483696,43989926,131507547,1762.04,64.64,synthetic_demo,POOR
2026-10-07T03:05:14.943559+00:00,Wi-Fi,Wi-Fi,88.03,1.95,12.99,14.24,5.74,40.1,52779948392,157786383559,43992915,131514963,2438.84,53.37,synthetic_demo,MODERATE
2026-10-07T03:05:19.943559+00:00,Ethernet0,Ethernet,97.27,3.05,33.32,15.82,4.02,,52782463017,157796270302,43995010,131523201,2422.14,90.02,synthetic_demo,POOR
2026-10-07T03:05:24.943559+00:00,Wi-Fi,Wi-Fi,41.6,0.9,10.18,7.08,4.22,54.4,52785099383,157800696722,43997206,131526889,1379.45,67.21,synthetic_demo,MODERATE
2026-10-07T03:05:29.943559+00:00,Wi-Fi,Wi-Fi,24.03,0.0,9.5,98.85,21.63,79.7,52798620883,157862477218,44008473,131578372,14707.42,34.4,synthetic_demo,MODERATE
2026-10-07T03:05:34.943559+00:00,Wi-Fi,Wi-Fi,23.88,0.0,2.22,74.48,20.94,79.2,52811710301,157909029940,44019380,131617165,11648.86,31.46,synthetic_demo,GOOD
2026-10-07T03:05:39.943559+00:00,Ethernet0,Ethernet,117.41,1.07,32.3,12.83,3.79,,52814077361,157917051059,44021352,131623849,2028.94,89.57,synthetic_demo,POOR
2026-10-07T03:05:44.943559+00:00,Ethernet0,Ethernet,10.24,0.0,0.31,163.26,46.98,,52843439046,158019085477,44045820,131708877,25663.3,14.92,synthetic_demo,GOOD
2026-10-07T03:05:49.943559+00:00,Ethernet0,Ethernet,123.61,1.17,29.68,12.33,2.82,,52845201060,158026793663,44047288,131715300,1849.65,88.99,synthetic_demo,POOR
2026-10-07T03:05:54.943559+00:00,Ethernet0,Ethernet,15.36,0.0,0.5,183.6,64.3,,52885387246,158141544746,44080776,131810925,30261.19,19.72,synthetic_demo,GOOD
2026-10-07T03:05:59.943559+00:00,Wi-Fi,Wi-Fi,83.03,2.99,16.97,14.27,5.67,42.3,52888931495,158150463711,44083729,131818357,2434.22,42.92,synthetic_demo,MODERATE
2026-10-07T03:06:04.943559+00:00,Ethernet0,Ethernet,123.01,2.55,7.65,19.91,3.61,,52891187865,158162905152,44085609,131828724,2870.67,94.18,synthetic_demo,MODERATE
2026-10-07T03:06:09.943559+00:00,Ethernet0,Ethernet,14.41,0.0,0.7,136.0,23.28,,52905734845,158247904299,44097731,131899556,19442.6,29.68,synthetic_demo,GOOD
2026-10-07T03:06:14.943559+00:00,Ethernet0,Ethernet,7.95,0.0,0.41,137.34,56.73,,52941188280,158333741626,44127275,131971087,23689.6,12.04,synthetic_demo,GOOD
2026-10-07T03:06:19.943559+00:00,Ethernet0,Ethernet,10.36,0.0,4.47,138.4,51.61,,52973447115,158420243139,44154157,132043171,23195.38,6.87,synthetic_demo,GOOD
2026-10-07T03:06:24.943559+00:00,Wi-Fi,Wi-Fi,91.15,0.71,26.28,8.09,9.99,40.0,52979689448,158425297027,44159358,132047382,2206.29,44.68,synthetic_demo,POOR
2026-10-07T03:06:29.943559+00:00,Wi-Fi,Wi-Fi,160.78,4.87,30.3,4.39,1.89,36.7,52980872270,158428042040,44160343,132049669,767.16,66.92,synthetic_demo,POOR
2026-10-07T03:06:34.943559+00:00,Ethernet0,Ethernet,13.28,0.0,2.01,190.02,50.38,,53012357022,158546804824,44186580,132148637,29345.22,8.42,synthetic_demo,GOOD
2026-10-07T03:06:39.943559+00:00,Wi-Fi,Wi-Fi,96.96,3.22,20.57,15.74,6.14,71.1,53016193497,158556641464,44189777,132156834,2670.53,92.9,synthetic_demo,MODERATE
2026-10-07T03:06:44.943559+00:00,Wi-Fi,Wi-Fi,24.31,0.0,0.52,90.85,26.15,80.1,53032538701,158613421166,44203398,132204150,14282.21,21.65,synthetic_demo,GOOD
2026-10-07T03:06:49.943559+00:00,Wi-Fi,Wi-Fi,17.53,0.0,1.37,82.74,17.83,76.0,53043683873,158665135498,44212685,132247245,12277.25,16.08,synthetic_demo,GOOD
2026-10-07T03:06:54.943559+00:00,Wi-Fi,Wi-Fi,261.36,36.09,46.89,0.32,0.51,26.0,53044003403,158665333721,44212951,132247410,101.12,88.84,synthetic_demo,POOR
2026-10-07T03:06:59.943559+00:00,Wi-Fi,Wi-Fi,25.51,0.0,6.56,71.34,27.91,89.2,53061446126,158709922124,44227486,132284567,12115.45,27.23,synthetic_demo,GOOD
2026-10-07T03:07:04.943559+00:00,Wi-Fi,Wi-Fi,25.07,0.0,0.67,85.52,30.84,93.0,53080718826,158763373014,44243546,132329109,14203.83,35.63,synthetic_demo,GOOD
2026-10-07T03:07:09.943559+00:00,Ethernet0,Ethernet,10.4,0.0,1.82,137.04,71.47,,53125389406,158849021466,44280771,132400482,25452.94,19.01,synthetic_demo,GOOD
2026-10-07T03:07:14.943559+00:00,Ethernet0,Ethernet,16.29,0.0,0.24,123.18,33.46,,53146302083,158926008384,44298198,132464637,19121.01,17.18,synthetic_demo,GOOD
2026-10-07T03:07:19.943559+00:00,Wi-Fi,Wi-Fi,23.09,0.0,0.42,84.41,28.64,77.4,53164202144,158978765367,44313114,132508601,13800.2,33.37,synthetic_demo,GOOD
2026-10-07T03:07:24.943559+00:00,Ethernet0,Ethernet,15.82,0.0,0.47,165.64,38.43,,53188221920,159082288658,44333130,132594870,24910.76,11.57,synthetic_demo,GOOD
2026-10-07T03:07:29.943559+00:00,Wi-Fi,Wi-Fi,104.44,1.73,14.27,27.54,7.73,52.6,53193052516,159099500461,44337155,132609213,4305.16,55.16,synthetic_demo,MODERATE
2026-10-07T03:07:34.943559+00:00,Wi-Fi,Wi-Fi,22.39,0.0,2.85,77.3,23.23,93.0,53207568554,159147815445,44349251,132649475,12271.68,23.91,synthetic_demo,GOOD
2026-10-07T03:07:39.943559+00:00,Wi-Fi,Wi-Fi,47.9,1.89,19.03,11.08,5.19,45.2,53210814879,159154742691,44351956,132655247,1987.03,56.09,synthetic_demo,MODERATE
2026-10-07T03:07:44.943559+00:00,Ethernet0,Ethernet,8.57,0.0,2.53,163.74,60.01,,53248318306,159257078167,44383208,132740526,27312.29,8.7,synthetic_demo,GOOD
2026-10-07T03:07:49.943559+00:00,Wi-Fi,Wi-Fi,28.72,0.0,2.57,73.21,21.85,87.3,53261972820,159302836639,44394586,132778658,11604.1,18.15,synthetic_demo,GOOD
2026-10-07T03:07:54.943559+00:00,Ethernet0,Ethernet,109.23,2.15,27.0,8.43,6.67,,53266141329,159308102687,44398059,132783046,1842.69,85.59,synthetic_demo,POOR
2026-10-07T03:07:59.943559+00:00,Ethernet0,Ethernet,223.04,57.78,30.79,1.22,0.12,,53266219253,159308866462,44398123,132783682,164.39,86.56,synthetic_demo,POOR
2026-10-07T03:08:04.943559+00:00,Ethernet0,Ethernet,10.85,0.0,1.07,165.31,50.98,,53298082149,159412185803,44424675,132869781,26402.78,7.07,synthetic_demo,GOOD
2026-10-07T03:08:09.943559+00:00,Wi-Fi,Wi-Fi,81.52,7.1,16.48,6.39,1.58,34.7,53299070833,159416180532,44425498,132873109,973.32,75.02,synthetic_demo,POOR
2026-10-07T03:08:14.943559+00:00,Wi-Fi,Wi-Fi,77.99,1.79,16.6,23.43,6.3,49.9,53303009509,159430823113,44428780,132885311,3629.15,71.58,synthetic_demo,MODERATE
2026-10-07T03:08:19.943559+00:00,Wi-Fi,Wi-Fi,87.4,2.15,15.64,24.7,3.64,37.9,53305284842,159446260699,44430676,132898175,3459.55,59.37,synthetic_demo,POOR
2026-10-07T03:08:24.943559+00:00,Wi-Fi,Wi-Fi,117.63,3.43,18.43,22.78,3.28,38.4,53307335358,159460499511,44432384,132910040,3181.51,47.86,synthetic_demo,POOR
2026-10-07T03:08:29.943559+00:00,Ethernet0,Ethernet,15.2,0.13,2.51,141.2,47.51,,53337028000,159548748289,44457127,132983580,23035.43,15.07,synthetic_demo,GOOD
2026-10-07T03:08:34.943559+00:00,Ethernet0,Ethernet,10.94,0.0,0.62,114.11,47.31,,53366595691,159620064643,44481766,133043010,19703.92,28.57,synthetic_demo,GOOD
2026-10-07T03:08:39.943559+00:00,Wi-Fi,Wi-Fi,88.28,2.38,20.17,14.83,6.04,43.9,53370369530,159629332405,44484910,133050733,2547.19,54.19,synthetic_demo,MODERATE
2026-10-07T03:08:44.943559+00:00,Wi-Fi,Wi-Fi,24.84,0.0,0.51,82.68,27.32,87.9,53387443410,159681010452,44499138,133093798,13428.11,20.33,synthetic_demo,GOOD
2026-10-07T03:08:49.943559+00:00,Wi-Fi,Wi-Fi,141.25,10.47,38.23,5.98,1.92,42.4,53388643493,159684745474,44500138,133096910,963.89,61.84,synthetic_demo,POOR
2026-10-07T03:08:54.943559+00:00,Wi-Fi,Wi-Fi,29.4,0.0,4.47,93.98,26.65,97.8,53405302100,159743482827,44514020,133145857,14725.77,43.53,synthetic_demo,GOOD
2026-10-07T03:08:59.943559+00:00,Ethernet0,Ethernet,10.59,0.0,1.15,173.63,59.05,,53442210380,159851998498,44544776,133236286,28403.12,5.25,synthetic_demo,GOOD
2026-10-07T03:09:04.943559+00:00,Wi-Fi,Wi-Fi,109.32,1.72,28.27,16.27,3.52,83.2,53444407625,159862165673,44546607,133244758,2414.93,86.63,synthetic_demo,POOR
2026-10-07T03:09:09.943559+00:00,Wi-Fi,Wi-Fi,27.01,0.0,4.53,96.4,25.85,82.3,53460564207,159922414084,44560070,133294965,14922.85,13.31,synthetic_demo,GOOD
2026-10-07T03:09:14.943559+00:00,Wi-Fi,Wi-Fi,44.63,0.82,16.57,12.04,6.33,46.8,53464520584,159929940317,44563366,133301236,2242.7,71.64,synthetic_demo,MODERATE
2026-10-07T03:09:19.943559+00:00,Ethernet0,Ethernet,82.15,3.76,32.45,5.88,2.7,,53466206761,159933613142,44564771,133304296,1046.68,95.13,synthetic_demo,POOR
2026-10-07T03:09:24.943559+00:00,Wi-Fi,Wi-Fi,118.02,11.28,36.25,4.05,0.1,32.8,53466267412,159936145990,44564821,133306406,506.54,76.36,synthetic_demo,POOR
2026-10-07T03:09:29.943559+00:00,Ethernet0,Ethernet,87.2,3.71,23.29,6.66,5.23,,53469534308,159940307746,44567543,133309874,1450.91,85.15,synthetic_demo,MODERATE
2026-10-07T03:09:34.943559+00:00,Ethernet0,Ethernet,107.02,2.34,11.69,17.28,4.3,,53472222042,159951109810,44569782,133318875,2634.73,94.28,synthetic_demo,MODERATE
2026-10-07T03:09:39.943559+00:00,Ethernet0,Ethernet,144.16,2.02,27.43,10.13,1.58,,53473209695,159957441797,44570605,133324151,1429.62,93.32,synthetic_demo,POOR
2026-10-07T03:09:44.943559+00:00,Ethernet0,Ethernet,299.9,46.8,49.46,2.37,0.44,,53473484881,159958920513,44570834,133325383,342.56,95.81,synthetic_demo,POOR
2026-10-07T03:09:49.943559+00:00,Wi-Fi,Wi-Fi,26.75,0.0,0.1,47.78,28.8,97.6,53491482028,159988783193,44585831,133350268,9347.62,13.66,synthetic_demo,GOOD
2026-10-07T03:09:54.943559+00:00,Ethernet0,Ethernet,12.98,0.0,0.65,121.93,48.45,,53521760744,160064988226,44611063,133413772,20797.61,10.52,synthetic_demo,GOOD
2026-10-07T03:09:59.943559+00:00,Wi-Fi,Wi-Fi,23.8,0.0,4.54,74.91,30.13,84.5,53540592920,160111808255,44626756,133452788,12822.7,42.05,synthetic_demo,GOOD
2026-10-07T03:10:04.943559+00:00,Ethernet0,Ethernet,8.17,0.0,7.27,166.6,45.34,,53568930119,160215930542,44650370,133539556,25870.99,33.59,synthetic_demo,GOOD
2026-10-07T03:10:09.943559+00:00,Ethernet0,Ethernet,132.34,1.65,22.67,10.96,5.61,,53572437797,160222781876,44653293,133545265,2023.24,97.79,synthetic_demo,MODERATE
2026-10-07T03:10:14.943559+00:00,Wi-Fi,Wi-Fi,51.03,2.0,18.8,17.07,8.36,50.5,53577662501,160233452903,44657646,133554157,3104.63,65.4,synthetic_demo,MODERATE
2026-10-07T03:10:19.943559+00:00,Wi-Fi,Wi-Fi,60.38,0.62,17.18,24.23,3.96,52.7,53580134627,160248594993,44659706,133566775,3440.28,74.6,synthetic_demo,MODERATE
2026-10-07T03:10:24.943559+00:00,Ethernet0,Ethernet,10.87,0.11,0.45,140.62,60.12,,53617711813,160336484807,44691020,133640016,24505.27,26.44,synthetic_demo,GOOD
2026-10-07T03:10:29.943559+00:00,Ethernet0,Ethernet,144.1,2.32,22.92,10.4,5.52,,53621161769,160342983736,44693894,133645431,1943.14,87.45,synthetic_demo,POOR
2026-10-07T03:10:34.943559+00:00,Wi-Fi,Wi-Fi,24.43,0.0,4.96,28.38,29.82,86.8,53639799395,160360722924,44709425,133660213,7104.85,17.87,synthetic_demo,GOOD
2026-10-07T03:10:39.943559+00:00,Wi-Fi,Wi-Fi,114.82,3.43,21.16,9.26,3.41,72.9,53641933489,160366508676,44711203,133665034,1546.84,90.51,synthetic_demo,MODERATE
2026-10-07T03:10:44.943559+00:00,Wi-Fi,Wi-Fi,75.53,2.82,17.58,23.53,3.01,51.9,53643817744,160381214364,44712773,133677288,3240.22,51.96,synthetic_demo,MODERATE
2026-10-07T03:10:49.943559+00:00,Wi-Fi,Wi-Fi,24.3,0.0,7.43,59.29,30.19,96.9,53662686952,160418269913,44728497,133708167,10922.8,40.68,synthetic_demo,GOOD
2026-10-07T03:10:54.943559+00:00,Ethernet0,Ethernet,11.83,0.0,4.6,117.63,34.68,,53684359574,160491790205,44746557,133769433,18592.37,13.77,synthetic_demo,GOOD
2026-10-07T03:10:59.943559+00:00,Ethernet0,Ethernet,13.09,0.0,1.43,149.89,22.86,,53698648459,160585474112,44758464,133847502,21088.44,7.96,synthetic_demo,GOOD
2026-10-07T03:11:04.943559+00:00,Wi-Fi,Wi-Fi,140.57,8.34,24.71,8.75,0.04,26.5,53698675887,160590945748,44758486,133852061,1074.04,83.04,synthetic_demo,POOR
2026-10-07T03:11:09.943559+00:00,Wi-Fi,Wi-Fi,120.81,5.77,30.05,10.69,1.45,30.4,53699584522,160597624254,44759243,133857626,1481.86,65.26,synthetic_demo,POOR
2026-10-07T03:11:14.943559+00:00,Wi-Fi,Wi-Fi,71.1,2.88,17.05,15.94,5.27,44.1,53702878668,160607588641,44761988,133865929,2589.56,48.19,synthetic_demo,MODERATE
2026-10-07T03:11:19.943559+00:00,Ethernet0,Ethernet,16.09,0.0,1.98,180.57,67.69,,53745184445,160720445637,44797242,133959976,30305.23,29.81,synthetic_demo,GOOD
2026-10-07T03:11:24.943559+00:00,Wi-Fi,Wi-Fi,23.77,0.0,1.99,62.89,21.76,75.0,53758786652,160759749434,44808577,133992729,10333.2,43.73,synthetic_demo,GOOD
2026-10-07T03:11:29.943559+00:00,Wi-Fi,Wi-Fi,92.23,1.11,20.81,14.62,4.41,70.2,53761542725,160768889621,44810873,134000345,2323.49,96.71,synthetic_demo,MODERATE
2026-10-07T03:11:34.943559+00:00,Wi-Fi,Wi-Fi,127.43,2.57,25.63,15.22,2.02,71.0,53762805784,160778399056,44811925,134008269,2104.0,85.07,synthetic_demo,POOR
2026-10-07T03:11:39.943559+00:00,Ethernet0,Ethernet,17.38,0.12,1.59,143.4,47.63,,53792573201,160868026666,44836731,134082958,23319.34,33.93,synthetic_demo,GOOD
2026-10-07T03:11:44.943559+00:00,Ethernet0,Ethernet,9.06,0.0,0.79,132.93,46.59,,53821692242,160951106689,44860996,134152191,21913.88,6.06,synthetic_demo,GOOD
2026-10-07T03:11:49.943559+00:00,Wi-Fi,Wi-Fi,94.34,1.4,29.66,18.87,5.68,70.6,53825241879,160962899136,44863954,134162018,2996.5,94.68,synthetic_demo,POOR
2026-10-07T03:11:54.943559+00:00,Wi-Fi,Wi-Fi,29.03,0.0,4.71,85.55,21.09,77.1,53838420756,161016367090,44874936,134206574,13016.96,16.73,synthetic_demo,GOOD
2026-10-07T03:11:59.943559+00:00,Wi-Fi,Wi-Fi,20.49,0.0,1.61,79.09,18.02,83.0,53849683585,161065798595,44884321,134247766,11854.36,32.54,synthetic_demo,GOOD
2026-10-07T03:12:04.943559+00:00,Ethernet0,Ethernet,15.23,0.0,1.27,143.54,61.75,,53888280402,161155512351,44916485,134322527,25060.66,24.64,synthetic_demo,GOOD
2026-10-07T03:12:09.943559+00:00,Wi-Fi,Wi-Fi,54.38,1.69,18.76,9.13,6.4,45.5,53892282788,161161220436,44919820,134327283,1896.58,73.66,synthetic_demo,MODERATE
2026-10-07T03:12:14.943559+00:00,Wi-Fi,Wi-Fi,184.17,9.04,32.56,9.85,2.83,43.5,53894050985,161167378036,44921293,134332414,1548.01,79.44,synthetic_demo,POOR
2026-10-07T03:12:19.943559+00:00,Wi-Fi,Wi-Fi,186.68,29.26,95.42,0.57,0.27,25.2,53894218804,161167731257,44921432,134332708,101.77,91.91,synthetic_demo,POOR
2026-10-07T03:12:24.943559+00:00,Wi-Fi,Wi-Fi,87.71,3.02,14.05,20.56,6.81,54.2,53898474644,161180581858,44924978,134343416,3341.1,49.52,synthetic_demo,MODERATE
2026-10-07T03:12:29.943559+00:00,Wi-Fi,Wi-Fi,92.53,1.31,17.06,19.18,7.11,42.7,53902916333,161192568549,44928679,134353404,3208.67,65.12,synthetic_demo,MODERATE
2026-10-07T03:12:34.943559+00:00,Ethernet0,Ethernet,13.98,0.0,2.1,143.76,51.22,,53934927977,161282416918,44955355,134428277,23800.78,24.79,synthetic_demo,GOOD
2026-10-07T03:12:39.943559+00:00,Wi-Fi,Wi-Fi,86.22,2.32,14.87,16.42,5.04,48.1,53938078433,161292676976,44957980,134436827,2619.24,51.03,synthetic_demo,MODERATE
2026-10-07T03:12:44.943559+00:00,Wi-Fi,Wi-Fi,28.84,0.0,0.33,70.48,22.51,87.8,53952148130,161336729196,44969704,134473537,11351.94,16.06,synthetic_demo,GOOD
2026-10-07T03:12:49.943559+00:00,Wi-Fi,Wi-Fi,70.56,3.07,11.71,18.69,7.78,41.7,53957007540,161348411534,44973753,134483272,3230.81,57.96,synthetic_demo,MODERATE
2026-10-07T03:12:54.943559+00:00,Wi-Fi,Wi-Fi,17.4,0.0,1.29,90.33,22.38,82.3,53970992727,161404870713,44985407,134530321,13758.67,12.73,synthetic_demo,GOOD
2026-10-07T03:12:59.943559+00:00,Ethernet0,Ethernet,9.24,0.0,0.31,153.25,42.83,,53997763182,161500653841,45007715,134610140,23936.25,30.02,synthetic_demo,GOOD
2026-10-07T03:13:04.943559+00:00,Ethernet0,Ethernet,11.2,0.0,1.73,149.54,58.83,,54034532085,161594114672,45038355,134688024,25435.49,8.84,synthetic_demo,GOOD
2026-10-07T03:13:09.943559+00:00,Wi-Fi,Wi-Fi,24.13,0.21,0.1,68.69,18.57,83.5,54046136800,161637045310,45048025,134723799,10651.44,33.63,synthetic_demo,GOOD
2026-10-07T03:13:14.943559+00:00,Ethernet0,Ethernet,11.44,0.0,0.63,203.24,54.65,,54080292124,161764068553,45076487,134829651,31480.19,23.61,synthetic_demo,GOOD
2026-10-07T03:13:19.943559+00:00,Ethernet0,Ethernet,8.8,0.0,0.53,178.22,45.8,,54108914160,161875456307,45100338,134922474,27345.66,23.79,synthetic_demo,GOOD
2026-10-07T03:13:24.943559+00:00,Ethernet0,Ethernet,222.47,40.92,35.95,1.97,0.26,,54109075988,161876687003,45100472,134923499,271.98,81.9,synthetic_demo,POOR
2026-10-07T03:13:29.943559+00:00,Wi-Fi,Wi-Fi,12.61,0.0,0.63,61.38,21.96,75.5,54122803527,161915048453,45111911,134955466,10173.63,19.44,synthetic_demo,GOOD
2026-10-07T03:13:34.943559+00:00,Wi-Fi,Wi-Fi,72.94,2.76,14.85,15.61,8.66,54.7,54128217215,161924802661,45116422,134963594,2962.48,63.76,synthetic_demo,MODERATE
2026-10-07T03:13:39.943559+00:00,Wi-Fi,Wi-Fi,108.01,10.78,38.11,9.32,2.83,31.1,54129989009,161930625750,45117898,134968446,1483.38,66.63,synthetic_demo,POOR
2026-10-07T03:13:44.943559+00:00,Wi-Fi,Wi-Fi,342.0,56.23,69.7,1.4,0.3,11.2,54130174997,161931501527,45118052,134969175,207.38,96.55,synthetic_demo,POOR
2026-10-07T03:13:49.943559+00:00,Wi-Fi,Wi-Fi,109.3,0.54,14.24,5.72,5.72,35.6,54133750914,161935078031,45121031,134972155,1396.96,67.15,synthetic_demo,MODERATE
2026-10-07T03:13:54.943559+00:00,Wi-Fi,Wi-Fi,61.98,10.54,33.61,5.78,1.99,43.9,54134996052,161938691587,45122068,134975166,948.96,58.95,synthetic_demo,POOR
2026-10-07T03:13:59.943559+00:00,Wi-Fi,Wi-Fi,27.06,0.0,1.93,81.45,24.43,91.8,54150262753,161989598639,45134790,135017588,12924.56,18.3,synthetic_demo,GOOD
2026-10-07T03:14:04.943559+00:00,Wi-Fi,Wi-Fi,23.19,0.0,2.12,104.7,27.08,92.5,54167189307,162055035950,45148895,135072119,16086.69,34.35,synthetic_demo,GOOD
2026-10-07T03:14:09.943559+00:00,Wi-Fi,Wi-Fi,22.82,0.0,1.34,83.15,24.66,97.1,54182601586,162107007733,45161738,135115428,13160.95,36.92,synthetic_demo,GOOD
2026-10-07T03:14:14.943559+00:00,Ethernet0,Ethernet,125.8,2.38,30.57,1.56,4.83,,54185619805,162107980470,45164253,135116238,779.48,96.12,synthetic_demo,POOR
2026-10-07T03:14:19.943559+00:00,Ethernet0,Ethernet,101.54,2.21,23.45,10.06,5.41,,54188999715,162114266645,45167069,135121476,1887.91,95.92,synthetic_demo,MODERATE
2026-10-07T03:14:24.943559+00:00,Wi-Fi,Wi-Fi,23.41,0.0,2.76,84.49,33.93,86.8,54210203339,162167074315,45184738,135165482,14455.33,17.98,synthetic_demo,GOOD
2026-10-07T03:14:29.943559+00:00,Ethernet0,Ethernet,13.9,0.16,1.12,135.03,40.58,,54235567801,162251467880,45205875,135235809,21437.11,19.25,synthetic_demo,GOOD
2026-10-07T03:14:34.943559+00:00,Wi-Fi,Wi-Fi,110.09,1.11,15.87,12.7,4.76,43.4,54238541258,162259408010,45208352,135242425,2131.56,59.42,synthetic_demo,MODERATE
2026-10-07T03:14:39.943559+00:00,Ethernet0,Ethernet,13.99,0.0,0.22,153.6,48.87,,54269083077,162355410964,45233803,135322427,24715.78,6.19,synthetic_demo,GOOD
2026-10-07T03:14:44.943559+00:00,Wi-Fi,Wi-Fi,99.87,1.65,21.96,24.96,5.79,38.3,54272703090,162371008449,45236819,135335424,3753.42,48.1,synthetic_demo,MODERATE
2026-10-07T03:14:49.943559+00:00,Ethernet0,Ethernet,155.99,3.58,8.98,11.65,4.2,,54275328137,162378292607,45239006,135341494,1935.39,89.23,synthetic_demo,POOR
2026-10-07T03:14:54.943559+00:00,Wi-Fi,Wi-Fi,105.01,2.26,26.88,12.24,6.12,63.0,54279154259,162385944200,45242194,135347870,2241.74,91.13,synthetic_demo,POOR
2026-10-07T03:14:59.943559+00:00,Ethernet0,Ethernet,136.58,1.33,31.35,16.32,2.64,,54280806862,162396141756,45243571,135356367,2314.48,97.32,synthetic_demo,POOR
2026-10-07T03:15:04.943559+00:00,Wi-Fi,Wi-Fi,159.32,5.67,52.74,7.3,2.04,37.6,54282084365,162400702454,45244635,135360167,1140.27,65.72,synthetic_demo,POOR
2026-10-07T03:15:09.943559+00:00,Wi-Fi,Wi-Fi,22.55,0.0,2.25,83.38,29.15,81.7,54300301137,162452812475,45259815,135403592,13735.7,11.98,synthetic_demo,GOOD
2026-10-07T03:15:14.943559+00:00,Ethernet0,Ethernet,110.27,1.61,26.08,2.87,4.05,,54302831085,162454606062,45261923,135405086,844.44,91.27,synthetic_demo,POOR
2026-10-07T03:15:19.943559+00:00,Wi-Fi,Wi-Fi,83.62,2.25,17.22,15.1,6.97,48.1,54307186711,162464041052,45265552,135412948,2693.48,55.43,synthetic_demo,MODERATE
2026-10-07T03:15:24.943559+00:00,Ethernet0,Ethernet,14.17,0.0,2.01,142.86,44.45,,54334970914,162553331400,45288705,135487356,22866.12,10.82,synthetic_demo,GOOD
2026-10-07T03:15:29.943559+00:00,Ethernet0,Ethernet,13.19,0.0,2.62,168.02,54.63,,54369115620,162658341929,45317158,135574864,27178.76,7.3,synthetic_demo,GOOD
2026-10-07T03:15:34.943559+00:00,Wi-Fi,Wi-Fi,26.21,0.0,3.68,65.51,19.65,84.6,54381396305,162699287383,45327391,135608985,10395.73,37.8,synthetic_demo,GOOD
2026-10-07T03:15:39.943559+00:00,Wi-Fi,Wi-Fi,10.23,0.0,0.78,35.07,23.87,88.1,54396313405,162721208860,45339821,135627252,7195.03,15.21,synthetic_demo,GOOD
2026-10-07T03:15:44.943559+00:00,Wi-Fi,Wi-Fi,85.52,1.8,9.96,15.59,3.75,47.9,54398659470,162730949791,45341776,135635369,2360.74,57.37,synthetic_demo,MODERATE
2026-10-07T03:15:49.943559+00:00,Wi-Fi,Wi-Fi,92.78,10.26,21.61,8.52,2.51,37.0,54400227064,162736276213,45343082,135639807,1346.49,82.47,synthetic_demo,POOR
2026-10-07T03:15:54.943559+00:00,Ethernet0,Ethernet,13.04,0.0,1.36,154.05,58.2,,54436599948,162832557812,45373392,135720041,25909.08,20.64,synthetic_demo,GOOD
2026-10-07T03:15:59.943559+00:00,Ethernet0,Ethernet,14.1,0.0,0.96,143.7,73.47,,54482518922,162922368320,45411657,135794883,26509.66,24.56,synthetic_demo,GOOD
2026-10-07T03:16:04.943559+00:00,Ethernet0,Ethernet,320.19,26.56,61.03,2.16,0.31,,54482714072,162923718101,45411819,135796007,301.74,89.11,synthetic_demo,POOR
2026-10-07T03:16:09.943559+00:00,Ethernet0,Ethernet,14.28,0.0,0.73,183.86,64.15,,54522808526,163038632319,45445231,135891768,30275.13,21.02,synthetic_demo,GOOD
2026-10-07T03:16:14.943559+00:00,Wi-Fi,Wi-Fi,19.6,0.0,1.23,81.33,15.12,85.9,54532255883,163089463880,45453103,135934127,11773.23,31.75,synthetic_demo,GOOD
2026-10-07T03:16:19.943559+00:00,Wi-Fi,Wi-Fi,63.64,3.02,4.87,16.86,9.94,41.9,54538465452,163100001891,45458277,135942908,3271.01,54.5,synthetic_demo,MODERATE
2026-10-07T03:16:24.943559+00:00,Wi-Fi,Wi-Fi,72.49,2.19,10.25,13.97,5.24,36.0,54541739547,163108730712,45461005,135950182,2344.32,60.42,synthetic_demo,POOR
2026-10-07T03:16:29.943559+00:00,Ethernet0,Ethernet,9.68,0.0,0.71,165.68,36.13,,54564319713,163212277687,45479821,136036471,24634.21,30.51,synthetic_demo,GOOD
2026-10-07T03:16:34.943559+00:00,Ethernet0,Ethernet,13.71,0.0,0.1,193.01,47.36,,54593917707,163332907541,45504485,136136995,29341.38,20.96,synthetic_demo,GOOD
2026-10-07T03:16:39.943559+00:00,Ethernet0,Ethernet,10.89,0.0,4.1,179.45,51.43,,54626061156,163445066696,45531271,136230460,28184.1,6.54,synthetic_demo,GOOD
2026-10-07T03:16:44.943559+00:00,Wi-Fi,Wi-Fi,75.59,3.49,12.95,15.81,7.45,42.7,54630719895,163454949559,45535153,136238695,2840.16,53.58,synthetic_demo,MODERATE
2026-10-07T03:16:49.943559+00:00,Wi-Fi,Wi-Fi,58.06,0.94,21.24,16.33,9.28,36.5,54636518035,163465155601,45539984,136247200,3125.82,67.65,synthetic_demo,MODERATE
2026-10-07T03:16:54.943559+00:00,Ethernet0,Ethernet,11.18,0.0,1.06,202.67,58.94,,54673355093,163591822895,45570681,136352756,31934.44,23.41,synthetic_demo,GOOD
2026-10-07T03:16:59.943559+00:00,Wi-Fi,Wi-Fi,82.22,2.48,18.17,31.91,5.0,48.9,54676482102,163611763872,45573286,136369373,4505.47,54.89,synthetic_demo,MODERATE
2026-10-07T03:17:04.943559+00:00,Wi-Fi,Wi-Fi,100.18,7.55,30.78,12.06,0.49,28.5,54676789300,163619304421,45573541,136375656,1532.76,61.7,synthetic_demo,POOR
2026-10-07T03:17:09.943559+00:00,Ethernet0,Ethernet,9.09,0.0,0.86,139.44,69.6,,54720290389,163706451943,45609791,136448278,25517.31,28.89,synthetic_demo,GOOD
2026-10-07T03:17:14.943559+00:00,Wi-Fi,Wi-Fi,19.35,0.0,0.25,82.64,25.72,97.1,54736368220,163758099459,45623189,136491317,13227.61,36.15,synthetic_demo,GOOD
2026-10-07T03:17:19.943559+00:00,Wi-Fi,Wi-Fi,85.63,1.68,28.75,8.39,4.23,63.0,54739012559,163763345480,45625392,136495688,1541.09,98.07,synthetic_demo,POOR
2026-10-07T03:17:24.943559+00:00,Wi-Fi,Wi-Fi,32.53,0.0,0.45,75.83,21.59,81.5,54752505232,163810738095,45636635,136535181,11891.66,19.91,synthetic_demo,GOOD
2026-10-07T03:17:29.943559+00:00,Wi-Fi,Wi-Fi,26.84,0.0,6.15,86.37,30.47,85.8,54771546821,163864718148,45652502,136580164,14262.04,27.52,synthetic_demo,GOOD
2026-10-07T03:17:34.943559+00:00,Wi-Fi,Wi-Fi,81.15,1.37,20.98,6.11,6.26,37.9,54775458382,163868539306,45655761,136583348,1510.3,40.24,synthetic_demo,MODERATE
2026-10-07T03:17:39.943559+00:00,Wi-Fi,Wi-Fi,155.2,10.88,17.77,2.87,1.29,32.8,54776264493,163870332250,45656432,136584842,507.63,76.58,synthetic_demo,POOR
2026-10-07T03:17:44.943559+00:00,Wi-Fi,Wi-Fi,153.9,11.3,32.02,6.3,1.14,44.5,54776978746,163874271009,45657027,136588124,908.79,50.12,synthetic_demo,POOR
2026-10-07T03:17:49.943559+00:00,Wi-Fi,Wi-Fi,46.42,1.42,14.01,20.64,7.48,49.9,54781654147,163887168384,45660923,136598871,3432.18,56.53,synthetic_demo,MODERATE
2026-10-07T03:17:54.943559+00:00,Ethernet0,Ethernet,83.46,1.57,23.24,13.15,5.75,,54785248461,163895385118,45663918,136605718,2306.85,86.86,synthetic_demo,MODERATE
2026-10-07T03:17:59.943559+00:00,Wi-Fi,Wi-Fi,22.49,0.0,7.98,62.24,23.81,94.8,54800128915,163934286279,45676318,136638135,10504.22,42.29,synthetic_demo,GOOD
2026-10-07T03:18:04.943559+00:00,Wi-Fi,Wi-Fi,21.67,2.12,11.86,13.58,4.0,37.0,54802630958,163942773771,45678403,136645207,2146.39,55.63,synthetic_demo,POOR
2026-10-07T03:18:09.943559+00:00,Wi-Fi,Wi-Fi,28.32,0.0,3.85,77.59,28.4,96.8,54820378101,163991265117,45693192,136685616,12937.2,42.63,synthetic_demo,GOOD
2026-10-07T03:18:14.943559+00:00,Ethernet0,Ethernet,11.16,0.12,1.55,130.92,42.97,,54847235408,164073092099,45715573,136753805,21227.4,19.52,synthetic_demo,GOOD
2026-10-07T03:18:19.943559+00:00,Wi-Fi,Wi-Fi,106.7,2.15,27.46,9.2,4.32,78.9,54849932763,164078840571,45717820,136758595,1649.58,95.76,synthetic_demo,POOR
2026-10-07T03:18:24.943559+00:00,Wi-Fi,Wi-Fi,87.06,2.24,14.83,20.84,6.44,48.3,54853955361,164091868041,45721172,136769451,3330.09,55.11,synthetic_demo,MODERATE
2026-10-07T03:18:29.943559+00:00,Wi-Fi,Wi-Fi,24.83,0.0,2.2,82.97,19.79,90.5,54866323611,164143722360,45731478,136812662,12543.47,14.82,synthetic_demo,GOOD
2026-10-07T03:18:34.943559+00:00,Wi-Fi,Wi-Fi,138.99,8.31,33.84,3.49,2.93,41.0,54868153795,164145901578,45733003,136814478,783.09,84.95,synthetic_demo,POOR
2026-10-07T03:18:39.943559+00:00,Ethernet0,Ethernet,10.72,0.0,0.1,133.51,48.87,,54898698595,164229342779,45758457,136884012,22262.89,10.35,synthetic_demo,GOOD
2026-10-07T03:18:44.943559+00:00,Wi-Fi,Wi-Fi,32.89,0.18,2.27,100.0,28.08,78.7,54916245980,164291841139,45773079,136936093,15633.93,18.89,synthetic_demo,GOOD
2026-10-07T03:18:49.943559+00:00,Ethernet0,Ethernet,11.04,0.0,0.19,142.72,56.21,,54951376087,164381042444,45802354,137010427,24283.48,26.68,synthetic_demo,GOOD
2026-10-07T03:18:54.943559+00:00,Wi-Fi,Wi-Fi,128.72,3.36,23.39,3.81,3.01,76.8,54953259144,164383425066,45803923,137012412,833.14,98.3,synthetic_demo,POOR
2026-10-07T03:18:59.943559+00:00,Wi-Fi,Wi-Fi,88.94,2.06,26.44,12.52,5.59,61.7,54956749857,164391248740,45806831,137018931,2209.84,92.11,synthetic_demo,POOR
2026-10-07T03:19:04.943559+00:00,Wi-Fi,Wi-Fi,25.73,0.0,1.77,96.96,26.1,91.8,54973061779,164451847025,45820424,137069429,15021.52,37.51,synthetic_demo,GOOD
2026-10-07T03:19:09.943559+00:00,Wi-Fi,Wi-Fi,127.69,2.63,15.12,10.65,4.92,64.0,54976138580,164458501713,45822988,137074974,1900.68,89.37,synthetic_demo,MODERATE
2026-10-07T03:19:14.943559+00:00,Wi-Fi,Wi-Fi,21.75,0.0,0.15,98.41,23.89,75.5,54991069518,164520009164,45835430,137126230,14929.37,13.94,synthetic_demo,GOOD
2026-10-07T03:19:19.943559+00:00,Ethernet0,Ethernet,157.85,1.64,26.85,11.63,6.11,,54994887339,164527276299,45838611,137132285,2165.03,93.54,synthetic_demo,POOR
2026-10-07T03:19:24.943559+00:00,Wi-Fi,Wi-Fi,21.43,0.24,2.38,85.6,32.88,86.5,55015440158,164580777010,45855738,137176868,14463.58,27.28,synthetic_demo,GOOD
2026-10-07T03:19:29.943559+00:00,Wi-Fi,Wi-Fi,32.19,0.0,2.29,53.39,28.63,95.0,55033331647,164614144069,45870647,137204673,10011.44,10.85,synthetic_demo,GOOD
2026-10-07T03:19:34.943559+00:00,Ethernet0,Ethernet,311.99,31.21,30.86,1.82,0.07,,55033374968,164615283100,45870683,137205622,230.93,82.18,synthetic_demo,POOR
2026-10-07T03:19:39.943559+00:00,Wi-Fi,Wi-Fi,22.4,0.2,11.26,85.35,17.61,84.4,55044379108,164668624826,45879853,137250073,12567.55,39.07,synthetic_demo,MODERATE
2026-10-07T03:19:44.943559+00:00,Ethernet0,Ethernet,13.41,0.0,1.91,168.36,50.1,,55075692668,164773851386,45905947,137337761,26667.99,34.19,synthetic_demo,GOOD
2026-10-07T03:19:49.943559+00:00,Wi-Fi,Wi-Fi,127.26,2.74,12.68,11.51,4.56,54.3,55078544983,164781042930,45908323,137343753,1961.69,55.14,synthetic_demo,MODERATE
2026-10-07T03:19:54.943559+00:00,Wi-Fi,Wi-Fi,256.76,22.59,72.04,0.17,0.33,28.6,55078749300,164781150639,45908493,137343842,60.94,98.0,synthetic_demo,POOR
2026-10-07T03:19:59.943559+00:00,Wi-Fi,Wi-Fi,29.45,0.0,3.19,67.5,26.01,81.8,55095003988,164823335906,45922038,137378996,11414.05,12.14,synthetic_demo,GOOD
2026-10-07T03:20:04.943559+00:00,Ethernet0,Ethernet,6.78,0.0,0.52,139.65,56.34,,55130214249,164910619842,45951379,137451732,23924.65,18.25,synthetic_demo,GOOD
2026-10-07T03:20:09.943559+00:00,Wi-Fi,Wi-Fi,14.7,0.21,0.23,58.54,28.1,83.1,55147777400,164947205641,45966014,137482220,10575.97,32.65,synthetic_demo,GOOD
2026-10-07T03:20:14.943559+00:00,Wi-Fi,Wi-Fi,94.58,1.2,10.56,11.26,4.79,46.3,55150772601,164954245118,45968510,137488086,1959.9,47.02,synthetic_demo,MODERATE
2026-10-07T03:20:19.943559+00:00,Ethernet0,Ethernet,13.55,0.0,0.4,158.01,71.73,,55195606868,165053003137,46005871,137570384,28045.37,26.64,synthetic_demo,GOOD
2026-10-07T03:20:24.943559+00:00,Wi-Fi,Wi-Fi,100.62,1.86,18.68,14.79,6.05,64.6,55199390236,165062248834,46009023,137578088,2544.74,93.37,synthetic_demo,MODERATE
2026-10-07T03:20:29.943559+00:00,Ethernet0,Ethernet,169.65,45.55,45.77,1.57,0.12,,55199467746,165063227670,46009087,137578903,206.32,90.0,synthetic_demo,POOR
2026-10-07T03:20:34.943559+00:00,Wi-Fi,Wi-Fi,33.23,0.0,0.9,73.88,19.02,83.9,55211358313,165109403355,46018995,137617382,11341.06,36.11,synthetic_demo,GOOD
2026-10-07T03:20:39.943559+00:00,Wi-Fi,Wi-Fi,39.17,0.0,3.72,82.11,21.41,85.6,55224739822,165160723117,46030146,137660148,12636.97,11.18,synthetic_demo,GOOD
2026-10-07T03:20:44.943559+00:00,Wi-Fi,Wi-Fi,15.17,0.0,6.09,67.7,25.02,93.6,55240378852,165203034178,46043178,137695407,11318.38,19.34,synthetic_demo,GOOD
2026-10-07T03:20:49.943559+00:00,Ethernet0,Ethernet,15.27,0.0,0.75,131.99,51.3,,55272443058,165285529840,46069898,137764153,22374.97,26.54,synthetic_demo,GOOD
2026-10-07T03:20:54.943559+00:00,Wi-Fi,Wi-Fi,194.44,6.65,29.93,4.21,1.9,37.4,55273628498,165288159757,46070885,137766344,745.19,60.27,synthetic_demo,POOR
2026-10-07T03:20:59.943559+00:00,Wi-Fi,Wi-Fi,18.4,0.0,1.02,88.74,25.05,86.2,55289285350,165343621908,46083932,137812562,13890.43,36.71,synthetic_demo,GOOD
2026-10-07T03:21:04.943559+00:00,Wi-Fi,Wi-Fi,22.21,0.0,1.31,52.79,12.36,82.5,55297012957,165376617622,46090371,137840058,7953.77,36.02,synthetic_demo,GOOD
2026-10-07T03:21:09.943559+00:00,Ethernet0,Ethernet,117.3,1.59,26.69,10.36,2.38,,55298502950,165383092196,46091612,137845453,1555.58,89.86,synthetic_demo,POOR
2026-10-07T03:21:14.943559+00:00,Wi-Fi,Wi-Fi,18.81,0.0,0.47,69.55,16.68,83.8,55308928370,165426560331,46100299,137881676,10526.08,27.43,synthetic_demo,GOOD
2026-10-07T03:21:19.943559+00:00,Wi-Fi,Wi-Fi,58.77,2.3,24.12,24.99,5.36,54.2,55312276913,165442178843,46103089,137894691,3704.5,73.16,synthetic_demo,MODERATE
2026-10-07T03:21:24.943559+00:00,Ethernet0,Ethernet,12.45,0.0,1.09,166.6,41.93,,55338481458,165546301764,46124926,137981460,25454.58,31.34,synthetic_demo,GOOD
2026-10-07T03:21:29.943559+00:00,Wi-Fi,Wi-Fi,175.18,5.95,46.69,10.04,1.14,25.3,55339195537,165552574555,46125521,137986687,1364.62,72.44,synthetic_demo,POOR
2026-10-07T03:21:34.943559+00:00,Ethernet0,Ethernet,211.36,51.86,51.65,0.44,0.4,,55339446950,165552849810,46125730,137986916,102.86,91.22,synthetic_demo,POOR
2026-10-07T03:21:39.943559+00:00,Wi-Fi,Wi-Fi,80.85,2.09,16.28,25.17,5.83,46.3,55343093421,165568583442,46128768,138000027,3785.18,60.25,synthetic_demo,MODERATE
2026-10-07T03:21:44.943559+00:00,Wi-Fi,Wi-Fi,222.38,31.42,20.45,0.92,0.99,16.7,55343714659,165569161261,46129285,138000508,234.19,77.69,synthetic_demo,POOR
2026-10-07T03:21:49.943559+00:00,Ethernet0,Ethernet,14.73,0.0,2.33,114.9,51.3,,55375775507,165640975897,46156002,138060353,20288.18,32.62,synthetic_demo,GOOD
2026-10-07T03:21:54.943559+00:00,Wi-Fi,Wi-Fi,25.62,0.0,1.84,52.33,17.66,90.0,55386810459,165673682451,46165197,138087608,8543.26,24.06,synthetic_demo,GOOD
2026-10-07T03:21:59.943559+00:00,Wi-Fi,Wi-Fi,45.08,1.43,22.39,24.77,4.91,47.0,55389877807,165689166512,46167753,138100511,3623.32,74.09,synthetic_demo,MODERATE
2026-10-07T03:22:04.943559+00:00,Wi-Fi,Wi-Fi,73.91,1.23,21.37,25.12,7.82,44.3,55394766417,165704868176,46171826,138113595,4021.54,48.05,synthetic_demo,MODERATE
2026-10-07T03:22:09.943559+00:00,Wi-Fi,Wi-Fi,16.95,0.0,2.97,80.61,20.22,91.5,55407406952,165755250632,46182359,138155580,12309.18,34.77,synthetic_demo,GOOD
2026-10-07T03:22:14.943559+00:00,Wi-Fi,Wi-Fi,21.5,0.0,2.86,50.27,31.12,96.6,55426857307,165786669025,46198567,138181761,9935.3,26.77,synthetic_demo,GOOD
2026-10-07T03:22:19.943559+00:00,Ethernet0,Ethernet,11.15,0.0,0.1,131.7,52.9,,55459920521,165868981790,46226119,138250354,22534.37,13.86,synthetic_demo,GOOD
2026-10-07T03:22:24.943559+00:00,Wi-Fi,Wi-Fi,29.87,0.0,1.88,74.08,23.98,77.9,55474907641,165915281782,46238608,138288937,11970.14,10.78,synthetic_demo,GOOD
2026-10-07T03:22:29.943559+00:00,Ethernet0,Ethernet,10.92,0.0,0.3,163.71,47.89,,55504839062,166017603107,46263550,138374204,25830.61,18.09,synthetic_demo,GOOD
2026-10-07T03:22:34.943559+00:00,Wi-Fi,Wi-Fi,111.13,1.89,40.81,14.51,5.62,75.2,55508352788,166026674745,46266478,138381763,2458.08,95.67,synthetic_demo,POOR
2026-10-07T03:22:39.943559+00:00,Ethernet0,Ethernet,13.51,0.0,0.7,154.73,52.09,,55540908952,166123378044,46293608,138462349,25245.99,9.13,synthetic_demo,GOOD
2026-10-07T03:22:44.943559+00:00,Ethernet0,Ethernet,16.81,0.0,3.98,158.94,71.93,,55585865008,166222714735,46331071,138545129,28182.18,10.35,synthetic_demo,GOOD
2026-10-07T03:22:49.943559+00:00,Wi-Fi,Wi-Fi,81.06,1.29,13.22,14.57,8.54,45.7,55591204243,166231822378,46335520,138552718,2821.66,48.56,synthetic_demo,MODERATE
2026-10-07T03:22:54.943559+00:00,Wi-Fi,Wi-Fi,74.42,0.63,8.92,29.15,4.7,46.7,55594144825,166250038984,46337970,138567898,4132.26,55.66,synthetic_demo,MODERATE
2026-10-07T03:22:59.943559+00:00,Wi-Fi,Wi-Fi,155.62,8.79,30.71,2.72,2.4,40.5,55595642536,166251736921,46339218,138569312,624.15,66.42,synthetic_demo,POOR
2026-10-07T03:23:04.943559+00:00,Wi-Fi,Wi-Fi,77.77,0.67,14.66,19.94,6.97,47.1,55599998120,166264201316,46342847,138579698,3285.15,73.17,synthetic_demo,MODERATE
2026-10-07T03:23:09.943559+00:00,Wi-Fi,Wi-Fi,29.05,0.0,1.82,77.33,30.47,80.7,55619043348,166312532507,46358718,138619973,13159.46,17.31,synthetic_demo,GOOD
2026-10-07T03:23:14.943559+00:00,Wi-Fi,Wi-Fi,180.69,8.84,48.32,9.53,1.91,38.2,55620239875,166318486034,46359715,138624934,1396.49,77.37,synthetic_demo,POOR
2026-10-07T03:23:19.943559+00:00,Wi-Fi,Wi-Fi,73.5,2.76,25.46,15.0,3.68,52.8,55622541357,166327860665,46361632,138632746,2280.49,72.75,synthetic_demo,POOR
2026-10-07T03:23:24.943559+00:00,Ethernet0,Ethernet,13.41,0.0,4.62,155.12,40.24,,55647693564,166424809258,46382592,138713536,23847.81,11.45,synthetic_demo,GOOD
2026-10-07T03:23:29.943559+00:00,Wi-Fi,Wi-Fi,77.8,3.06,16.87,18.03,5.56,41.6,55651169044,166436077004,46385488,138722925,2879.54,58.06,synthetic_demo,MODERATE
2026-10-07T03:23:34.943559+00:00,Wi-Fi,Wi-Fi,101.4,9.25,27.93,8.38,1.21,42.0,55651928402,166441317351,46386120,138727291,1171.82,50.5,synthetic_demo,POOR
2026-10-07T03:23:39.943559+00:00,Wi-Fi,Wi-Fi,14.49,0.0,3.47,76.52,26.65,81.0,55668582779,166489142880,46399998,138767145,12593.73,28.2,synthetic_demo,GOOD
2026-10-07T03:23:44.943559+00:00,Wi-Fi,Wi-Fi,25.13,0.0,1.45,81.67,19.65,87.9,55680867077,166540186023,46410234,138809680,12368.64,22.49,synthetic_demo,GOOD
2026-10-07T03:23:49.943559+00:00,Ethernet0,Ethernet,13.87,0.0,3.39,120.39,42.04,,55707139154,166615428152,46432127,138872381,19826.99,32.95,synthetic_demo,GOOD
2026-10-07T03:23:54.943559+00:00,Ethernet0,Ethernet,13.57,0.0,3.8,134.49,55.23,,55741659222,166699485740,46460893,138942428,23159.7,14.44,synthetic_demo,GOOD
2026-10-07T03:23:59.943559+00:00,Wi-Fi,Wi-Fi,29.23,0.0,8.67,63.93,22.09,80.3,55755467378,166739443348,46472399,138975726,10501.13,12.09,synthetic_demo,MODERATE
2026-10-07T03:24:04.943559+00:00,Wi-Fi,Wi-Fi,111.46,2.17,15.89,20.41,6.73,39.7,55759670955,166752199011,46475901,138986355,3312.35,56.09,synthetic_demo,POOR
2026-10-07T03:24:09.943559+00:00,Ethernet0,Ethernet,12.37,0.0,3.42,150.83,52.69,,55792603716,166846467957,46503344,139064912,24844.08,31.81,synthetic_demo,GOOD
2026-10-07T03:24:14.943559+00:00,Wi-Fi,Wi-Fi,296.78,32.07,48.22,0.83,0.63,18.4,55792996305,166846989194,46503671,139065346,178.48,98.22,synthetic_demo,POOR
2026-10-07T03:24:19.943559+00:00,Ethernet0,Ethernet,120.42,2.41,34.22,13.21,1.96,,55794224364,166855248298,46504694,139072228,1852.96,95.46,synthetic_demo,POOR
2026-10-07T03:24:24.943559+00:00,Wi-Fi,Wi-Fi,71.26,2.71,18.33,14.94,3.26,48.0,55796264582,166864585681,46506394,139080009,2222.19,48.18,synthetic_demo,MODERATE
2026-10-07T03:24:29.943559+00:00,Wi-Fi,Wi-Fi,155.63,6.49,34.17,5.63,1.54,26.2,55797229788,166868104570,46507198,139082941,875.8,58.47,synthetic_demo,POOR
2026-10-07T03:24:34.943559+00:00,Ethernet0,Ethernet,11.22,0.0,3.94,136.38,36.95,,55820322011,166953341576,46526441,139153971,21158.05,27.02,synthetic_demo,GOOD
2026-10-07T03:24:39.943559+00:00,Wi-Fi,Wi-Fi,30.34,0.0,0.66,57.79,20.3,85.5,55833006670,166989462799,46537011,139184072,9532.4,33.8,synthetic_demo,GOOD
2026-10-07T03:24:44.943559+00:00,Wi-Fi,Wi-Fi,47.83,1.88,23.17,27.65,7.22,54.1,55837518244,167006744308,46540770,139198473,4256.46,60.36,synthetic_demo,MODERATE
2026-10-07T03:24:49.943559+00:00,Wi-Fi,Wi-Fi,128.77,5.04,18.44,5.89,0.63,39.1,55837910977,167010422845,46541097,139201538,795.17,52.82,synthetic_demo,POOR
2026-10-07T03:24:54.943559+00:00,Ethernet0,Ethernet,107.78,1.55,26.38,12.96,4.68,,55840833833,167018525544,46543532,139208290,2153.43,98.6,synthetic_demo,POOR
2026-10-07T03:24:59.943559+00:00,Wi-Fi,Wi-Fi,24.45,0.0,5.34,66.15,21.69,76.9,55854392685,167059869694,46554831,139242743,10723.24,15.48,synthetic_demo,GOOD
2026-10-07T03:25:04.943559+00:00,Ethernet0,Ethernet,311.48,29.94,51.26,2.42,0.1,,55854453546,167061385130,46554881,139244005,307.87,71.89,synthetic_demo,POOR
2026-10-07T03:25:09.943559+00:00,Ethernet0,Ethernet,13.63,0.0,1.01,156.78,17.97,,55865682635,167159374900,46564238,139325663,21331.81,15.33,synthetic_demo,GOOD
2026-10-07T03:25:14.943559+00:00,Wi-Fi,Wi-Fi,178.49,8.84,41.29,9.18,2.56,28.0,55867283737,167165109526,46565572,139330441,1432.76,54.26,synthetic_demo,POOR
2026-10-07T03:25:19.943559+00:00,Ethernet0,Ethernet,162.05,46.22,46.42,2.3,0.18,,55867394022,167166543953,46565663,139331636,301.7,96.1,synthetic_demo,POOR
2026-10-07T03:25:24.943559+00:00,Ethernet0,Ethernet,13.1,0.0,0.17,132.87,44.27,,55895059848,167249584952,46588717,139400836,21622.43,19.72,synthetic_demo,GOOD
2026-10-07T03:25:29.943559+00:00,Ethernet0,Ethernet,140.88,3.5,10.94,6.27,6.03,,55898827602,167253503447,46591856,139404101,1501.22,98.87,synthetic_demo,POOR
2026-10-07T03:25:34.943559+00:00,Ethernet0,Ethernet,12.25,0.0,0.1,122.74,39.5,,55923515124,167330216781,46612428,139468028,19804.85,10.09,synthetic_demo,GOOD
2026-10-07T03:25:39.943559+00:00,Wi-Fi,Wi-Fi,29.54,0.0,10.22,71.95,26.39,77.7,55940010962,167375183758,46626174,139505500,12004.46,22.75,synthetic_demo,MODERATE
2026-10-07T03:25:44.943559+00:00,Wi-Fi,Wi-Fi,95.46,3.4,16.29,21.45,8.92,37.8,55945586860,167388593121,46630820,139516674,3708.06,42.59,synthetic_demo,POOR
2026-10-07T03:25:49.943559+00:00,Wi-Fi,Wi-Fi,93.91,3.04,26.62,16.7,5.83,43.5,55949232507,167399030789,46633858,139525372,2750.65,73.92,synthetic_demo,POOR
2026-10-07T03:25:54.943559+00:00,Ethernet0,Ethernet,129.0,30.6,48.03,1.53,0.55,,55949578800,167399986005,46634146,139526168,254.2,89.7,synthetic_demo,POOR
2026-10-07T03:25:59.943559+00:00,Ethernet0,Ethernet,96.97,3.35,17.54,9.5,6.96,,55953929584,167405926118,46637771,139531118,2009.94,87.56,synthetic_demo,MODERATE
2026-10-07T03:26:04.943559+00:00,Wi-Fi,Wi-Fi,24.86,0.0,1.01,64.82,27.35,77.9,55971022348,167446436709,46652014,139564876,11250.66,32.56,synthetic_demo,GOOD
2026-10-07T03:26:09.943559+00:00,Wi-Fi,Wi-Fi,162.95,5.64,22.82,7.19,3.24,26.0,55973044246,167450932185,46653698,139568622,1272.92,55.37,synthetic_demo,POOR
2026-10-07T03:26:14.943559+00:00,Wi-Fi,Wi-Fi,140.33,35.8,50.6,0.93,0.5,15.9,55973357988,167451515891,46653959,139569108,175.28,88.77,synthetic_demo,POOR
2026-10-07T03:26:19.943559+00:00,Ethernet0,Ethernet,12.84,0.0,2.22,132.59,50.11,,56004675758,167534386672,46680057,139638166,22302.45,23.81,synthetic_demo,GOOD
2026-10-07T03:26:24.943559+00:00,Ethernet0,Ethernet,219.49,24.0,35.47,1.49,0.73,,56005129950,167535315408,46680435,139638939,270.1,95.68,synthetic_demo,POOR
2026-10-07T03:26:29.943559+00:00,Ethernet0,Ethernet,15.39,0.0,6.35,171.07,41.13,,56030834551,167642234571,46701855,139728038,25903.08,8.79,synthetic_demo,GOOD
2026-10-07T03:26:34.943559+00:00,Wi-Fi,Wi-Fi,103.25,8.14,29.32,4.59,2.59,44.3,56032454898,167645102322,46703205,139730427,876.58,76.03,synthetic_demo,POOR
2026-10-07T03:26:39.943559+00:00,Wi-Fi,Wi-Fi,24.89,0.0,6.01,57.46,27.75,77.1,56049795718,167681014924,46717655,139760354,10401.06,42.02,synthetic_demo,GOOD
2026-10-07T03:26:44.943559+00:00,Ethernet0,Ethernet,11.69,0.0,0.1,144.6,47.3,,56079355871,167771389041,46742288,139835665,23424.66,5.86,synthetic_demo,GOOD
2026-10-07T03:26:49.943559+00:00,Wi-Fi,Wi-Fi,27.58,0.0,1.12,73.07,30.21,90.3,56098236172,167817058079,46758021,139873722,12607.29,18.44,synthetic_demo,GOOD
2026-10-07T03:26:54.943559+00:00,Wi-Fi,Wi-Fi,40.96,3.35,15.1,17.37,5.59,52.9,56101731715,167827916311,46760933,139882770,2803.47,56.8,synthetic_demo,MODERATE
2026-10-07T03:26:59.943559+00:00,Wi-Fi,Wi-Fi,33.4,0.01,8.33,91.62,21.23,90.7,56114997423,167885179257,46771987,139930489,13775.13,18.27,synthetic_demo,MODERATE
2026-10-07T03:27:04.943559+00:00,Ethernet0,Ethernet,8.4,0.0,0.92,141.18,57.11,,56150688112,167973413803,46801729,140004017,24204.15,11.11,synthetic_demo,GOOD
2026-10-07T03:27:09.943559+00:00,Wi-Fi,Wi-Fi,65.02,1.74,19.76,21.32,8.4,43.8,56155935936,167986738005,46806102,140015120,3627.35,48.75,synthetic_demo,MODERATE
2026-10-07T03:27:14.943559+00:00,Wi-Fi,Wi-Fi,111.66,11.46,37.51,7.08,1.59,33.5,56156928274,167991162067,46806928,140018806,1057.89,56.51,synthetic_demo,POOR
2026-10-07T03:27:19.943559+00:00,Wi-Fi,Wi-Fi,18.15,0.0,0.82,67.79,29.55,96.5,56175400005,168033531984,46822321,140054114,11883.13,15.04,synthetic_demo,GOOD
2026-10-07T03:27:24.943559+00:00,Ethernet0,Ethernet,13.01,0.0,0.17,176.12,41.7,,56201462935,168143606433,46844040,140145842,26589.33,15.38,synthetic_demo,GOOD
2026-10-07T03:27:29.943559+00:00,Wi-Fi,Wi-Fi,21.42,0.05,6.25,69.79,26.88,91.8,56218264553,168187222638,46858041,140182188,11800.36,32.83,synthetic_demo,GOOD
2026-10-07T03:27:34.943559+00:00,Ethernet0,Ethernet,15.72,0.0,0.72,127.64,55.59,,56253005917,168266999868,46886992,140248669,22366.91,18.44,synthetic_demo,GOOD
2026-10-07T03:27:39.943559+00:00,Wi-Fi,Wi-Fi,191.94,9.51,31.78,12.03,2.17,25.5,56254359071,168274517556,46888119,140254933,1732.59,77.18,synthetic_demo,POOR
2026-10-07T03:27:44.943559+00:00,Wi-Fi,Wi-Fi,156.67,5.35,20.59,6.6,2.79,32.2,56256103196,168278645379,46889572,140258372,1146.86,77.57,synthetic_demo,POOR
2026-10-07T03:27:49.943559+00:00,Wi-Fi,Wi-Fi,103.33,1.96,22.44,19.88,4.49,40.0,56258911192,168291069450,46891911,140268725,2975.01,55.76,synthetic_demo,MODERATE
2026-10-07T03:27:54.943559+00:00,Wi-Fi,Wi-Fi,20.29,0.0,8.13,69.19,32.75,78.5,56279379276,168334315368,46908967,140304763,12444.14,14.63,synthetic_demo,MODERATE
2026-10-07T03:27:59.943559+00:00,Ethernet0,Ethernet,108.03,3.51,29.59,11.6,2.46,,56280917315,168341565719,46910248,140310804,1716.48,89.61,synthetic_demo,POOR
2026-10-07T03:28:04.943559+00:00,Wi-Fi,Wi-Fi,85.91,0.91,25.16,21.63,4.36,41.7,56283641929,168355082640,46912518,140322068,3172.17,54.43,synthetic_demo,POOR
2026-10-07T03:28:09.943559+00:00,Wi-Fi,Wi-Fi,160.62,8.96,27.47,7.94,3.64,26.7,56285916154,168360042474,46914413,140326201,1412.9,67.95,synthetic_demo,POOR
2026-10-07T03:28:14.943559+00:00,Wi-Fi,Wi-Fi,71.21,0.93,22.75,19.36,7.17,41.7,56290396576,168372142289,46918146,140336284,3238.33,46.68,synthetic_demo,MODERATE
2026-10-07T03:28:19.943559+00:00,Wi-Fi,Wi-Fi,96.81,3.45,20.58,9.98,2.09,61.8,56291704588,168378378289,46919236,140341480,1473.44,89.65,synthetic_demo,MODERATE
2026-10-07T03:28:24.943559+00:00,Wi-Fi,Wi-Fi,102.35,2.96,10.37,18.98,5.57,54.2,56295187130,168390238313,46922138,140351363,2996.59,74.48,synthetic_demo,MODERATE
2026-10-07T03:28:29.943559+00:00,Wi-Fi,Wi-Fi,22.66,0.0,2.47,49.17,35.69,96.3,56317495661,168420971057,46940728,140376973,10359.62,36.39,synthetic_demo,GOOD
2026-10-07T03:28:34.943559+00:00,Ethernet0,Ethernet,216.49,36.93,30.26,0.82,0.14,,56317583209,168421481925,46940800,140377398,116.88,73.79,synthetic_demo,POOR
2026-10-07T03:28:39.943559+00:00,Wi-Fi,Wi-Fi,64.9,1.23,12.28,16.21,2.71,45.2,56319276363,168431614504,46942210,140385841,2309.71,50.81,synthetic_demo,MODERATE
2026-10-07T03:28:44.943559+00:00,Wi-Fi,Wi-Fi,77.29,2.86,19.4,7.6,2.26,42.1,56320686921,168436365402,46943385,140389800,1203.41,40.31,synthetic_demo,MODERATE
2026-10-07T03:28:49.943559+00:00,Ethernet0,Ethernet,9.14,0.0,0.45,155.29,57.02,,56356327003,168533423398,46973085,140470681,25917.59,16.42,synthetic_demo,GOOD
2026-10-07T03:28:54.943559+00:00,Wi-Fi,Wi-Fi,64.44,1.85,22.55,28.96,8.44,53.9,56361601783,168551523785,46977480,140485764,4565.46,56.29,synthetic_demo,MODERATE
2026-10-07T03:28:59.943559+00:00,Wi-Fi,Wi-Fi,69.47,1.87,23.98,18.1,3.75,36.3,56363944389,168562836092,46979432,140495190,2666.98,73.22,synthetic_demo,MODERATE
2026-10-07T03:29:04.943559+00:00,Ethernet0,Ethernet,13.71,0.0,1.53,139.34,58.76,,56400670925,168649925524,47010037,140567764,24182.81,24.06,synthetic_demo,GOOD
2026-10-07T03:29:09.943559+00:00,Ethernet0,Ethernet,11.77,0.0,2.34,136.63,48.41,,56430926992,168735317413,47035250,140638923,22587.49,13.99,synthetic_demo,GOOD
2026-10-07T03:29:14.943559+00:00,Wi-Fi,Wi-Fi,54.64,1.44,18.73,21.59,6.5,41.7,56434989622,168748809752,47038635,140650166,3428.7,54.95,synthetic_demo,MODERATE
2026-10-07T03:29:19.943559+00:00,Ethernet0,Ethernet,133.73,3.47,26.78,11.77,5.25,,56438270416,168756169122,47041368,140656298,2078.16,97.48,synthetic_demo,POOR
2026-10-07T03:29:24.943559+00:00,Wi-Fi,Wi-Fi,83.52,0.78,14.63,19.23,8.82,48.3,56443781777,168768190070,47045960,140666315,3424.28,71.26,synthetic_demo,MODERATE
2026-10-07T03:29:29.943559+00:00,Ethernet0,Ethernet,11.27,0.0,0.7,149.21,45.02,,56471921178,168861444901,47069409,140744027,23709.81,26.72,synthetic_demo,GOOD
2026-10-07T03:29:34.943559+00:00,Wi-Fi,Wi-Fi,65.14,3.16,20.61,12.59,3.53,69.5,56474125828,168869312963,47071246,140750583,1967.33,85.58,synthetic_demo,MODERATE
2026-10-07T03:29:39.943559+00:00,Ethernet0,Ethernet,11.9,0.0,1.98,173.52,62.72,,56513323052,168977763951,47103910,140840958,28837.54,27.87,synthetic_demo,GOOD
2026-10-07T03:29:44.943559+00:00,Wi-Fi,Wi-Fi,29.27,0.0,1.37,80.39,23.85,97.3,56528232289,169028007153,47116334,140882827,12725.09,22.52,synthetic_demo,GOOD
2026-10-07T03:29:49.943559+00:00,Ethernet0,Ethernet,11.36,0.0,0.28,142.9,48.38,,56558472457,169117320745,47141534,140957254,23350.34,26.0,synthetic_demo,GOOD
2026-10-07T03:29:54.943559+00:00,Ethernet0,Ethernet,10.02,0.0,0.27,148.4,39.22,,56582983549,169210069577,47161959,141034544,22902.33,34.04,synthetic_demo,GOOD
2026-10-07T03:29:59.943559+00:00,Ethernet0,Ethernet,13.54,0.0,5.38,144.54,47.99,,56612976418,169300405909,47186953,141109824,23501.8,27.79,synthetic_demo,GOOD
2026-10-07T03:30:04.943559+00:00,Wi-Fi,Wi-Fi,26.39,0.33,2.76,90.72,24.78,93.7,56628465162,169357103298,47199860,141157071,14098.85,43.75,synthetic_demo,GOOD
2026-10-07T03:30:09.943559+00:00,Ethernet0,Ethernet,8.47,0.04,1.69,163.68,47.83,,56658360811,169459403555,47224773,141242321,25819.51,31.27,synthetic_demo,GOOD
2026-10-07T03:30:14.943559+00:00,Wi-Fi,Wi-Fi,27.58,0.0,1.11,31.55,27.22,96.0,56675372798,169479119886,47238949,141258751,7173.5,26.39,synthetic_demo,GOOD
2026-10-07T03:30:19.943559+00:00,Wi-Fi,Wi-Fi,90.07,3.5,12.55,10.39,7.51,39.8,56680064212,169485613519,47242858,141264162,2184.58,42.02,synthetic_demo,POOR
2026-10-07T03:30:24.943559+00:00,Wi-Fi,Wi-Fi,24.82,0.0,5.7,61.14,23.82,80.8,56694952447,169523828406,47255264,141296007,10371.7,18.95,synthetic_demo,GOOD
2026-10-07T03:30:29.943559+00:00,Wi-Fi,Wi-Fi,18.77,0.0,2.65,74.29,23.75,79.3,56709795308,169570260579,47267633,141334700,11967.78,43.85,synthetic_demo,GOOD
2026-10-07T03:30:34.943559+00:00,Wi-Fi,Wi-Fi,171.24,5.97,34.33,4.94,3.28,28.6,56711846229,169573350103,47269342,141337274,1003.99,76.64,synthetic_demo,POOR
2026-10-07T03:30:39.943559+00:00,Ethernet0,Ethernet,10.76,0.0,0.9,157.85,52.96,,56744944493,169672003641,47296923,141419485,25732.77,20.8,synthetic_demo,GOOD
2026-10-07T03:30:44.943559+00:00,Wi-Fi,Wi-Fi,67.33,3.33,18.23,33.11,8.56,47.6,56750297092,169692700021,47301383,141436731,5087.69,73.57,synthetic_demo,MODERATE
2026-10-07T03:30:49.943559+00:00,Ethernet0,Ethernet,11.12,0.0,1.18,171.09,26.95,,56767139097,169799630196,47315418,141525839,24174.25,13.07,synthetic_demo,GOOD
2026-10-07T03:30:54.943559+00:00,Ethernet0,Ethernet,17.89,0.0,2.04,149.15,56.67,,56802559486,169892848442,47344934,141603520,25124.73,17.78,synthetic_demo,GOOD
2026-10-07T03:30:59.943559+00:00,Wi-Fi,Wi-Fi,82.24,0.69,9.41,17.29,5.16,42.5,56805785270,169903652411,47347622,141612523,2740.19,42.9,synthetic_demo,MODERATE
2026-10-07T03:31:04.943559+00:00,Wi-Fi,Wi-Fi,77.73,0.51,7.25,19.98,6.29,36.5,56809715266,169916138292,47350896,141622927,3206.23,43.1,synthetic_demo,MODERATE
2026-10-07T03:31:09.943559+00:00,Wi-Fi,Wi-Fi,175.27,11.22,30.21,9.07,3.15,41.1,56811684479,169921809502,47352537,141627653,1492.27,75.61,synthetic_demo,POOR
2026-10-07T03:31:14.943559+00:00,Wi-Fi,Wi-Fi,47.56,2.35,11.18,12.81,7.71,37.3,56816504410,169929818742,47356553,141634327,2505.7,46.56,synthetic_demo,POOR
2026-10-07T03:31:19.943559+00:00,Ethernet0,Ethernet,271.69,32.5,85.4,1.96,0.82,,56817014054,169931045547,47356977,141635349,339.15,78.4,synthetic_demo,POOR
2026-10-07T03:31:24.943559+00:00,Ethernet0,Ethernet,14.79,0.0,0.2,154.77,52.36,,56849739896,170027776857,47384248,141715958,25284.6,13.99,synthetic_demo,GOOD
2026-10-07T03:31:29.943559+00:00,Ethernet0,Ethernet,9.88,0.0,1.7,153.11,59.37,,56886847222,170123469689,47415170,141795702,25937.53,16.35,synthetic_demo,GOOD
2026-10-07T03:31:34.943559+00:00,Ethernet0,Ethernet,12.71,0.0,0.1,145.75,40.64,,56912244527,170214565882,47436334,141871615,22752.64,22.82,synthetic_demo,GOOD
2026-10-07T03:31:39.943559+00:00,Ethernet0,Ethernet,12.17,0.0,3.27,140.58,74.18,,56958607822,170302426402,47474970,141944832,26215.59,33.37,synthetic_demo,GOOD
2026-10-07T03:31:44.943559+00:00,Wi-Fi,Wi-Fi,93.31,2.79,10.01,2.0,3.72,36.8,56960935385,170303678732,47476909,141945875,699.2,50.89,synthetic_demo,POOR
2026-10-07T03:31:49.943559+00:00,Wi-Fi,Wi-Fi,86.23,2.84,12.06,15.68,7.37,47.3,56965541238,170313480313,47480747,141954042,2813.95,64.09,synthetic_demo,MODERATE
2026-10-07T03:31:54.943559+00:00,Ethernet0,Ethernet,9.31,0.0,3.47,166.59,20.83,,56978557720,170417598907,47491594,142040807,22877.94,33.46,synthetic_demo,GOOD
2026-10-07T03:31:59.943559+00:00,Ethernet0,Ethernet,262.05,39.37,57.4,0.84,0.35,,56978776056,170418122331,47491775,142041243,144.88,86.77,synthetic_demo,POOR
2026-10-07T03:32:04.943559+00:00,Wi-Fi,Wi-Fi,93.46,11.13,52.64,1.08,1.47,25.2,56979694668,170418799459,47492540,142041807,311.67,83.97,synthetic_demo,POOR
2026-10-07T03:32:09.943559+00:00,Wi-Fi,Wi-Fi,27.05,0.0,4.99,92.26,24.14,87.8,56994783996,170476463396,47505114,142089860,14209.62,13.45,synthetic_demo,GOOD
2026-10-07T03:32:14.943559+00:00,Ethernet0,Ethernet,13.62,0.0,6.31,145.41,64.45,,57035067762,170567345994,47538683,142165595,25618.43,19.9,synthetic_demo,GOOD
2026-10-07T03:32:19.943559+00:00,Ethernet0,Ethernet,7.63,0.0,0.1,139.08,49.79,,57066188696,170654270812,47564617,142238032,23055.81,32.82,synthetic_demo,GOOD
2026-10-07T03:32:24.943559+00:00,Ethernet0,Ethernet,12.33,0.0,0.51,135.12,58.09,,57102492152,170738723109,47594869,142308408,23585.11,7.02,synthetic_demo,GOOD
2026-10-07T03:32:29.943559+00:00,Ethernet0,Ethernet,9.3,0.0,1.99,171.63,47.92,,57132439864,170845992601,47619825,142397799,26800.24,33.28,synthetic_demo,GOOD
2026-10-07T03:32:34.943559+00:00,Wi-Fi,Wi-Fi,115.19,2.54,11.96,16.12,9.02,46.1,57138079021,170856068430,47624524,142406195,3069.33,40.12,synthetic_demo,MODERATE
2026-10-07T03:32:39.943559+00:00,Ethernet0,Ethernet,12.28,0.0,1.37,133.4,43.45,,57165233077,170939442471,47647152,142475673,21587.52,13.21,synthetic_demo,GOOD
2026-10-07T03:32:44.943559+00:00,Wi-Fi,Wi-Fi,19.93,0.0,1.65,80.31,30.6,86.6,57184354995,170989635198,47663086,142517500,13538.02,23.24,synthetic_demo,GOOD
2026-10-07T03:32:49.943559+00:00,Ethernet0,Ethernet,213.29,31.57,55.2,0.6,0.63,,57184750105,170990009708,47663415,142517812,150.32,78.56,synthetic_demo,POOR
2026-10-07T03:32:54.943559+00:00,Wi-Fi,Wi-Fi,144.53,1.24,27.64,8.48,4.22,66.8,57187386602,170995309783,47665612,142522228,1550.11,94.25,synthetic_demo,POOR
2026-10-07T03:32:59.943559+00:00,Wi-Fi,Wi-Fi,246.8,43.02,66.66,1.95,0.99,25.4,57188008392,170996527693,47666130,142523242,359.32,80.55,synthetic_demo,POOR
2026-10-07T03:33:04.943559+00:00,Ethernet0,Ethernet,14.66,0.0,0.62,178.77,53.46,,57221419736,171108258395,47693972,142616350,28348.06,32.29,synthetic_demo,GOOD
2026-10-07T03:33:09.943559+00:00,Wi-Fi,Wi-Fi,27.34,0.0,4.43,52.4,32.39,84.3,57241660408,171141008992,47710839,142643642,10349.86,13.89,synthetic_demo,GOOD
2026-10-07T03:33:14.943559+00:00,Wi-Fi,Wi-Fi,57.91,0.82,25.06,20.32,6.57,47.0,57245768729,171153706457,47714262,142654223,3282.38,45.15,synthetic_demo,POOR
2026-10-07T03:33:19.943559+00:00,Ethernet0,Ethernet,9.61,0.0,2.11,194.16,43.9,,57273205316,171275055572,47737125,142755347,29059.71,30.39,synthetic_demo,GOOD
2026-10-07T03:33:24.943559+00:00,Ethernet0,Ethernet,10.83,0.0,1.52,168.24,30.3,,57292141229,171380205273,47752904,142842971,24235.47,32.21,synthetic_demo,GOOD
2026-10-07T03:33:29.943559+00:00,Wi-Fi,Wi-Fi,79.22,1.11,15.26,18.19,1.97,78.5,57293370483,171391576067,47753928,142852446,2460.95,88.18,synthetic_demo,MODERATE
2026-10-07T03:33:34.943559+00:00,Wi-Fi,Wi-Fi,63.09,1.87,12.36,27.98,9.55,52.5,57299340285,171409061444,47758902,142867017,4581.09,71.1,synthetic_demo,MODERATE
2026-10-07T03:33:39.943559+00:00,Wi-Fi,Wi-Fi,28.37,0.0,4.99,81.62,21.85,93.7,57312998876,171460072550,47770284,142909526,12630.8,40.73,synthetic_demo,GOOD
2026-10-07T03:33:44.943559+00:00,Wi-Fi,Wi-Fi,25.09,0.0,0.1,87.1,20.28,97.1,57325675625,171514509214,47780847,142954889,13108.09,41.56,synthetic_demo,GOOD
2026-10-07T03:33:49.943559+00:00,Wi-Fi,Wi-Fi,37.81,0.0,0.18,99.37,20.94,75.7,57338763193,171576616567,47791753,143006645,14686.51,18.25,synthetic_demo,GOOD
2026-10-07T03:33:54.943559+00:00,Ethernet0,Ethernet,12.27,0.0,2.7,138.02,56.36,,57373989313,171662881305,47821108,143078532,23728.68,17.8,synthetic_demo,GOOD
2026-10-07T03:33:59.943559+00:00,Wi-Fi,Wi-Fi,24.55,0.0,1.78,66.5,14.31,95.7,57382934785,171704440687,47828562,143113164,9864.23,11.65,synthetic_demo,GOOD
2026-10-07T03:34:04.943559+00:00,Ethernet0,Ethernet,11.41,0.0,0.89,179.37,65.0,,57423561391,171816548774,47862417,143206587,29830.99,32.84,synthetic_demo,GOOD
2026-10-07T03:34:09.943559+00:00,Ethernet0,Ethernet,10.81,0.0,2.68,132.44,62.03,,57462329624,171899322172,47894723,143275564,23738.6,22.62,synthetic_demo,GOOD
2026-10-07T03:34:14.943559+00:00,Ethernet0,Ethernet,236.64,59.67,50.38,1.63,0.37,,57462559331,171900340556,47894914,143276412,243.77,77.5,synthetic_demo,POOR
2026-10-07T03:34:19.943559+00:00,Wi-Fi,Wi-Fi,66.03,1.08,8.38,15.9,4.13,47.1,57465137505,171910280620,47897062,143284695,2444.97,45.12,synthetic_demo,MODERATE
2026-10-07T03:34:24.943559+00:00,Wi-Fi,Wi-Fi,115.17,2.28,12.47,15.77,3.26,72.6,57467173624,171920135180,47898758,143292907,2322.4,86.28,synthetic_demo,MODERATE
2026-10-07T03:34:29.943559+00:00,Wi-Fi,Wi-Fi,24.92,0.0,1.58,55.86,17.18,77.6,57477913078,171955047993,47907707,143322001,8916.46,29.97,synthetic_demo,GOOD
2026-10-07T03:34:34.943559+00:00,Wi-Fi,Wi-Fi,25.86,0.0,0.44,66.98,33.82,81.8,57499047583,171996911265,47925319,143356887,12304.25,39.86,synthetic_demo,GOOD
2026-10-07T03:34:39.943559+00:00,Ethernet0,Ethernet,17.73,0.0,0.13,126.06,34.69,,57520728788,172075699547,47943386,143422543,19622.95,7.6,synthetic_demo,GOOD
2026-10-07T03:34:44.943559+00:00,Ethernet0,Ethernet,16.48,0.0,0.1,162.75,43.39,,57547846359,172177419227,47965983,143507309,25163.53,6.14,synthetic_demo,GOOD
2026-10-07T03:34:49.943559+00:00,Ethernet0,Ethernet,13.12,0.0,0.81,152.92,35.64,,57570120034,172272994925,47984544,143586955,23017.46,23.61,synthetic_demo,GOOD
2026-10-07T03:34:54.943559+00:00,Wi-Fi,Wi-Fi,175.6,1.42,23.51,10.55,4.9,78.6,57573180177,172279586761,47987094,143592448,1885.15,85.69,synthetic_demo,POOR
2026-10-07T03:34:59.943559+00:00,Wi-Fi,Wi-Fi,96.52,1.82,30.82,13.54,2.26,73.6,57574595550,172288047716,47988273,143599498,1928.97,91.69,synthetic_demo,POOR
2026-10-07T03:35:04.943559+00:00,Wi-Fi,Wi-Fi,65.95,1.45,3.95,19.55,3.48,45.8,57576773513,172300267984,47990087,143609681,2812.15,55.54,synthetic_demo,MODERATE
2026-10-07T03:35:09.943559+00:00,Wi-Fi,Wi-Fi,20.8,0.0,0.1,53.06,23.18,84.7,57591261009,172333428156,48002159,143637314,9306.19,21.53,synthetic_demo,GOOD
2026-10-07T03:35:14.943559+00:00,Ethernet0,Ethernet,231.77,17.79,81.71,0.14,0.25,,57591418865,172333516921,48002290,143637387,48.17,82.75,synthetic_demo,POOR
2026-10-07T03:35:19.943559+00:00,Ethernet0,Ethernet,11.71,0.0,0.14,143.84,51.84,,57623821783,172423414388,48029292,143712301,23886.79,7.4,synthetic_demo,GOOD
2026-10-07T03:35:24.943559+00:00,Wi-Fi,Wi-Fi,25.84,0.0,0.43,70.11,21.32,94.1,57637147014,172467231772,48040396,143748815,11160.67,18.82,synthetic_demo,GOOD
2026-10-07T03:35:29.943559+00:00,Wi-Fi,Wi-Fi,28.91,0.14,1.05,57.93,25.25,89.9,57652929224,172503439950,48053547,143778988,10154.37,14.52,synthetic_demo,GOOD
2026-10-07T03:35:34.943559+00:00,Ethernet0,Ethernet,146.15,1.9,22.42,12.11,7.83,,57657822242,172511007573,48057624,143785294,2433.72,86.64,synthetic_demo,POOR
2026-10-07T03:35:39.943559+00:00,Wi-Fi,Wi-Fi,386.49,53.36,42.22,1.41,0.19,14.3,57657942849,172511889820,48057724,143786029,195.87,78.59,synthetic_demo,POOR
2026-10-07T03:35:44.943559+00:00,Ethernet0,Ethernet,16.51,0.0,3.71,158.12,27.45,,57675098188,172610713400,48072020,143868381,22652.13,9.86,synthetic_demo,GOOD
2026-10-07T03:35:49.943559+00:00,Wi-Fi,Wi-Fi,149.69,7.8,48.43,7.8,2.23,36.3,57676490236,172615590300,48073180,143872445,1224.4,78.94,synthetic_demo,POOR
2026-10-07T03:35:54.943559+00:00,Wi-Fi,Wi-Fi,107.05,11.96,30.25,4.47,1.31,28.3,57677311634,172618384738,48073864,143874773,706.22,61.81,synthetic_demo,POOR
2026-10-07T03:35:59.943559+00:00,Ethernet0,Ethernet,13.89,0.0,0.1,118.55,45.67,,57705852729,172692478603,48097648,143936517,20045.89,5.6,synthetic_demo,GOOD
2026-10-07T03:36:04.943559+00:00,Wi-Fi,Wi-Fi,26.62,0.0,6.2,67.45,19.86,78.9,57718265129,172734637855,48107991,143971649,10658.53,41.73,synthetic_demo,GOOD
2026-10-07T03:36:09.943559+00:00,Wi-Fi,Wi-Fi,22.97,0.0,2.41,49.74,36.83,80.3,57741286918,172765726763,48127175,143997556,10568.5,44.67,synthetic_demo,GOOD
2026-10-07T03:36:14.943559+00:00,Wi-Fi,Wi-Fi,184.84,50.25,38.07,0.35,0.58,14.9,57741650606,172765945057,48127478,143997737,113.67,74.45,synthetic_demo,POOR
2026-10-07T03:36:19.943559+00:00,Ethernet0,Ethernet,9.18,0.0,0.43,101.42,50.87,,57773444064,172829330559,48153972,144050558,18589.64,7.26,synthetic_demo,GOOD
2026-10-07T03:36:24.943559+00:00,Ethernet0,Ethernet,120.81,3.73,31.78,25.64,5.35,,57776786721,172845354894,48156757,144063911,3782.62,92.27,synthetic_demo,POOR
2026-10-07T03:36:29.943559+00:00,Wi-Fi,Wi-Fi,19.06,0.0,0.14,57.25,32.93,83.2,57797370008,172881138678,48173909,144093730,11009.19,17.61,synthetic_demo,GOOD
2026-10-07T03:36:34.943559+00:00,Wi-Fi,Wi-Fi,128.82,1.23,21.71,6.04,4.02,70.0,57799882822,172884915778,48176003,144096877,1228.5,89.54,synthetic_demo,MODERATE
2026-10-07T03:36:39.943559+00:00,Wi-Fi,Wi-Fi,19.06,0.0,5.28,76.45,29.96,88.6,57818606614,172932696908,48191606,144136694,12989.24,41.37,synthetic_demo,GOOD
2026-10-07T03:36:44.943559+00:00,Wi-Fi,Wi-Fi,76.33,1.54,15.65,32.47,5.57,51.6,57822085952,172952988905,48194505,144153603,4642.84,63.03,synthetic_demo,MODERATE
2026-10-07T03:36:49.943559+00:00,Wi-Fi,Wi-Fi,95.82,4.88,13.66,9.07,2.22,33.4,57823473539,172958658109,48195661,144158327,1378.28,78.0,synthetic_demo,POOR
2026-10-07T03:36:54.943559+00:00,Wi-Fi,Wi-Fi,194.19,7.67,24.22,12.77,3.08,28.0,57825397802,172966638354,48197264,144164977,1934.47,64.42,synthetic_demo,POOR
2026-10-07T03:36:59.943559+00:00,Wi-Fi,Wi-Fi,230.24,5.6,36.53,4.0,3.34,43.4,57827485948,172969138979,48199004,144167060,896.24,63.57,synthetic_demo,POOR
2026-10-07T03:37:04.943559+00:00,Ethernet0,Ethernet,13.11,0.0,0.73,137.98,40.21,,57852617766,173055374465,48219947,144238922,21751.43,15.23,synthetic_demo,GOOD
2026-10-07T03:37:09.943559+00:00,Wi-Fi,Wi-Fi,97.89,2.41,22.87,12.67,1.97,78.8,57853848487,173063293154,48220972,144245520,1786.99,89.52,synthetic_demo,MODERATE
2026-10-07T03:37:14.943559+00:00,Ethernet0,Ethernet,11.48,0.0,0.26,131.85,49.7,,57884911821,173145696363,48246858,144314189,22161.43,28.57,synthetic_demo,GOOD
2026-10-07T03:37:19.943559+00:00,Wi-Fi,Wi-Fi,12.29,0.33,2.04,53.91,32.69,76.4,57905343921,173179388470,48263884,144342265,10571.13,22.83,synthetic_demo,GOOD
2026-10-07T03:37:24.943559+00:00,Wi-Fi,Wi-Fi,67.93,2.23,8.39,17.02,3.87,54.8,57907764229,173190024452,48265900,144351128,2550.06,51.42,synthetic_demo,MODERATE
2026-10-07T03:37:29.943559+00:00,Wi-Fi,Wi-Fi,19.66,0.0,5.19,52.7,14.56,87.6,57916865116,173222961406,48273484,144378575,8210.52,30.85,synthetic_demo,GOOD
2026-10-07T03:37:34.943559+00:00,Wi-Fi,Wi-Fi,65.97,2.96,15.44,14.28,4.18,38.5,57919476424,173231886708,48275660,144386012,2253.24,66.85,synthetic_demo,POOR
2026-10-07T03:37:39.943559+00:00,Ethernet0,Ethernet,277.07,19.69,73.51,0.82,0.53,,57919808862,173232401457,48275937,144386440,165.47,79.15,synthetic_demo,POOR
2026-10-07T03:37:44.943559+00:00,Ethernet0,Ethernet,12.95,0.0,0.64,144.0,56.32,,57955007638,173322401389,48305269,144461439,24452.87,5.11,synthetic_demo,GOOD
2026-10-07T03:37:49.943559+00:00,Wi-Fi,Wi-Fi,149.38,1.81,17.06,8.79,3.97,81.2,57957487390,173327896913,48307335,144466018,1557.67,88.0,synthetic_demo,POOR
2026-10-07T03:37:54.943559+00:00,Wi-Fi,Wi-Fi,28.49,0.0,6.59,89.55,24.95,76.4,57973079438,173383866154,48320328,144512659,13976.81,42.08,synthetic_demo,GOOD
2026-10-07T03:37:59.943559+00:00,Ethernet0,Ethernet,9.16,0.0,2.39,144.42,39.33,,57997658705,173474127781,48340810,144587877,22429.86,9.54,synthetic_demo,GOOD
2026-10-07T03:38:04.943559+00:00,Ethernet0,Ethernet,14.94,0.0,0.37,180.27,49.69,,58028712515,173586795698,48366688,144681766,28070.65,24.8,synthetic_demo,GOOD
2026-10-07T03:38:09.943559+00:00,Wi-Fi,Wi-Fi,193.47,44.05,40.57,1.95,0.98,29.4,58029328105,173588013962,48367200,144682781,358.17,97.41,synthetic_demo,POOR
2026-10-07T03:38:14.943559+00:00,Wi-Fi,Wi-Fi,92.25,8.88,29.63,0.01,1.43,32.4,58030223514,173588020212,48367946,144682786,176.11,79.08,synthetic_demo,POOR
2026-10-07T03:38:19.943559+00:00,Wi-Fi,Wi-Fi,151.1,7.84,33.84,4.18,1.63,38.4,58031244055,173590629876,48368796,144684960,709.02,79.46,synthetic_demo,POOR
2026-10-07T03:38:24.943559+00:00,Wi-Fi,Wi-Fi,243.63,21.48,70.7,1.64,0.54,10.6,58031584086,173591656670,48369079,144685815,266.96,81.98,synthetic_demo,POOR
2026-10-07T03:38:29.943559+00:00,Ethernet0,Ethernet,12.7,0.0,3.96,178.97,42.15,,58057927560,173703510771,48391031,144779026,26991.71,15.64,synthetic_demo,GOOD
2026-10-07T03:38:34.943559+00:00,Wi-Fi,Wi-Fi,20.84,0.0,2.13,66.39,27.48,93.1,58075104353,173745005640,48405344,144813605,11459.31,36.19,synthetic_demo,GOOD
2026-10-07T03:38:39.943559+00:00,Wi-Fi,Wi-Fi,145.87,1.67,15.04,14.67,2.56,82.0,58076707024,173754174122,48406679,144821245,2103.74,86.05,synthetic_demo,POOR
2026-10-07T03:38:44.943559+00:00,Wi-Fi,Wi-Fi,35.66,0.0,16.72,58.85,30.0,97.8,58095455349,173790958209,48422302,144851898,10846.17,12.12,synthetic_demo,MODERATE
2026-10-07T03:38:49.943559+00:00,Wi-Fi,Wi-Fi,32.6,0.22,1.33,70.67,21.99,90.5,58109200648,173835126917,48433756,144888705,11311.33,40.82,synthetic_demo,GOOD
2026-10-07T03:38:54.943559+00:00,Wi-Fi,Wi-Fi,25.44,0.0,3.3,61.51,28.87,75.9,58127244797,173873570632,48448792,144920741,11032.79,26.45,synthetic_demo,GOOD
2026-10-07T03:38:59.943559+00:00,Wi-Fi,Wi-Fi,76.79,1.08,20.81,18.73,5.61,51.2,58130750498,173885273865,48451713,144930493,2970.49,49.82,synthetic_demo,MODERATE
2026-10-07T03:39:04.943559+00:00,Wi-Fi,Wi-Fi,90.8,0.52,11.55,16.82,5.25,44.8,58134033467,173895785885,48454448,144939253,2694.33,49.26,synthetic_demo,MODERATE
2026-10-07T03:39:09.943559+00:00,Ethernet0,Ethernet,15.11,0.0,2.18,153.77,49.72,,58165107346,173991891495,48480342,145019341,24839.74,13.85,synthetic_demo,GOOD
2026-10-07T03:39:14.943559+00:00,Wi-Fi,Wi-Fi,26.02,0.0,7.07,70.6,34.16,92.5,58186454242,174036019614,48498131,145056114,12788.09,34.1,synthetic_demo,GOOD
2026-10-07T03:39:19.943559+00:00,Wi-Fi,Wi-Fi,82.87,2.44,8.97,34.55,6.31,39.3,58190399849,174057611086,48501419,145074106,4987.71,58.64,synthetic_demo,POOR
2026-10-07T03:39:24.943559+00:00,Wi-Fi,Wi-Fi,70.14,0.79,17.8,18.9,4.21,54.4,58193029955,174069424800,48503610,145083950,2821.06,50.75,synthetic_demo,MODERATE
2026-10-07T03:39:29.943559+00:00,Ethernet0,Ethernet,13.75,0.0,1.03,130.33,64.01,,58233037031,174150882903,48536949,145151831,23723.67,7.35,synthetic_demo,GOOD
2026-10-07T03:39:34.943559+00:00,Ethernet0,Ethernet,154.53,1.67,25.68,14.62,4.78,,58236025102,174160017519,48539439,145159443,2367.71,91.03,synthetic_demo,POOR
2026-10-07T03:39:39.943559+00:00,Ethernet0,Ethernet,13.06,0.0,0.88,151.3,61.22,,58274287802,174254579373,48571324,145238244,25942.3,5.73,synthetic_demo,GOOD
2026-10-07T03:39:44.943559+00:00,Wi-Fi,Wi-Fi,28.25,0.0,12.51,54.93,27.65,90.5,58291565956,174288908734,48585722,145266851,10079.59,39.98,synthetic_demo,MODERATE
2026-10-07T03:39:49.943559+00:00,Wi-Fi,Wi-Fi,83.16,1.98,11.84,9.21,5.91,83.9,58295259168,174294665522,48588799,145271648,1845.7,98.93,synthetic_demo,MODERATE
2026-10-07T03:39:54.943559+00:00,Wi-Fi,Wi-Fi,76.92,2.17,5.0,6.83,8.35,38.3,58300478462,174298932494,48593148,145275203,1852.79,41.91,synthetic_demo,POOR
2026-10-07T03:39:59.943559+00:00,Wi-Fi,Wi-Fi,23.06,0.0,0.23,71.99,25.91,88.6,58316673815,174343923795,48606644,145312695,11950.52,11.45,synthetic_demo,GOOD
2026-10-07T03:40:04.943559+00:00,Wi-Fi,Wi-Fi,90.64,2.22,33.69,13.31,3.21,79.8,58318681712,174352243347,48608317,145319627,2017.08,97.92,synthetic_demo,POOR
2026-10-07T03:40:09.943559+00:00,Wi-Fi,Wi-Fi,41.08,3.17,26.4,3.33,8.19,51.8,58323800127,174354326176,48612582,145321362,1406.49,50.9,synthetic_demo,POOR
2026-10-07T03:40:14.943559+00:00,Wi-Fi,Wi-Fi,112.59,2.06,22.81,11.78,2.83,82.5,58325568353,174361690699,48614055,145327499,1783.74,86.21,synthetic_demo,MODERATE
2026-10-07T03:40:19.943559+00:00,Wi-Fi,Wi-Fi,92.81,2.23,10.17,15.73,1.86,74.4,58326733569,174371523422,48615026,145335692,2148.03,90.71,synthetic_demo,MODERATE
2026-10-07T03:40:24.943559+00:00,Wi-Fi,Wi-Fi,74.64,3.05,7.99,5.38,4.04,38.1,58329260272,174374888290,48617131,145338496,1150.7,67.66,synthetic_demo,POOR
2026-10-07T03:40:29.943559+00:00,Wi-Fi,Wi-Fi,26.2,0.0,3.46,31.09,26.41,95.6,58345768252,174394322103,48630887,145354690,7019.88,10.35,synthetic_demo,GOOD
2026-10-07T03:40:34.943559+00:00,Ethernet0,Ethernet,15.23,0.0,0.37,175.99,57.24,,58381542127,174504313773,48660698,145446349,28469.83,6.98,synthetic_demo,GOOD
2026-10-07T03:40:39.943559+00:00,Wi-Fi,Wi-Fi,21.86,0.0,1.1,75.64,16.31,95.7,58391735277,174551587058,48669192,145485743,11223.91,31.63,synthetic_demo,GOOD
2026-10-07T03:40:44.943559+00:00,Wi-Fi,Wi-Fi,27.31,0.0,1.7,94.87,25.02,87.7,58407371663,174610881218,48682222,145535154,14634.87,28.37,synthetic_demo,GOOD
2026-10-07T03:40:49.943559+00:00,Wi-Fi,Wi-Fi,91.01,1.45,10.09,24.1,7.45,46.3,58412028933,174625945048,48686103,145547707,3851.78,43.4,synthetic_demo,MODERATE
2026-10-07T03:40:54.943559+00:00,Wi-Fi,Wi-Fi,71.17,2.9,16.76,8.22,2.79,37.3,58413771287,174631082991,48687554,145551988,1343.81,47.39,synthetic_demo,POOR
2026-10-07T03:40:59.943559+00:00,Wi-Fi,Wi-Fi,25.31,0.11,17.74,90.41,23.62,87.6,58428532706,174687586856,48699855,145599074,13919.0,33.33,synthetic_demo,MODERATE
2026-10-07T03:41:04.943559+00:00,Ethernet0,Ethernet,10.79,0.0,3.19,135.18,50.09,,58459839331,174772071284,48725943,145669477,22615.44,6.53,synthetic_demo,GOOD
2026-10-07T03:41:09.943559+00:00,Wi-Fi,Wi-Fi,22.01,0.0,2.97,65.85,27.07,78.8,58476755447,174813225160,48740039,145703771,11341.8,26.45,synthetic_demo,GOOD
2026-10-07T03:41:14.943559+00:00,Wi-Fi,Wi-Fi,16.32,0.31,0.88,47.08,23.85,89.1,58491664343,174842649886,48752463,145728291,8658.91,11.89,synthetic_demo,GOOD
2026-10-07T03:41:19.943559+00:00,Ethernet0,Ethernet,166.21,1.68,29.46,14.43,0.95,,58492260471,174851670588,48752959,145735808,1878.29,98.69,synthetic_demo,POOR
2026-10-07T03:41:24.943559+00:00,Ethernet0,Ethernet,13.25,0.0,4.45,143.0,39.14,,58516725512,174941047836,48773346,145810289,22234.82,9.15,synthetic_demo,GOOD
2026-10-07T03:41:29.943559+00:00,Wi-Fi,Wi-Fi,88.79,1.7,9.4,18.11,8.56,48.1,58522075809,174952368158,48777804,145819722,3255.98,60.9,synthetic_demo,MODERATE
2026-10-07T03:41:34.943559+00:00,Ethernet0,Ethernet,209.44,17.28,35.47,1.51,0.49,,58522379743,174953312112,48778057,145820508,243.73,92.82,synthetic_demo,POOR
2026-10-07T03:41:39.943559+00:00,Ethernet0,Ethernet,11.25,0.0,1.43,122.08,54.42,,58556394973,175029613381,48806403,145884092,21546.19,33.33,synthetic_demo,GOOD
2026-10-07T03:41:44.943559+00:00,Wi-Fi,Wi-Fi,27.9,0.0,4.44,60.88,21.42,85.3,58569785298,175067660367,48817561,145915797,10046.35,44.79,synthetic_demo,GOOD
2026-10-07T03:41:49.943559+00:00,Ethernet0,Ethernet,8.72,0.0,0.73,142.38,60.13,,58607366904,175156647344,48848879,145989952,24720.43,30.29,synthetic_demo,GOOD
2026-10-07T03:41:54.943559+00:00,Wi-Fi,Wi-Fi,88.42,2.96,17.39,23.74,9.38,51.7,58613231772,175171485253,48853766,146002316,4043.51,52.27,synthetic_demo,MODERATE
2026-10-07T03:41:59.943559+00:00,Wi-Fi,Wi-Fi,55.55,1.39,18.29,5.98,6.68,40.7,58617405151,175175221437,48857243,146005429,1544.84,52.88,synthetic_demo,MODERATE
2026-10-07T03:42:04.943559+00:00,Wi-Fi,Wi-Fi,18.34,0.0,5.64,78.69,30.58,94.9,58636518780,175224403684,48873171,146046414,13339.04,37.25,synthetic_demo,GOOD
2026-10-07T03:42:09.943559+00:00,Wi-Fi,Wi-Fi,78.36,1.78,18.41,25.73,6.1,53.6,58640330915,175240487278,48876347,146059816,3885.88,65.54,synthetic_demo,MODERATE
2026-10-07T03:42:14.943559+00:00,Wi-Fi,Wi-Fi,108.03,8.0,43.15,6.73,2.33,38.7,58641785078,175244691916,48877558,146063319,1105.23,52.28,synthetic_demo,POOR
2026-10-07T03:42:19.943559+00:00,Ethernet0,Ethernet,14.68,0.0,1.78,197.95,41.76,,58667886397,175368410937,48899309,146166418,29261.79,30.49,synthetic_demo,GOOD
2026-10-07T03:42:24.943559+00:00,Ethernet0,Ethernet,10.75,0.0,1.59,131.14,51.56,,58700114354,175450374942,48926165,146234721,22303.12,6.71,synthetic_demo,GOOD
2026-10-07T03:42:29.943559+00:00,Wi-Fi,Wi-Fi,82.84,9.55,18.76,6.93,2.09,42.2,58701418932,175454705739,48927252,146238329,1100.66,67.38,synthetic_demo,POOR
2026-10-07T03:42:34.943559+00:00,Wi-Fi,Wi-Fi,116.08,0.84,15.0,12.6,6.37,46.5,58705400339,175462582940,48930569,146244893,2316.13,60.92,synthetic_demo,MODERATE
2026-10-07T03:42:39.943559+00:00,Wi-Fi,Wi-Fi,163.31,11.93,31.36,6.88,1.76,27.9,58706498367,175466880420,48931484,146248474,1053.81,79.44,synthetic_demo,POOR
2026-10-07T03:42:44.943559+00:00,Wi-Fi,Wi-Fi,58.38,1.34,23.05,22.51,3.8,52.9,58708872033,175480949896,48933462,146260198,3211.55,66.42,synthetic_demo,MODERATE
2026-10-07T03:42:49.943559+00:00,Wi-Fi,Wi-Fi,151.48,11.84,37.6,3.74,2.67,40.8,58710540760,175483287953,48934852,146262146,782.58,61.27,synthetic_demo,POOR
2026-10-07T03:42:54.943559+00:00,Wi-Fi,Wi-Fi,20.01,0.0,0.35,63.11,24.74,81.8,58726003157,175522728703,48947737,146295013,10723.27,11.61,synthetic_demo,GOOD
2026-10-07T03:42:59.943559+00:00,Wi-Fi,Wi-Fi,113.44,2.17,12.23,8.79,3.52,67.3,58728201210,175528225097,48949568,146299593,1502.82,89.27,synthetic_demo,MODERATE
2026-10-07T03:43:04.943559+00:00,Wi-Fi,Wi-Fi,186.26,8.66,41.53,1.68,1.6,33.9,58729204032,175529273257,48950403,146300466,400.58,51.45,synthetic_demo,POOR
2026-10-07T03:43:09.943559+00:00,Wi-Fi,Wi-Fi,66.83,1.93,21.48,13.98,9.4,39.8,58735076684,175538008868,48955296,146307745,2853.18,43.62,synthetic_demo,MODERATE
2026-10-07T03:43:14.943559+00:00,Ethernet0,Ethernet,12.43,0.0,2.89,131.49,56.31,,58770269960,175620188441,48984623,146376227,22924.38,26.48,synthetic_demo,GOOD
2026-10-07T03:43:19.943559+00:00,Wi-Fi,Wi-Fi,30.01,0.0,6.84,70.54,26.57,82.0,58786873594,175664273374,48998459,146412964,11853.24,30.89,synthetic_demo,GOOD
2026-10-07T03:43:24.943559+00:00,Ethernet0,Ethernet,12.86,0.0,0.1,118.47,56.72,,58822321786,175738318402,49027999,146474668,21385.39,9.32,synthetic_demo,GOOD
2026-10-07T03:43:29.943559+00:00,Ethernet0,Ethernet,13.76,0.0,0.36,156.23,53.14,,58855534521,175835963230,49055676,146556038,25558.12,20.63,synthetic_demo,GOOD
2026-10-07T03:43:34.943559+00:00,Wi-Fi,Wi-Fi,38.72,0.0,8.98,65.72,18.45,77.1,58867065189,175877037654,49065284,146590266,10274.43,25.6,synthetic_demo,MODERATE
2026-10-07T03:43:39.943559+00:00,Wi-Fi,Wi-Fi,58.97,0.81,7.92,22.44,7.35,51.7,58871661281,175891064262,49069114,146601954,3637.25,60.44,synthetic_demo,MODERATE
2026-10-07T03:43:44.943559+00:00,Wi-Fi,Wi-Fi,40.51,2.47,15.26,20.75,5.89,54.4,58875343757,175904034523,49072182,146612762,3252.49,71.68,synthetic_demo,MODERATE
2026-10-07T03:43:49.943559+00:00,Wi-Fi,Wi-Fi,18.29,0.0,3.92,53.68,19.77,94.2,58887699203,175937581714,49082478,146640717,8965.36,30.28,synthetic_demo,GOOD
2026-10-07T03:43:54.943559+00:00,Wi-Fi,Wi-Fi,94.4,1.84,13.55,24.03,5.07,46.9,58890868365,175952598012,49085118,146653230,3551.85,41.42,synthetic_demo,MODERATE
2026-10-07T03:43:59.943559+00:00,Ethernet0,Ethernet,17.24,0.0,1.22,174.12,49.75,,58921960377,176061425356,49111028,146743919,27328.0,14.33,synthetic_demo,GOOD
2026-10-07T03:44:04.943559+00:00,Ethernet0,Ethernet,11.41,0.0,0.14,168.73,56.29,,58957139741,176166882236,49140344,146831799,27468.02,5.37,synthetic_demo,GOOD
2026-10-07T03:44:09.943559+00:00,Ethernet0,Ethernet,10.2,0.0,0.32,150.74,59.35,,58994236144,176261096826,49171257,146910311,25646.68,21.94,synthetic_demo,GOOD
2026-10-07T03:44:14.943559+00:00,Wi-Fi,Wi-Fi,70.48,0.97,11.51,33.75,8.68,49.2,58999663051,176282188888,49175779,146927887,5179.49,70.74,synthetic_demo,MODERATE
2026-10-07T03:44:19.943559+00:00,Ethernet0,Ethernet,8.09,0.0,2.82,146.26,53.61,,59033166569,176373603190,49203698,147004065,24398.01,5.39,synthetic_demo,GOOD
2026-10-07T03:44:24.943559+00:00,Wi-Fi,Wi-Fi,19.98,0.0,2.69,68.16,9.58,90.2,59039155741,176416200219,49208688,147039562,9489.49,18.21,synthetic_demo,GOOD
2026-10-07T03:44:29.943559+00:00,Wi-Fi,Wi-Fi,29.81,0.0,0.1,57.87,30.39,76.8,59058149835,176452368926,49224516,147069702,10773.98,36.16,synthetic_demo,GOOD
2026-10-07T03:44:34.943559+00:00,Wi-Fi,Wi-Fi,188.52,8.42,34.81,1.81,2.75,39.8,59059870192,176453501240,49225949,147070645,557.16,60.57,synthetic_demo,POOR
2026-10-07T03:44:39.943559+00:00,Ethernet0,Ethernet,12.43,0.0,2.88,143.74,53.33,,59093204251,176543340598,49253727,147145511,24057.31,6.86,synthetic_demo,GOOD
2026-10-07T03:44:44.943559+00:00,Wi-Fi,Wi-Fi,95.21,1.03,19.81,10.68,7.86,40.2,59098114790,176550014803,49257819,147151072,2262.65,51.36,synthetic_demo,MODERATE
2026-10-07T03:44:49.943559+00:00,Ethernet0,Ethernet,109.81,1.83,31.86,14.45,4.96,,59101213492,176559043041,49260401,147158595,2368.54,88.55,synthetic_demo,POOR
2026-10-07T03:44:54.943559+00:00,Wi-Fi,Wi-Fi,114.9,1.13,29.27,10.79,5.18,68.6,59104448847,176565785449,49263097,147164213,1948.78,94.01,synthetic_demo,POOR
2026-10-07T03:44:59.943559+00:00,Ethernet0,Ethernet,192.88,39.85,49.19,1.6,0.87,,59104990854,176566785717,49263548,147165046,301.23,84.53,synthetic_demo,POOR
2026-10-07T03:45:04.943559+00:00,Ethernet0,Ethernet,10.79,0.0,0.59,153.16,57.02,,59140629112,176662507703,49293246,147244814,25656.3,29.32,synthetic_demo,GOOD
2026-10-07T03:45:09.943559+00:00,Ethernet0,Ethernet,12.56,0.0,1.82,182.09,61.11,,59178820238,176776312045,49325071,147339650,29686.61,9.42,synthetic_demo,GOOD
2026-10-07T03:45:14.943559+00:00,Wi-Fi,Wi-Fi,68.96,7.74,29.17,3.24,2.43,25.3,59180336401,176778335359,49326334,147341336,691.3,63.89,synthetic_demo,POOR
2026-10-07T03:45:19.943559+00:00,Wi-Fi,Wi-Fi,21.03,0.0,3.68,48.41,20.04,89.2,59192862764,176808594118,49336772,147366551,8356.47,33.02,synthetic_demo,GOOD
2026-10-07T03:45:24.943559+00:00,Wi-Fi,Wi-Fi,64.33,1.95,13.45,7.84,6.94,43.3,59197200375,176813491464,49340386,147370632,1803.7,67.86,synthetic_demo,MODERATE
2026-10-07T03:45:29.943559+00:00,Ethernet0,Ethernet,121.48,3.01,25.09,12.99,3.99,,59199694435,176821607824,49342464,147377395,2072.35,96.0,synthetic_demo,POOR
2026-10-07T03:45:34.943559+00:00,Ethernet0,Ethernet,119.71,2.11,36.32,20.46,3.44,,59201843330,176834395336,49344254,147388051,2917.27,92.61,synthetic_demo,POOR
2026-10-07T03:45:39.943559+00:00,Wi-Fi,Wi-Fi,226.3,30.57,63.82,2.19,0.6,18.2,59202217716,176835765849,49344565,147389193,340.8,99.9,synthetic_demo,POOR
2026-10-07T03:45:44.943559+00:00,Wi-Fi,Wi-Fi,195.42,28.7,41.94,0.65,0.3,15.2,59202405872,176836174242,49344721,147389533,116.51,85.17,synthetic_demo,POOR
2026-10-07T03:45:49.943559+00:00,Wi-Fi,Wi-Fi,69.78,2.79,12.56,12.25,3.82,63.8,59204790581,176843827676,49346708,147395910,1960.57,87.34,synthetic_demo,MODERATE
2026-10-07T03:45:54.943559+00:00,Wi-Fi,Wi-Fi,31.86,0.0,3.64,45.83,25.33,85.6,59220620167,176872470459,49359899,147419778,8686.01,32.28,synthetic_demo,GOOD
2026-10-07T03:45:59.943559+00:00,Wi-Fi,Wi-Fi,140.26,6.58,42.2,3.01,2.44,34.6,59222145993,176874349464,49361170,147421343,665.01,74.46,synthetic_demo,POOR
2026-10-07T03:46:04.943559+00:00,Ethernet0,Ethernet,14.71,0.0,0.87,125.43,53.08,,59255319836,176952743372,49388814,147486671,21790.58,15.82,synthetic_demo,GOOD
2026-10-07T03:46:09.943559+00:00,Ethernet0,Ethernet,13.59,0.0,2.01,161.47,61.86,,59293984283,177053659420,49421034,147570767,27261.82,16.38,synthetic_demo,GOOD
2026-10-07T03:46:14.943559+00:00,Wi-Fi,Wi-Fi,180.74,5.48,19.16,4.63,3.13,37.6,59295939428,177056552011,49422663,147573177,946.82,67.47,synthetic_demo,POOR
2026-10-07T03:46:19.943559+00:00,Wi-Fi,Wi-Fi,33.57,0.0,0.86,77.09,19.43,96.6,59308085392,177104731585,49432784,147613326,11782.33,17.17,synthetic_demo,GOOD
2026-10-07T03:46:24.943559+00:00,Ethernet0,Ethernet,9.56,0.0,0.3,161.05,53.27,,59341381555,177205389445,49460530,147697207,26162.9,16.8,synthetic_demo,GOOD
2026-10-07T03:46:29.943559+00:00,Ethernet0,Ethernet,12.62,0.0,0.1,129.01,49.76,,59372482360,177286019954,49486447,147764399,21822.52,13.82,synthetic_demo,GOOD
2026-10-07T03:46:34.943559+00:00,Wi-Fi,Wi-Fi,150.3,10.27,26.41,3.91,1.35,26.9,59373328909,177288466529,49487152,147766437,643.19,79.5,synthetic_demo,POOR
2026-10-07T03:46:39.943559+00:00,Wi-Fi,Wi-Fi,83.1,2.91,9.77,21.53,10.91,53.6,59380149812,177301924391,49492836,147777651,3960.7,45.93,synthetic_demo,MODERATE
2026-10-07T03:46:44.943559+00:00,Ethernet0,Ethernet,95.85,1.44,12.33,10.97,3.24,,59382176332,177308777548,49494524,147783361,1734.31,90.84,synthetic_demo,MODERATE
2026-10-07T03:46:49.943559+00:00,Ethernet0,Ethernet,13.73,0.0,3.02,151.74,42.65,,59408829518,177403614807,49516734,147862392,23728.6,17.83,synthetic_demo,GOOD
2026-10-07T03:46:54.943559+00:00,Wi-Fi,Wi-Fi,98.85,3.73,24.05,12.38,1.04,65.4,59409481828,177411353721,49517277,147868841,1638.91,95.31,synthetic_demo,MODERATE
2026-10-07T03:46:59.943559+00:00,Wi-Fi,Wi-Fi,114.5,3.26,25.93,10.56,3.12,68.1,59411429388,177417954861,49518899,147874341,1669.67,98.45,synthetic_demo,POOR
2026-10-07T03:47:04.943559+00:00,Wi-Fi,Wi-Fi,23.79,0.0,0.1,75.09,23.65,82.4,59426209267,177464886118,49531215,147913450,12052.96,11.15,synthetic_demo,GOOD
2026-10-07T03:47:09.943559+00:00,Wi-Fi,Wi-Fi,17.17,0.0,2.4,63.0,33.2,91.8,59446956801,177504262058,49548504,147946263,11742.87,15.72,synthetic_demo,GOOD
2026-10-07T03:47:14.943559+00:00,Ethernet0,Ethernet,10.01,0.0,0.83,112.18,46.66,,59476120998,177574373392,49572807,148004689,19389.75,21.42,synthetic_demo,GOOD
2026-10-07T03:47:19.943559+00:00,Wi-Fi,Wi-Fi,140.19,49.85,50.0,0.29,0.96,19.8,59476719772,177574556307,49573305,148004841,152.67,74.58,synthetic_demo,POOR
2026-10-07T03:47:24.943559+00:00,Wi-Fi,Wi-Fi,80.39,2.21,13.72,7.82,7.89,35.1,59481652017,177579442550,49577415,148008912,1917.67,47.49,synthetic_demo,POOR
2026-10-07T03:47:29.943559+00:00,Wi-Fi,Wi-Fi,255.96,19.37,66.11,2.14,0.11,12.4,59481717947,177580777005,49577469,148010024,273.51,79.51,synthetic_demo,POOR
2026-10-07T03:47:34.943559+00:00,Wi-Fi,Wi-Fi,31.45,0.0,1.92,51.51,25.1,89.9,59497407573,177612968526,49590543,148036850,9351.79,41.07,synthetic_demo,GOOD
2026-10-07T03:47:39.943559+00:00,Wi-Fi,Wi-Fi,63.92,3.22,29.63,3.62,3.51,70.5,59499601190,177615230681,49592371,148038735,870.27,86.28,synthetic_demo,POOR
2026-10-07T03:47:44.943559+00:00,Ethernet0,Ethernet,109.13,1.62,26.11,9.7,6.98,,59503964866,177621293415,49596007,148043787,2036.41,88.53,synthetic_demo,POOR
2026-10-07T03:47:49.943559+00:00,Wi-Fi,Wi-Fi,115.21,3.32,23.6,18.29,3.44,74.5,59506114751,177632723730,49597798,148053312,2652.38,90.25,synthetic_demo,MODERATE
2026-10-07T03:47:54.943559+00:00,Ethernet0,Ethernet,276.48,44.26,67.21,2.15,0.52,,59506438767,177634066656,49598068,148054431,325.57,75.45,synthetic_demo,POOR
2026-10-07T03:47:59.943559+00:00,Wi-Fi,Wi-Fi,25.56,0.0,4.58,76.06,25.68,90.7,59522489079,177681607228,49611443,148094048,12420.09,29.92,synthetic_demo,GOOD
2026-10-07T03:48:04.943559+00:00,Ethernet0,Ethernet,11.83,0.0,2.52,129.6,34.56,,59544091587,177762609338,49629445,148161549,20039.96,27.83,synthetic_demo,GOOD
2026-10-07T03:48:09.943559+00:00,Wi-Fi,Wi-Fi,117.67,1.43,20.69,9.25,5.93,76.6,59547796311,177768390695,49632532,148166366,1852.75,86.03,synthetic_demo,MODERATE
2026-10-07T03:48:14.943559+00:00,Wi-Fi,Wi-Fi,142.93,2.58,20.38,11.75,1.78,61.8,59548907256,177775735557,49633457,148172486,1651.52,92.86,synthetic_demo,POOR
2026-10-07T03:48:19.943559+00:00,Wi-Fi,Wi-Fi,22.61,0.61,14.6,19.31,6.55,47.7,59552998699,177787803636,49636866,148182542,3156.16,60.03,synthetic_demo,MODERATE
2026-10-07T03:48:24.943559+00:00,Ethernet0,Ethernet,10.0,0.0,0.5,158.77,61.1,,59591188533,177887036716,49668690,148265236,26840.41,24.1,synthetic_demo,GOOD
2026-10-07T03:48:29.943559+00:00,Wi-Fi,Wi-Fi,107.55,3.14,20.13,12.95,4.55,43.3,59594031300,177895131479,49671058,148271981,2136.24,69.33,synthetic_demo,MODERATE
2026-10-07T03:48:34.943559+00:00,Wi-Fi,Wi-Fi,25.84,0.0,1.97,110.82,23.85,95.3,59608937751,177964396908,49683480,148329702,16439.82,16.07,synthetic_demo,GOOD
2026-10-07T03:48:39.943559+00:00,Wi-Fi,Wi-Fi,11.29,0.0,7.56,77.51,20.45,91.6,59621718410,178012838583,49694130,148370070,11957.49,39.13,synthetic_demo,GOOD
2026-10-07T03:48:44.943559+00:00,Wi-Fi,Wi-Fi,92.96,1.26,13.12,16.04,4.71,52.4,59624664049,178022861020,49696584,148378422,2532.83,66.95,synthetic_demo,MODERATE
2026-10-07T03:48:49.943559+00:00,Wi-Fi,Wi-Fi,85.13,3.45,23.59,9.54,3.7,75.0,59626975150,178028820560,49698509,148383388,1615.36,90.95,synthetic_demo,MODERATE
2026-10-07T03:48:54.943559+00:00,Ethernet0,Ethernet,15.99,0.0,2.02,169.07,29.33,,59645304737,178134487789,49713783,148471444,24218.13,23.16,synthetic_demo,GOOD
2026-10-07T03:48:59.943559+00:00,Wi-Fi,Wi-Fi,33.68,0.0,1.49,85.54,34.03,88.6,59666575524,178187952240,49731508,148515997,14596.73,23.54,synthetic_demo,GOOD
2026-10-07T03:49:04.943559+00:00,Wi-Fi,Wi-Fi,27.57,0.0,3.15,54.86,26.93,86.6,59683409527,178222239430,49745536,148544569,9984.61,40.95,synthetic_demo,GOOD
2026-10-07T03:49:09.943559+00:00,Ethernet0,Ethernet,12.95,0.0,0.25,161.2,40.14,,59708499316,178322988950,49766444,148628526,24577.99,29.52,synthetic_demo,GOOD
2026-10-07T03:49:14.943559+00:00,Wi-Fi,Wi-Fi,106.92,3.15,24.78,18.23,1.51,64.4,59709444192,178334384365,49767231,148638022,2410.21,86.83,synthetic_demo,MODERATE
2026-10-07T03:49:19.943559+00:00,Wi-Fi,Wi-Fi,166.77,5.87,23.73,7.76,1.94,33.2,59710656029,178339234409,49768240,148642063,1183.96,64.16,synthetic_demo,POOR
2026-10-07T03:49:24.943559+00:00,Wi-Fi,Wi-Fi,26.09,0.0,0.74,82.17,30.04,80.1,59729429505,178390590911,49783884,148684860,13697.26,12.29,synthetic_demo,GOOD
2026-10-07T03:49:29.943559+00:00,Ethernet0,Ethernet,119.84,1.36,20.34,18.12,5.39,,59732798196,178401916475,49786691,148694297,2869.97,94.21,synthetic_demo,MODERATE
2026-10-07T03:49:34.943559+00:00,Wi-Fi,Wi-Fi,161.58,10.27,28.28,13.49,2.25,36.3,59734202312,178410345686,49787861,148701321,1920.57,83.13,synthetic_demo,POOR
2026-10-07T03:49:39.943559+00:00,Wi-Fi,Wi-Fi,126.49,6.47,35.65,6.4,2.41,26.0,59735706621,178414347630,49789114,148704655,1075.44,61.75,synthetic_demo,POOR
2026-10-07T03:49:44.943559+00:00,Ethernet0,Ethernet,15.17,0.0,0.56,148.19,52.47,,59768500773,178506963478,49816442,148781834,24494.14,6.72,synthetic_demo,GOOD
2026-10-07T03:49:49.943559+00:00,Wi-Fi,Wi-Fi,390.13,32.19,54.0,1.56,0.71,20.9,59768942539,178507939311,49816810,148782647,276.87,81.39,synthetic_demo,POOR
2026-10-07T03:49:54.943559+00:00,Wi-Fi,Wi-Fi,19.44,0.0,0.85,86.3,24.28,79.7,59784120456,178561873812,49829458,148827592,13498.52,24.47,synthetic_demo,GOOD
2026-10-07T03:49:59.943559+00:00,Wi-Fi,Wi-Fi,29.58,0.0,0.64,90.55,25.81,95.7,59800249552,178618466150,49842898,148874752,14203.41,34.09,synthetic_demo,GOOD
2026-10-07T03:50:04.943559+00:00,Ethernet0,Ethernet,9.09,0.0,0.19,149.47,58.82,,59837009367,178711884303,49873531,148952600,25425.38,32.71,synthetic_demo,GOOD
2026-10-07T03:50:09.943559+00:00,Wi-Fi,Wi-Fi,23.83,0.0,1.91,90.24,21.21,84.1,59850266758,178768283139,49884578,148999599,13604.73,13.9,synthetic_demo,GOOD
2026-10-07T03:50:14.943559+00:00,Ethernet0,Ethernet,10.05,0.0,1.04,151.94,55.65,,59885050221,178863242604,49913564,149078731,25340.42,17.25,synthetic_demo,GOOD
2026-10-07T03:50:19.943559+00:00,Ethernet0,Ethernet,10.18,0.0,2.83,137.68,60.92,,59923124437,178949294071,49945292,149150440,24243.3,26.2,synthetic_demo,GOOD
2026-10-07T03:50:24.943559+00:00,Wi-Fi,Wi-Fi,14.1,0.14,3.93,69.89,25.7,80.5,59939189423,178992975671,49958679,149186841,11669.26,33.8,synthetic_demo,GOOD
2026-10-07T03:50:29.943559+00:00,Wi-Fi,Wi-Fi,163.41,4.72,26.1,4.18,1.14,43.5,59939902200,178995587459,49959272,149189017,649.33,77.87,synthetic_demo,POOR
2026-10-07T03:50:34.943559+00:00,Wi-Fi,Wi-Fi,129.62,10.67,41.92,5.09,3.07,44.9,59941819940,178998770521,49960870,149191669,996.25,79.79,synthetic_demo,POOR
2026-10-07T03:50:39.943559+00:00,Wi-Fi,Wi-Fi,32.0,0.0,3.96,69.06,28.49,94.5,59959626721,179041930483,49975708,149227635,11907.57,24.47,synthetic_demo,GOOD
2026-10-07T03:50:44.943559+00:00,Wi-Fi,Wi-Fi,167.2,8.59,40.54,11.93,1.38,31.9,59960488036,179049384465,49976425,149233846,1624.08,75.07,synthetic_demo,POOR
2026-10-07T03:50:49.943559+00:00,Wi-Fi,Wi-Fi,109.32,9.07,40.57,2.45,2.18,35.8,59961849449,179050913371,49977559,149235120,564.52,53.01,synthetic_demo,POOR
2026-10-07T03:50:54.943559+00:00,Wi-Fi,Wi-Fi,100.72,2.02,28.92,17.2,3.52,82.9,59964046387,179061663040,49979389,149244078,2528.63,89.2,synthetic_demo,POOR
2026-10-07T03:50:59.943559+00:00,Ethernet0,Ethernet,11.55,0.0,1.72,147.42,35.03,,59985940528,179153803579,49997634,149320861,22272.4,6.51,synthetic_demo,GOOD
2026-10-07T03:51:04.943559+00:00,Ethernet0,Ethernet,62.86,3.56,13.73,9.03,1.21,,59986697204,179159450010,49998264,149325566,1250.61,86.09,synthetic_demo,MODERATE
2026-10-07T03:51:09.943559+00:00,Ethernet0,Ethernet,245.13,39.24,52.65,0.25,0.05,,59986729465,179159604617,49998290,149325694,36.5,98.07,synthetic_demo,POOR
2026-10-07T03:51:14.943559+00:00,Ethernet0,Ethernet,91.84,1.67,34.86,15.84,6.39,,59990725753,179169507180,50001620,149333946,2714.62,95.17,synthetic_demo,POOR
2026-10-07T03:51:19.943559+00:00,Wi-Fi,Wi-Fi,26.17,0.0,4.31,84.9,23.05,90.0,60005133162,179222572616,50013626,149378167,13178.29,18.51,synthetic_demo,GOOD
2026-10-07T03:51:24.943559+00:00,Wi-Fi,Wi-Fi,74.23,0.85,14.33,8.78,2.48,48.7,60006680071,179228058677,50014915,149382738,1373.63,68.15,synthetic_demo,MODERATE
2026-10-07T03:51:29.943559+00:00,Wi-Fi,Wi-Fi,85.2,2.34,13.89,16.98,5.21,35.4,60009934113,179238671371,50017626,149391581,2708.35,62.5,synthetic_demo,POOR
2026-10-07T03:51:34.943559+00:00,Wi-Fi,Wi-Fi,85.76,0.96,20.66,20.2,8.94,47.9,60015519780,179251299371,50022280,149402104,3557.36,41.0,synthetic_demo,MODERATE
2026-10-07T03:51:39.943559+00:00,Ethernet0,Ethernet,11.63,0.0,2.96,123.15,45.97,,60044251335,179328266357,50046222,149466243,20644.25,10.4,synthetic_demo,GOOD
2026-10-07T03:51:44.943559+00:00,Wi-Fi,Wi-Fi,23.03,0.0,3.45,67.5,27.48,82.8,60061425959,179370450957,50060534,149501396,11593.6,34.38,synthetic_demo,GOOD
2026-10-07T03:51:49.943559+00:00,Wi-Fi,Wi-Fi,68.8,11.91,28.26,6.48,3.56,35.8,60063649770,179374501186,50062387,149504771,1225.4,83.29,synthetic_demo,POOR
2026-10-07T03:51:54.943559+00:00,Wi-Fi,Wi-Fi,130.41,4.91,22.39,3.84,2.14,27.8,60064987008,179376903168,50063501,149506772,730.32,60.0,synthetic_demo,POOR
2026-10-07T03:51:59.943559+00:00,Ethernet0,Ethernet,15.92,0.0,8.33,129.5,45.95,,60093703692,179457840807,50087431,149574220,21416.86,19.91,synthetic_demo,MODERATE
2026-10-07T03:52:04.943559+00:00,Wi-Fi,Wi-Fi,177.7,46.03,92.03,2.29,0.24,26.4,60093853997,179459274743,50087556,149575414,309.42,98.48,synthetic_demo,POOR
2026-10-07T03:52:09.943559+00:00,Wi-Fi,Wi-Fi,20.68,0.0,3.62,70.76,23.63,88.3,60108621774,179503496876,50099862,149612265,11521.47,15.94,synthetic_demo,GOOD
2026-10-07T03:52:14.943559+00:00,Ethernet0,Ethernet,66.84,2.93,23.18,15.87,6.87,,60112914601,179513415124,50103439,149620530,2775.6,88.83,synthetic_demo,MODERATE
2026-10-07T03:52:19.943559+00:00,Ethernet0,Ethernet,145.71,2.85,25.31,14.39,2.45,,60114446538,179522406427,50104715,149628022,2055.32,97.87,synthetic_demo,POOR
2026-10-07T03:52:24.943559+00:00,Wi-Fi,Wi-Fi,149.77,7.25,31.05,7.34,2.62,26.8,60116081619,179526994928,50106077,149631845,1215.54,80.77,synthetic_demo,POOR
2026-10-07T03:52:29.943559+00:00,Ethernet0,Ethernet,271.75,36.17,58.81,0.42,0.54,,60116421344,179527256974,50106360,149632063,117.53,89.1,synthetic_demo,POOR
2026-10-07T03:52:34.943559+00:00,Wi-Fi,Wi-Fi,28.16,0.0,0.99,83.94,27.92,77.9,60133873377,179579717001,50120903,149675779,13654.7,10.6,synthetic_demo,GOOD
2026-10-07T03:52:39.943559+00:00,Wi-Fi,Wi-Fi,183.05,8.66,35.86,7.37,3.17,38.1,60135856512,179584325454,50122555,149679619,1287.42,50.99,synthetic_demo,POOR
2026-10-07T03:52:44.943559+00:00,Ethernet0,Ethernet,12.61,0.0,1.17,141.11,67.44,,60178008725,179672519476,50157681,149753114,25458.25,8.15,synthetic_demo,GOOD
2026-10-07T03:52:49.943559+00:00,Ethernet0,Ethernet,151.26,2.34,30.76,20.13,2.86,,60179796230,179685099353,50159170,149763597,2806.13,90.23,synthetic_demo,POOR
2026-10-07T03:52:54.943559+00:00,Wi-Fi,Wi-Fi,143.05,3.13,13.18,10.92,3.99,62.7,60182291464,179691927405,50161249,149769287,1820.95,94.38,synthetic_demo,POOR
2026-10-07T03:52:59.943559+00:00,Ethernet0,Ethernet,121.13,2.4,14.63,13.88,2.42,,60183803374,179700604772,50162508,149776518,1990.09,90.42,synthetic_demo,MODERATE
2026-10-07T03:53:04.943559+00:00,Wi-Fi,Wi-Fi,22.94,0.0,1.75,75.73,37.96,82.3,60207526707,179747938273,50182277,149815962,13878.29,15.02,synthetic_demo,GOOD
2026-10-07T03:53:09.943559+00:00,Wi-Fi,Wi-Fi,107.86,9.81,25.59,7.71,2.83,37.9,60209293741,179752756651,50183749,149819977,1286.21,60.77,synthetic_demo,POOR
2026-10-07T03:53:14.943559+00:00,Ethernet0,Ethernet,13.93,0.18,0.12,181.05,87.28,,60263842699,179865912686,50229206,149914273,32754.88,30.11,synthetic_demo,GOOD
2026-10-07T03:53:19.943559+00:00,Ethernet0,Ethernet,13.93,0.0,4.21,186.46,57.09,,60299526071,179982448291,50258942,150011386,29730.27,7.66,synthetic_demo,GOOD
2026-10-07T03:53:24.943559+00:00,Wi-Fi,Wi-Fi,106.87,1.19,28.56,10.72,1.96,65.9,60300753764,179989149349,50259965,150016970,1548.58,90.49,synthetic_demo,POOR
2026-10-07T03:53:29.943559+00:00,Wi-Fi,Wi-Fi,18.82,0.35,3.54,57.89,31.92,84.1,60320702037,180025327994,50276588,150047118,10962.29,38.82,synthetic_demo,GOOD
2026-10-07T03:53:34.943559+00:00,Wi-Fi,Wi-Fi,191.11,11.48,20.73,8.24,2.26,32.4,60322113636,180030478394,50277764,150051410,1281.64,64.53,synthetic_demo,POOR
2026-10-07T03:53:39.943559+00:00,Wi-Fi,Wi-Fi,28.18,0.0,0.46,104.35,19.85,76.6,60334520749,180095699370,50288103,150105760,15161.74,25.52,synthetic_demo,GOOD
2026-10-07T03:53:44.943559+00:00,Ethernet0,Ethernet,11.96,0.0,2.31,111.38,59.17,,60371503034,180165314552,50318921,150163772,20819.82,30.66,synthetic_demo,GOOD
2026-10-07T03:53:49.943559+00:00,Wi-Fi,Wi-Fi,126.87,8.7,33.32,6.5,1.21,31.0,60372256820,180169379001,50319549,150167159,941.06,57.95,synthetic_demo,POOR
2026-10-07T03:53:54.943559+00:00,Wi-Fi,Wi-Fi,64.31,2.37,23.79,27.1,7.09,43.7,60376690436,180186314333,50323243,150181271,4173.62,56.54,synthetic_demo,MODERATE
2026-10-07T03:53:59.943559+00:00,Ethernet0,Ethernet,10.54,0.0,0.5,182.32,40.31,,60401881454,180300263978,50344235,150276229,27175.91,31.41,synthetic_demo,GOOD
2026-10-07T03:54:04.943559+00:00,Wi-Fi,Wi-Fi,120.62,2.18,23.39,15.93,2.23,66.2,60403276636,180310219259,50345397,150284525,2216.89,90.38,synthetic_demo,MODERATE
2026-10-07T03:54:09.943559+00:00,Wi-Fi,Wi-Fi,79.03,0.78,19.42,24.64,3.04,44.6,60405174700,180325621052,50346978,150297359,3378.88,63.11,synthetic_demo,MODERATE
2026-10-07T03:54:14.943559+00:00,Wi-Fi,Wi-Fi,72.62,3.46,23.01,12.56,3.88,38.7,60407597586,180333471181,50348997,150303900,2006.45,50.92,synthetic_demo,POOR
2026-10-07T03:54:19.943559+00:00,Wi-Fi,Wi-Fi,21.96,0.0,0.3,73.47,24.87,82.7,60423143518,180379390909,50361951,150342166,12005.01,42.74,synthetic_demo,GOOD
2026-10-07T03:54:24.943559+00:00,Wi-Fi,Wi-Fi,113.29,5.27,18.19,7.96,1.78,40.1,60424255547,180384364644,50362877,150346310,1188.63,83.29,synthetic_demo,POOR
2026-10-07T03:54:29.943559+00:00,Wi-Fi,Wi-Fi,79.15,7.71,40.12,8.76,3.78,25.8,60426615289,180389838882,50364843,150350871,1530.07,65.46,synthetic_demo,POOR
2026-10-07T03:54:34.943559+00:00,Ethernet0,Ethernet,129.86,2.33,12.29,8.72,3.67,,60428909988,180395291361,50366755,150355414,1513.12,98.54,synthetic_demo,MODERATE
2026-10-07T03:54:39.943559+00:00,Ethernet0,Ethernet,9.92,0.0,1.84,176.9,47.98,,60458895357,180505856844,50391742,150447551,27451.34,32.25,synthetic_demo,GOOD
2026-10-07T03:54:44.943559+00:00,Wi-Fi,Wi-Fi,124.57,7.48,36.12,9.93,0.85,37.0,60459423816,180512060141,50392182,150452720,1314.8,53.82,synthetic_demo,POOR
2026-10-07T03:54:49.943559+00:00,Ethernet0,Ethernet,124.88,1.19,3.82,4.59,5.85,,60463078969,180514928304,50395227,150455110,1274.09,92.61,synthetic_demo,POOR
2026-10-07T03:54:54.943559+00:00,Wi-Fi,Wi-Fi,106.48,1.35,19.99,15.62,3.96,84.9,60465556003,180524689389,50397291,150463244,2390.26,98.22,synthetic_demo,MODERATE
2026-10-07T03:54:59.943559+00:00,Wi-Fi,Wi-Fi,20.35,0.0,5.04,89.11,20.54,81.1,60478391906,180580380639,50407987,150509653,13384.21,20.11,synthetic_demo,GOOD
2026-10-07T03:55:04.943559+00:00,Wi-Fi,Wi-Fi,45.83,11.86,30.91,6.41,1.44,44.8,60479294279,180584389501,50408738,150512993,959.23,81.75,synthetic_demo,POOR
2026-10-07T03:55:09.943559+00:00,Ethernet0,Ethernet,100.43,2.94,16.55,14.61,4.07,,60481837073,180593519936,50410856,150520601,2279.93,86.29,synthetic_demo,MODERATE
2026-10-07T03:55:14.943559+00:00,Ethernet0,Ethernet,13.85,0.0,1.38,176.96,40.04,,60506861427,180704122811,50431709,150612770,26489.69,31.46,synthetic_demo,GOOD
2026-10-07T03:55:19.943559+00:00,Wi-Fi,Wi-Fi,28.24,0.0,0.88,93.55,15.95,96.5,60516827791,180762591825,50440014,150661494,13366.28,41.76,synthetic_demo,GOOD
2026-10-07T03:55:24.943559+00:00,Wi-Fi,Wi-Fi,121.21,5.67,37.55,8.65,1.97,39.4,60518056734,180767995753,50441038,150665997,1295.48,68.13,synthetic_demo,POOR
2026-10-07T03:55:29.943559+00:00,Ethernet0,Ethernet,13.09,0.0,0.1,142.59,43.13,,60545012545,180857113731,50463501,150740261,22670.66,12.77,synthetic_demo,GOOD
2026-10-07T03:55:34.943559+00:00,Ethernet0,Ethernet,259.61,42.58,52.46,1.29,0.68,,60545440325,180857919194,50463857,150740932,240.87,91.08,synthetic_demo,POOR
2026-10-07T03:55:39.943559+00:00,Wi-Fi,Wi-Fi,135.06,3.79,28.54,13.05,4.87,77.8,60548487191,180866072898,50466396,150747726,2187.61,98.24,synthetic_demo,POOR
2026-10-07T03:55:44.943559+00:00,Wi-Fi,Wi-Fi,67.05,2.99,16.37,20.46,2.82,43.1,60550250508,180878863217,50467865,150758384,2842.51,52.1,synthetic_demo,MODERATE
2026-10-07T03:55:49.943559+00:00,Wi-Fi,Wi-Fi,29.1,0.0,2.22,68.44,30.42,87.3,60569262020,180921635141,50483707,150794027,12067.08,42.76,synthetic_demo,GOOD
2026-10-07T03:55:54.943559+00:00,Ethernet0,Ethernet,6.57,0.0,6.43,136.88,46.72,,60598465129,181007187346,50508042,150865320,22413.15,10.74,synthetic_demo,GOOD
2026-10-07T03:55:59.943559+00:00,Wi-Fi,Wi-Fi,252.23,31.93,87.65,1.45,0.85,26.8,60598994420,181008092895,50508483,150866074,280.24,91.79,synthetic_demo,POOR
2026-10-07T03:56:04.943559+00:00,Wi-Fi,Wi-Fi,25.55,0.12,1.19,83.34,29.49,94.3,60617424664,181060183278,50523841,150909482,13773.56,18.13,synthetic_demo,GOOD
2026-10-07T03:56:09.943559+00:00,Ethernet0,Ethernet,113.15,2.85,24.04,11.91,3.41,,60619556956,181067629372,50525617,150915687,1870.78,98.08,synthetic_demo,MODERATE
2026-10-07T03:56:14.943559+00:00,Wi-Fi,Wi-Fi,29.1,0.0,2.83,61.57,31.43,83.1,60639201665,181106109036,50541987,150947753,11352.42,26.45,synthetic_demo,GOOD
2026-10-07T03:56:19.943559+00:00,Ethernet0,Ethernet,15.63,0.0,4.12,171.54,66.61,,60680831333,181213320736,50576678,151037096,29070.58,22.99,synthetic_demo,GOOD
2026-10-07T03:56:24.943559+00:00,Ethernet0,Ethernet,15.15,0.0,0.22,175.5,65.54,,60721794379,181323009916,50610813,151128503,29424.26,11.24,synthetic_demo,GOOD
2026-10-07T03:56:29.943559+00:00,Wi-Fi,Wi-Fi,86.71,3.07,13.25,17.07,5.36,52.8,60725143434,181333678742,50613603,151137393,2737.87,48.28,synthetic_demo,MODERATE
2026-10-07T03:56:34.943559+00:00,Ethernet0,Ethernet,283.37,33.77,41.77,0.43,0.29,,60725326182,181333945608,50613755,151137615,87.82,90.25,synthetic_demo,POOR
2026-10-07T03:56:39.943559+00:00,Wi-Fi,Wi-Fi,30.25,0.0,1.79,50.36,11.95,79.6,60732795246,181365421344,50619979,151163844,7606.41,26.15,synthetic_demo,GOOD
2026-10-07T03:56:44.943559+00:00,Wi-Fi,Wi-Fi,26.83,0.0,10.05,67.25,27.21,81.3,60749800949,181407453089,50634150,151198870,11530.75,12.76,synthetic_demo,MODERATE
2026-10-07T03:56:49.943559+00:00,Wi-Fi,Wi-Fi,23.01,0.0,0.72,66.27,21.23,77.9,60763072377,181448869006,50645209,151233383,10681.12,19.72,synthetic_demo,GOOD
2026-10-07T03:56:54.943559+00:00,Wi-Fi,Wi-Fi,54.65,2.57,11.77,14.88,6.0,51.8,60766822314,181458170173,50648333,151241133,2549.04,42.07,synthetic_demo,MODERATE
2026-10-07T03:56:59.943559+00:00,Wi-Fi,Wi-Fi,21.19,0.0,3.15,89.62,26.19,94.9,60783192894,181514180261,50661975,151287808,14136.85,12.01,synthetic_demo,GOOD
2026-10-07T03:57:04.943559+00:00,Wi-Fi,Wi-Fi,184.15,11.64,20.57,4.5,2.47,30.6,60784737391,181516992469,50663262,151290151,850.92,76.73,synthetic_demo,POOR
2026-10-07T03:57:09.943559+00:00,Wi-Fi,Wi-Fi,125.84,2.33,7.34,17.41,8.24,47.5,60789887448,181527875112,50667553,151299219,3131.39,63.1,synthetic_demo,MODERATE
2026-10-07T03:57:14.943559+00:00,Wi-Fi,Wi-Fi,72.33,0.56,14.46,16.51,7.33,36.7,60794469017,181538192882,50671370,151307817,2910.03,56.3,synthetic_demo,MODERATE
2026-10-07T03:57:19.943559+00:00,Ethernet0,Ethernet,17.87,0.0,1.6,90.91,42.54,,60821059083,181595012999,50693528,151355167,16291.05,24.31,synthetic_demo,GOOD
2026-10-07T03:57:24.943559+00:00,Wi-Fi,Wi-Fi,333.62,34.86,30.74,0.67,0.12,20.1,60821136918,181595433355,50693592,151355517,97.3,86.12,synthetic_demo,POOR
2026-10-07T03:57:29.943559+00:00,Ethernet0,Ethernet,9.48,0.0,5.58,169.41,51.42,,60853274858,181701311543,50720373,151443748,26956.28,22.1,synthetic_demo,GOOD
2026-10-07T03:57:34.943559+00:00,Ethernet0,Ethernet,11.81,0.0,0.38,170.25,63.76,,60893125104,181807718050,50753581,151532420,28565.77,10.47,synthetic_demo,GOOD
2026-10-07T03:57:39.943559+00:00,Ethernet0,Ethernet,150.67,2.98,20.31,3.3,4.13,,60895707903,181809778543,50755733,151534137,906.89,93.65,synthetic_demo,POOR
2026-10-07T03:57:44.943559+00:00,Wi-Fi,Wi-Fi,100.39,1.74,4.71,20.38,7.66,39.7,60900495104,181822517319,50759722,151544752,3423.04,70.69,synthetic_demo,MODERATE
2026-10-07T03:57:49.943559+00:00,Wi-Fi,Wi-Fi,32.34,0.24,1.95,89.15,22.37,90.1,60914478240,181878235010,50771374,151591183,13613.44,36.58,synthetic_demo,GOOD
2026-10-07T03:57:54.943559+00:00,Wi-Fi,Wi-Fi,28.17,0.0,2.27,73.17,31.59,80.9,60934219144,181923963973,50787824,151629290,12787.08,25.15,synthetic_demo,GOOD
2026-10-07T03:57:59.943559+00:00,Wi-Fi,Wi-Fi,6.92,1.1,13.62,0.9,4.31,81.5,60936913268,181924527779,50790069,151629759,636.31,90.15,synthetic_demo,POOR
2026-10-07T03:58:04.943559+00:00,Ethernet0,Ethernet,17.22,0.0,1.27,140.85,37.24,,60960185857,182012561839,50809462,151703120,21739.58,25.59,synthetic_demo,GOOD
2026-10-07T03:58:09.943559+00:00,Wi-Fi,Wi-Fi,164.32,9.11,30.18,5.87,0.79,40.3,60960679261,182016229528,50809873,151706176,812.71,72.52,synthetic_demo,POOR
2026-10-07T03:58:14.943559+00:00,Wi-Fi,Wi-Fi,81.35,0.68,17.45,19.86,4.39,39.8,60963425382,182028643407,50812161,151716520,2960.94,60.57,synthetic_demo,MODERATE
2026-10-07T03:58:19.943559+00:00,Wi-Fi,Wi-Fi,26.81,0.0,3.12,95.59,27.21,91.0,60980430800,182088385883,50826332,151766305,14989.82,28.0,synthetic_demo,GOOD
2026-10-07T03:58:24.943559+00:00,Wi-Fi,Wi-Fi,21.47,0.0,4.79,64.37,25.08,96.1,60996108813,182128615702,50839397,151799829,10919.5,36.87,synthetic_demo,GOOD
2026-10-07T03:58:29.943559+00:00,Wi-Fi,Wi-Fi,17.55,0.0,4.48,104.99,35.49,81.5,61018289706,182194232291,50857881,151854509,17147.95,16.85,synthetic_demo,GOOD
2026-10-07T03:58:34.943559+00:00,Wi-Fi,Wi-Fi,124.38,1.82,17.56,13.69,4.19,69.6,61020910139,182202788078,50860064,151861638,2182.86,89.21,synthetic_demo,MODERATE
2026-10-07T03:58:39.943559+00:00,Wi-Fi,Wi-Fi,105.48,2.04,11.51,7.16,7.46,50.0,61025574751,182207261857,50863951,151865366,1784.84,64.95,synthetic_demo,MODERATE
2026-10-07T03:58:44.943559+00:00,Wi-Fi,Wi-Fi,31.94,0.0,0.68,74.86,25.93,91.5,61041778858,182254051838,50877454,151904357,12303.53,33.72,synthetic_demo,GOOD
2026-10-07T03:58:49.943559+00:00,Wi-Fi,Wi-Fi,67.2,0.88,7.96,21.45,4.28,35.1,61044455474,182267457253,50879684,151915528,3141.02,71.14,synthetic_demo,MODERATE
2026-10-07T03:58:54.943559+00:00,Ethernet0,Ethernet,144.27,20.68,44.94,2.31,0.73,,61044909665,182268902096,50880062,151916732,370.91,80.09,synthetic_demo,POOR
2026-10-07T03:58:59.943559+00:00,Wi-Fi,Wi-Fi,23.96,0.0,4.63,67.31,24.92,95.4,61060487181,182310968812,50893043,151951787,11258.64,16.32,synthetic_demo,GOOD
2026-10-07T03:59:04.943559+00:00,Wi-Fi,Wi-Fi,330.7,46.98,52.26,1.47,0.4,19.6,61060736220,182311888809,50893250,151952553,228.33,88.24,synthetic_demo,POOR
2026-10-07T03:59:09.943559+00:00,Wi-Fi,Wi-Fi,21.9,0.0,0.34,76.28,19.32,79.0,61072812688,182359561115,50903313,151992279,11669.68,41.14,synthetic_demo,GOOD
2026-10-07T03:59:14.943559+00:00,Ethernet0,Ethernet,10.85,0.0,1.14,170.3,53.65,,61106342487,182465997330,50931254,152080975,27337.11,25.38,synthetic_demo,GOOD
2026-10-07T03:59:19.943559+00:00,Ethernet0,Ethernet,9.28,0.0,0.57,173.13,35.39,,61128458511,182574202373,50949684,152171145,25453.33,10.97,synthetic_demo,GOOD
2026-10-07T03:59:24.943559+00:00,Wi-Fi,Wi-Fi,23.17,0.0,1.9,92.74,24.35,77.1,61143675057,182632162763,50962364,152219445,14292.37,17.22,synthetic_demo,GOOD
2026-10-07T03:59:29.943559+00:00,Ethernet0,Ethernet,16.12,0.0,1.06,117.51,61.98,,61182411943,182705609305,50994644,152280650,21910.83,26.23,synthetic_demo,GOOD
2026-10-07T03:59:34.943559+00:00,Ethernet0,Ethernet,12.64,0.0,2.41,148.84,41.93,,61208618718,182798632462,51016482,152358169,23287.1,26.76,synthetic_demo,GOOD
2026-10-07T03:59:39.943559+00:00,Wi-Fi,Wi-Fi,174.74,7.3,38.68,3.75,0.8,34.2,61209119691,182800977104,51016899,152360122,555.78,55.0,synthetic_demo,POOR
2026-10-07T03:59:44.943559+00:00,Wi-Fi,Wi-Fi,172.28,11.41,16.43,2.8,0.71,36.3,61209560942,182802725268,51017266,152361578,427.62,72.9,synthetic_demo,POOR
2026-10-07T03:59:49.943559+00:00,Wi-Fi,Wi-Fi,117.96,1.37,14.1,9.22,3.25,70.7,61211592856,182808489328,51018959,152366381,1522.65,95.43,synthetic_demo,MODERATE
2026-10-07T03:59:54.943559+00:00,Ethernet0,Ethernet,12.97,0.0,1.21,143.0,46.24,,61240495077,182897865492,51043044,152440861,23101.25,22.48,synthetic_demo,GOOD
2026-10-07T03:59:59.943559+00:00,Ethernet0,Ethernet,9.48,0.0,3.14,113.83,42.74,,61267209904,182969011343,51065306,152500149,19113.41,22.56,synthetic_demo,GOOD
2026-10-07T04:00:04.943559+00:00,Ethernet0,Ethernet,17.16,0.0,0.94,127.8,32.31,,61287404120,183048887980,51082134,152566712,19545.09,14.45,synthetic_demo,GOOD
2026-10-07T04:00:09.943559+00:00,Wi-Fi,Wi-Fi,124.08,2.71,19.91,11.55,4.49,70.0,61290207296,183056105105,51084469,152572726,1957.09,95.08,synthetic_demo,MODERATE
2026-10-07T04:00:14.943559+00:00,Ethernet0,Ethernet,366.77,41.29,69.03,1.94,0.68,,61290635219,183057316215,51084825,152573735,320.12,98.72,synthetic_demo,POOR
2026-10-07T04:00:19.943559+00:00,Wi-Fi,Wi-Fi,24.47,0.0,0.39,84.11,24.01,76.2,61305642708,183109882557,51097331,152617540,13198.01,31.87,synthetic_demo,GOOD
2026-10-07T04:00:24.943559+00:00,Ethernet0,Ethernet,10.34,0.0,1.08,139.33,63.16,,61345115419,183196964556,51130224,152690108,24717.72,32.32,synthetic_demo,GOOD
2026-10-07T04:00:29.943559+00:00,Wi-Fi,Wi-Fi,84.72,2.14,12.57,14.37,5.5,38.4,61348555044,183205943631,51133090,152697590,2425.53,70.2,synthetic_demo,POOR
2026-10-07T04:00:34.943559+00:00,Wi-Fi,Wi-Fi,18.03,0.0,0.34,83.5,14.35,96.8,61357522288,183258132896,51140562,152741081,11944.63,23.97,synthetic_demo,GOOD
2026-10-07T04:00:39.943559+00:00,Wi-Fi,Wi-Fi,21.76,0.0,0.96,101.46,34.83,75.4,61379288608,183321548134,51158700,152793927,16637.02,32.89,synthetic_demo,GOOD
2026-10-07T04:00:44.943559+00:00,Wi-Fi,Wi-Fi,85.29,3.11,21.4,12.93,4.77,48.9,61382271532,183329627842,51161185,152800660,2160.67,46.6,synthetic_demo,MODERATE
2026-10-07T04:00:49.943559+00:00,Wi-Fi,Wi-Fi,115.9,1.08,19.93,9.22,3.41,78.9,61384402156,183335393036,51162960,152805464,1542.15,92.05,synthetic_demo,MODERATE
2026-10-07T04:00:54.943559+00:00,Ethernet0,Ethernet,13.64,0.0,1.11,134.54,56.15,,61419497026,183419482368,51192205,152875538,23278.16,33.01,synthetic_demo,GOOD
2026-10-07T04:00:59.943559+00:00,Ethernet0,Ethernet,8.0,0.0,0.47,167.29,35.89,,61441931049,183524040573,51210900,152962669,24803.17,24.53,synthetic_demo,GOOD
2026-10-07T04:01:04.943559+00:00,Wi-Fi,Wi-Fi,222.59,20.49,72.59,1.61,0.38,18.5,61442171293,183525047398,51211100,152963508,243.57,82.78,synthetic_demo,POOR
2026-10-07T04:01:09.943559+00:00,Ethernet0,Ethernet,13.09,0.0,3.75,125.26,44.99,,61470290262,183603336445,51234532,153028748,20782.82,15.89,synthetic_demo,GOOD
2026-10-07T04:01:14.943559+00:00,Ethernet0,Ethernet,12.16,0.0,1.04,131.16,59.25,,61507319759,183685313558,51265389,153097062,23243.48,5.75,synthetic_demo,GOOD
2026-10-07T04:01:19.943559+00:00,Ethernet0,Ethernet,14.98,0.0,2.81,155.57,71.31,,61551889819,183782545505,51302530,153178088,27695.7,29.72,synthetic_demo,GOOD
2026-10-07T04:01:24.943559+00:00,Ethernet0,Ethernet,14.65,0.19,1.14,144.78,47.29,,61581446695,183873035306,51327160,153253496,23446.62,15.61,synthetic_demo,GOOD
2026-10-07T04:01:29.943559+00:00,Wi-Fi,Wi-Fi,22.89,0.0,1.72,50.37,30.63,76.7,61600590329,183904515804,51343113,153279729,9887.53,38.35,synthetic_demo,GOOD
2026-10-07T04:01:34.943559+00:00,Wi-Fi,Wi-Fi,126.59,5.8,43.42,9.8,1.73,27.2,61601673134,183910640739,51344015,153284833,1407.76,80.26,synthetic_demo,POOR
2026-10-07T04:01:39.943559+00:00,Wi-Fi,Wi-Fi,28.06,0.0,0.79,57.39,24.77,81.8,61617155181,183946511988,51356916,153314725,10029.94,23.48,synthetic_demo,GOOD
2026-10-07T04:01:44.943559+00:00,Wi-Fi,Wi-Fi,23.07,0.0,4.47,49.07,29.93,90.5,61635859293,183977181515,51372502,153340282,9643.29,21.32,synthetic_demo,GOOD
2026-10-07T04:01:49.943559+00:00,Ethernet0,Ethernet,95.24,2.43,18.73,10.22,5.51,,61639301284,183983569189,51375370,153345605,1919.86,92.43,synthetic_demo,MODERATE
2026-10-07T04:01:54.943559+00:00,Wi-Fi,Wi-Fi,95.24,2.0,13.6,10.38,3.99,44.3,61641798090,183990058701,51377450,153351012,1755.14,67.17,synthetic_demo,MODERATE
2026-10-07T04:01:59.943559+00:00,Wi-Fi,Wi-Fi,125.38,5.67,33.81,8.99,2.23,41.8,61643193096,183995679623,51378612,153355696,1370.3,80.59,synthetic_demo,POOR
2026-10-07T04:02:04.943559+00:00,Wi-Fi,Wi-Fi,107.71,9.66,26.33,4.33,2.35,33.4,61644661562,183998387660,51379835,153357952,815.72,65.41,synthetic_demo,POOR
2026-10-07T04:02:09.943559+00:00,Ethernet0,Ethernet,16.85,0.0,2.96,144.73,60.31,,61682354356,184088840862,51411245,153433329,25028.51,8.21,synthetic_demo,GOOD
2026-10-07T04:02:14.943559+00:00,Ethernet0,Ethernet,111.54,1.74,13.81,4.26,4.16,,61684954306,184091501156,51413411,153435545,1027.39,97.56,synthetic_demo,POOR
2026-10-07T04:02:19.943559+00:00,Wi-Fi,Wi-Fi,24.59,0.27,1.42,81.41,26.8,92.4,61701705864,184142381019,51427370,153477944,13209.26,26.49,synthetic_demo,GOOD
2026-10-07T04:02:24.943559+00:00,Wi-Fi,Wi-Fi,205.57,28.94,37.67,2.14,0.11,18.1,61701775753,184143719482,51427428,153479059,275.07,92.43,synthetic_demo,POOR
2026-10-07T04:02:29.943559+00:00,Wi-Fi,Wi-Fi,21.59,0.35,3.68,107.55,24.1,95.3,61716835208,184210940621,51439977,153535076,16070.43,40.84,synthetic_demo,GOOD
2026-10-07T04:02:34.943559+00:00,Wi-Fi,Wi-Fi,200.64,49.47,42.23,2.33,0.12,10.3,61716909344,184212397266,51440038,153536289,298.98,94.69,synthetic_demo,POOR
2026-10-07T04:02:39.943559+00:00,Wi-Fi,Wi-Fi,84.89,1.97,17.8,12.87,3.88,67.5,61719335260,184220440957,51442059,153542992,2044.85,96.96,synthetic_demo,MODERATE
2026-10-07T04:02:44.943559+00:00,Ethernet0,Ethernet,13.4,0.0,0.33,140.15,33.82,,61740471090,184308037572,51459672,153615989,21236.81,7.46,synthetic_demo,GOOD
2026-10-07T04:02:49.943559+00:00,Wi-Fi,Wi-Fi,110.76,2.22,13.11,3.3,8.87,54.2,61746014031,184310098332,51464291,153617706,1485.1,62.93,synthetic_demo,MODERATE
2026-10-07T04:02:54.943559+00:00,Wi-Fi,Wi-Fi,306.83,29.83,29.54,1.0,0.85,27.2,61746545285,184310725490,51464733,153618228,226.25,88.83,synthetic_demo,POOR
2026-10-07T04:02:59.943559+00:00,Wi-Fi,Wi-Fi,129.36,8.87,51.11,2.92,2.62,25.7,61748182325,184312552947,51466097,153619750,676.66,75.59,synthetic_demo,POOR
2026-10-07T04:03:04.943559+00:00,Ethernet0,Ethernet,13.99,0.0,0.16,157.99,45.15,,61776400477,184411294444,51489612,153702034,24796.81,21.77,synthetic_demo,GOOD
2026-10-07T04:03:09.943559+00:00,Ethernet0,Ethernet,104.85,2.47,13.44,13.75,5.09,,61779579794,184419889352,51492261,153709196,2299.65,98.87,synthetic_demo,MODERATE
2026-10-07T04:03:14.943559+00:00,Wi-Fi,Wi-Fi,25.39,0.0,3.45,62.31,13.96,94.1,61788304573,184458831897,51499531,153741648,9310.02,39.31,synthetic_demo,GOOD
2026-10-07T04:03:19.943559+00:00,Ethernet0,Ethernet,10.23,0.0,2.51,153.17,78.6,,61837431431,184554564622,51540470,153821425,28292.89,7.84,synthetic_demo,GOOD
2026-10-07T04:03:24.943559+00:00,Wi-Fi,Wi-Fi,22.52,0.0,3.11,70.92,26.57,97.1,61854036408,184598887937,51554307,153858361,11900.06,36.63,synthetic_demo,GOOD
2026-10-07T04:03:29.943559+00:00,Ethernet0,Ethernet,13.31,0.0,1.19,195.94,35.36,,61876134098,184721347447,51572721,153960410,28233.83,22.16,synthetic_demo,GOOD
2026-10-07T04:03:34.943559+00:00,Wi-Fi,Wi-Fi,117.62,10.1,34.41,13.82,2.6,25.7,61877761903,184729982123,51574077,153967605,2004.39,68.04,synthetic_demo,POOR
2026-10-07T04:03:39.943559+00:00,Wi-Fi,Wi-Fi,21.72,0.0,0.71,75.76,21.77,86.0,61891369270,184777331599,51585416,154007062,11905.63,41.21,synthetic_demo,GOOD
2026-10-07T04:03:44.943559+00:00,Wi-Fi,Wi-Fi,170.17,10.55,26.56,7.35,2.12,33.2,61892697062,184781927954,51586522,154010892,1157.06,81.82,synthetic_demo,POOR
2026-10-07T04:03:49.943559+00:00,Ethernet0,Ethernet,10.67,0.0,0.79,178.71,51.26,,61924734033,184893620562,51613219,154103969,28072.18,13.05,synthetic_demo,GOOD
2026-10-07T04:03:54.943559+00:00,Wi-Fi,Wi-Fi,25.31,0.0,2.24,85.33,25.57,85.3,61940715388,184946954649,51626536,154148414,13538.17,13.91,synthetic_demo,GOOD
2026-10-07T04:03:59.943559+00:00,Ethernet0,Ethernet,15.56,0.0,0.21,144.43,47.7,,61970530924,185037221299,51651382,154223636,23453.55,5.2,synthetic_demo,GOOD
2026-10-07T04:04:04.943559+00:00,Ethernet0,Ethernet,8.9,0.0,0.58,167.54,92.99,,62028648783,185141936569,51699813,154310898,31803.35,16.02,synthetic_demo,GOOD
2026-10-07T04:04:09.943559+00:00,Ethernet0,Ethernet,9.12,0.0,0.84,142.46,55.42,,62063286519,185230972021,51728677,154385094,24154.92,26.65,synthetic_demo,GOOD
2026-10-07T04:04:14.943559+00:00,Ethernet0,Ethernet,7.96,0.0,2.2,135.08,33.84,,62084433709,185315397176,51746299,154455448,20619.6,6.77,synthetic_demo,GOOD
2026-10-07T04:04:19.943559+00:00,Wi-Fi,Wi-Fi,26.61,3.27,13.39,24.55,4.48,49.6,62087235562,185330743570,51748633,154468236,3544.58,58.08,synthetic_demo,MODERATE
2026-10-07T04:04:24.943559+00:00,Wi-Fi,Wi-Fi,30.38,0.0,0.17,65.17,29.93,81.7,62105939782,185371476130,51764219,154502179,11608.75,30.06,synthetic_demo,GOOD
2026-10-07T04:04:29.943559+00:00,Wi-Fi,Wi-Fi,28.46,0.0,0.77,52.66,18.73,91.1,62117644586,185404391684,51773973,154529608,8714.91,40.23,synthetic_demo,GOOD
2026-10-07T04:04:34.943559+00:00,Wi-Fi,Wi-Fi,23.14,0.0,3.33,94.61,18.8,94.9,62129392932,185463520017,51783763,154578881,13843.1,31.9,synthetic_demo,GOOD
2026-10-07T04:04:39.943559+00:00,Wi-Fi,Wi-Fi,161.87,10.76,30.41,9.09,1.7,36.4,62130453065,185469199145,51784646,154583613,1316.26,51.34,synthetic_demo,POOR
2026-10-07T04:04:44.943559+00:00,Wi-Fi,Wi-Fi,118.26,6.56,54.12,2.31,0.17,39.6,62130559599,185470641105,51784734,154584814,302.44,57.55,synthetic_demo,POOR
2026-10-07T04:04:49.943559+00:00,Wi-Fi,Wi-Fi,23.79,0.0,8.73,77.67,21.56,86.2,62144034560,185519186512,51795963,154625268,12113.35,42.56,synthetic_demo,MODERATE
2026-10-07T04:04:54.943559+00:00,Wi-Fi,Wi-Fi,22.77,0.0,1.56,82.98,25.91,76.1,62160231050,185571045961,51809460,154668484,13292.18,15.37,synthetic_demo,GOOD
2026-10-07T04:04:59.943559+00:00,Ethernet0,Ethernet,9.45,0.0,0.59,135.08,56.22,,62195367298,185655469846,51838740,154738837,23351.59,9.67,synthetic_demo,GOOD
2026-10-07T04:05:04.943559+00:00,Wi-Fi,Wi-Fi,233.33,26.57,80.06,2.06,0.54,27.1,62195704505,185656757827,51839021,154739910,317.42,93.55,synthetic_demo,POOR
2026-10-07T04:05:09.943559+00:00,Ethernet0,Ethernet,12.87,0.0,0.42,123.78,43.99,,62223197695,185734118740,51861931,154804377,20479.32,31.07,synthetic_demo,GOOD
2026-10-07T04:05:14.943559+00:00,Wi-Fi,Wi-Fi,28.16,0.01,1.8,60.6,20.44,92.6,62235973705,185771991934,51872577,154835937,9892.42,14.51,synthetic_demo,GOOD
2026-10-07T04:05:19.943559+00:00,Wi-Fi,Wi-Fi,27.0,0.0,1.11,86.2,28.1,76.5,62253534738,185825869186,51887211,154880834,13952.79,16.74,synthetic_demo,GOOD
2026-10-07T04:05:24.943559+00:00,Wi-Fi,Wi-Fi,24.02,0.0,0.55,88.73,24.03,85.0,62268555376,185881325295,51899728,154927047,13764.99,23.28,synthetic_demo,GOOD
2026-10-07T04:05:29.943559+00:00,Ethernet0,Ethernet,14.59,0.16,0.92,116.61,52.12,,62301132203,185954205703,51926875,154987780,20597.12,28.52,synthetic_demo,GOOD
2026-10-07T04:05:34.943559+00:00,Ethernet0,Ethernet,136.82,1.32,22.82,13.17,6.15,,62304977078,185962438720,51930079,154994640,2358.96,88.23,synthetic_demo,MODERATE
2026-10-07T04:05:39.943559+00:00,Ethernet0,Ethernet,10.99,0.0,2.32,135.12,42.94,,62331816371,186046888763,51952445,155065015,21736.2,33.64,synthetic_demo,GOOD
2026-10-07T04:05:44.943559+00:00,Wi-Fi,Wi-Fi,80.0,1.42,21.27,20.66,6.73,35.6,62336025067,186059798251,51955952,155075772,3343.4,43.56,synthetic_demo,MODERATE
2026-10-07T04:05:49.943559+00:00,Ethernet0,Ethernet,9.79,0.0,0.25,118.25,46.44,,62365047621,186133702512,51980137,155137358,20102.89,17.64,synthetic_demo,GOOD
2026-10-07T04:05:54.943559+00:00,Ethernet0,Ethernet,12.29,0.0,2.73,146.14,40.84,,62390573900,186225037234,52001408,155213470,22824.41,30.99,synthetic_demo,GOOD
2026-10-07T04:05:59.943559+00:00,Wi-Fi,Wi-Fi,197.48,5.9,25.61,4.76,2.32,38.0,62392026658,186228010331,52002618,155215947,864.42,50.55,synthetic_demo,POOR
2026-10-07T04:06:04.943559+00:00,Ethernet0,Ethernet,11.17,0.0,5.32,150.07,58.07,,62428319311,186321801622,52032861,155294106,25407.02,11.61,synthetic_demo,GOOD
2026-10-07T04:06:09.943559+00:00,Wi-Fi,Wi-Fi,189.46,7.34,17.18,8.79,2.66,29.2,62429979185,186327297522,52034244,155298685,1397.61,64.17,synthetic_demo,POOR
2026-10-07T04:06:14.943559+00:00,Wi-Fi,Wi-Fi,69.35,1.5,14.53,13.25,5.49,35.0,62433409762,186335576505,52037102,155305584,2287.02,60.14,synthetic_demo,MODERATE
2026-10-07T04:06:19.943559+00:00,Ethernet0,Ethernet,12.63,0.0,3.01,171.4,41.77,,62459513249,186442699860,52058854,155394853,26020.87,31.84,synthetic_demo,GOOD
2026-10-07T04:06:24.943559+00:00,Wi-Fi,Wi-Fi,202.78,54.55,45.77,0.18,0.13,12.2,62459593526,186442813955,52058920,155394948,37.96,96.72,synthetic_demo,POOR
2026-10-07T04:06:29.943559+00:00,Ethernet0,Ethernet,14.45,0.0,0.1,121.7,52.74,,62492556304,186518874891,52086388,155458332,21293.69,12.05,synthetic_demo,GOOD
2026-10-07T04:06:34.943559+00:00,Wi-Fi,Wi-Fi,151.8,4.5,25.79,3.48,1.88,36.0,62493728806,186521050714,52087365,155460145,653.97,62.11,synthetic_demo,POOR
2026-10-07T04:06:39.943559+00:00,Ethernet0,Ethernet,11.9,0.0,0.43,140.65,43.66,,62521014258,186608959643,52110102,155533402,22498.9,27.48,synthetic_demo,GOOD
2026-10-07T04:06:44.943559+00:00,Wi-Fi,Wi-Fi,180.71,8.84,33.37,9.23,2.46,40.7,62522553489,186614730560,52111384,155538211,1427.76,84.03,synthetic_demo,POOR
2026-10-07T04:06:49.943559+00:00,Ethernet0,Ethernet,10.87,0.0,1.34,191.38,48.99,,62553173082,186734340302,52136900,155637885,29341.67,34.41,synthetic_demo,GOOD
2026-10-07T04:06:54.943559+00:00,Wi-Fi,Wi-Fi,113.92,1.54,16.69,11.85,3.5,35.8,62555358743,186741745316,52138721,155644055,1873.18,49.97,synthetic_demo,MODERATE
2026-10-07T04:06:59.943559+00:00,Wi-Fi,Wi-Fi,50.33,3.14,6.87,0.01,4.3,65.8,62558046194,186741751566,52140960,155644060,526.11,96.93,synthetic_demo,POOR
2026-10-07T04:07:04.943559+00:00,Wi-Fi,Wi-Fi,239.08,23.37,60.59,0.95,0.06,13.3,62558086570,186742345558,52140993,155644554,123.9,80.06,synthetic_demo,POOR
2026-10-07T04:07:09.943559+00:00,Wi-Fi,Wi-Fi,97.77,9.57,33.56,6.73,3.16,30.9,62560061888,186746552771,52142639,155648060,1207.53,54.25,synthetic_demo,POOR
2026-10-07T04:07:14.943559+00:00,Wi-Fi,Wi-Fi,120.28,5.26,54.78,7.7,1.47,34.6,62560982166,186751366878,52143405,155652071,1120.0,83.7,synthetic_demo,POOR
2026-10-07T04:07:19.943559+00:00,Wi-Fi,Wi-Fi,105.37,6.4,24.39,7.11,3.21,28.4,62562991058,186755812169,52145079,155655775,1260.58,56.12,synthetic_demo,POOR
2026-10-07T04:07:24.943559+00:00,Ethernet0,Ethernet,13.59,0.0,0.27,149.79,56.8,,62598491064,186849429047,52174662,155733789,25218.14,19.32,synthetic_demo,GOOD
2026-10-07T04:07:29.943559+00:00,Wi-Fi,Wi-Fi,16.87,0.0,1.38,105.33,29.44,80.1,62616891860,186915258304,52189995,155788646,16451.18,35.97,synthetic_demo,GOOD
2026-10-07T04:07:34.943559+00:00,Wi-Fi,Wi-Fi,30.96,0.0,2.2,87.24,24.9,77.0,62632454609,186969785878,52202963,155834085,13689.52,35.93,synthetic_demo,GOOD
2026-10-07T04:07:39.943559+00:00,Wi-Fi,Wi-Fi,33.65,0.0,0.31,63.01,24.79,89.5,62647950718,187009164494,52215876,155866900,10717.72,32.42,synthetic_demo,GOOD
2026-10-07T04:07:44.943559+00:00,Wi-Fi,Wi-Fi,21.23,0.0,4.84,94.14,27.16,94.8,62664925442,187068001031,52230021,155915930,14806.89,21.32,synthetic_demo,GOOD
2026-10-07T04:07:49.943559+00:00,Wi-Fi,Wi-Fi,56.39,0.74,11.77,16.01,5.49,50.4,62668354670,187078004804,52232878,155924266,2623.63,72.79,synthetic_demo,MODERATE
2026-10-07T04:07:54.943559+00:00,Ethernet0,Ethernet,13.04,0.0,3.24,136.2,59.55,,62705572266,187163129626,52263892,155995203,23895.0,7.51,synthetic_demo,GOOD
2026-10-07T04:07:59.943559+00:00,Wi-Fi,Wi-Fi,121.66,3.16,21.16,8.15,3.66,65.9,62707862727,187168225407,52265800,155999449,1442.63,94.42,synthetic_demo,MODERATE
2026-10-07T04:08:04.943559+00:00,Ethernet0,Ethernet,10.78,0.0,0.89,160.37,60.45,,62745645588,187268453687,52297285,156082972,26955.3,20.07,synthetic_demo,GOOD
2026-10-07T04:08:09.943559+00:00,Wi-Fi,Wi-Fi,17.31,0.0,3.5,88.13,18.27,97.0,62757065763,187323537420,52306801,156128875,12989.04,35.51,synthetic_demo,GOOD
2026-10-07T04:08:14.943559+00:00,Wi-Fi,Wi-Fi,105.66,2.93,12.47,25.2,3.96,43.7,62759542186,187339287629,52308864,156142000,3559.89,68.65,synthetic_demo,MODERATE
2026-10-07T04:08:19.943559+00:00,Wi-Fi,Wi-Fi,113.48,1.99,26.75,4.7,2.55,63.7,62761136072,187342226420,52310192,156144448,885.29,85.96,synthetic_demo,POOR
2026-10-07T04:08:24.943559+00:00,Wi-Fi,Wi-Fi,45.9,1.04,17.53,7.6,4.37,65.3,62763865590,187346974863,52312466,156148405,1460.54,86.69,synthetic_demo,MODERATE
2026-10-07T04:08:29.943559+00:00,Wi-Fi,Wi-Fi,56.7,1.27,15.23,10.51,5.64,43.9,62767388722,187353541646,52315401,156153877,1970.69,52.0,synthetic_demo,MODERATE
2026-10-07T04:08:34.943559+00:00,Ethernet0,Ethernet,12.84,0.0,1.13,158.24,56.2,,62802512838,187452440463,52344671,156236292,26176.35,16.99,synthetic_demo,GOOD
2026-10-07T04:08:39.943559+00:00,Wi-Fi,Wi-Fi,77.09,2.17,19.12,4.95,4.75,39.0,62805479502,187455535614,52347143,156238871,1183.95,64.27,synthetic_demo,POOR
2026-10-07T04:08:44.943559+00:00,Ethernet0,Ethernet,13.83,0.09,0.1,117.49,73.32,,62851304812,187528964580,52385330,156300061,23291.85,32.46,synthetic_demo,GOOD
2026-10-07T04:08:49.943559+00:00,Wi-Fi,Wi-Fi,21.76,0.0,8.05,80.73,28.27,87.9,62868971516,187579418590,52400052,156342106,13304.83,23.93,synthetic_demo,MODERATE
2026-10-07T04:08:54.943559+00:00,Wi-Fi,Wi-Fi,32.81,0.0,4.43,70.31,17.21,75.5,62879725668,187623363776,52409013,156378726,10683.46,29.26,synthetic_demo,GOOD
2026-10-07T04:08:59.943559+00:00,Ethernet0,Ethernet,8.52,0.0,0.84,136.87,39.75,,62904571500,187708905212,52429717,156450010,21560.01,8.48,synthetic_demo,GOOD
2026-10-07T04:09:04.943559+00:00,Wi-Fi,Wi-Fi,13.1,0.0,1.23,92.23,24.44,79.4,62919845373,187766551571,52442445,156498048,14242.23,31.27,synthetic_demo,GOOD
2026-10-07T04:09:09.943559+00:00,Wi-Fi,Wi-Fi,225.29,18.34,25.43,1.41,0.34,29.9,62920060878,187767430022,52442624,156498780,213.66,88.93,synthetic_demo,POOR
2026-10-07T04:09:14.943559+00:00,Wi-Fi,Wi-Fi,253.47,53.47,45.82,0.48,0.43,17.1,62920330895,187767727621,52442849,156499027,110.86,89.34,synthetic_demo,POOR
2026-10-07T04:09:19.943559+00:00,Wi-Fi,Wi-Fi,28.15,0.0,3.72,51.04,15.44,95.2,62929978986,187799627052,52450889,156525609,8114.75,34.41,synthetic_demo,GOOD
2026-10-07T04:09:24.943559+00:00,Ethernet0,Ethernet,13.12,0.0,0.1,157.3,40.38,,62955214512,187897942555,52471918,156607538,24131.06,27.35,synthetic_demo,GOOD
2026-10-07T04:09:29.943559+00:00,Ethernet0,Ethernet,17.95,0.0,0.57,134.83,41.13,,62980922316,187982210952,52493341,156677761,21479.73,15.46,synthetic_demo,GOOD
2026-10-07T04:09:34.943559+00:00,Wi-Fi,Wi-Fi,31.99,0.0,2.71,72.97,31.86,77.7,63000832539,188027816951,52509932,156715765,12796.14,39.34,synthetic_demo,GOOD
2026-10-07T04:09:39.943559+00:00,Wi-Fi,Wi-Fi,155.06,57.13,51.98,1.87,0.59,23.4,63001200094,188028985765,52510238,156716739,300.07,85.98,synthetic_demo,POOR
2026-10-07T04:09:44.943559+00:00,Ethernet0,Ethernet,13.14,0.0,1.51,134.65,39.45,,63025857017,188113144123,52530785,156786870,21252.98,11.81,synthetic_demo,GOOD
2026-10-07T04:09:49.943559+00:00,Wi-Fi,Wi-Fi,179.71,2.77,21.3,9.32,1.1,80.5,63026541973,188118970718,52531355,156791725,1271.79,85.79,synthetic_demo,POOR
2026-10-07T04:09:54.943559+00:00,Ethernet0,Ethernet,12.58,0.0,1.93,165.66,49.01,,63057172150,188222511069,52556880,156878008,26205.18,26.07,synthetic_demo,GOOD
2026-10-07T04:09:59.943559+00:00,Ethernet0,Ethernet,111.34,38.88,32.5,0.26,0.91,,63057742818,188222671709,52557355,156878141,142.83,90.03,synthetic_demo,POOR
2026-10-07T04:10:04.943559+00:00,Wi-Fi,Wi-Fi,28.37,0.0,0.54,77.79,27.46,85.6,63074905967,188271290659,52571657,156918656,12848.07,44.22,synthetic_demo,GOOD
2026-10-07T04:10:09.943559+00:00,Ethernet0,Ethernet,155.99,2.95,32.85,7.62,1.54,,63075868985,188276053543,52572459,156922625,1118.34,91.31,synthetic_demo,POOR
2026-10-07T04:10:14.943559+00:00,Wi-Fi,Wi-Fi,26.04,0.0,2.08,115.16,28.15,92.5,63093461166,188348025985,52587119,156982602,17493.09,36.64,synthetic_demo,GOOD
2026-10-07T04:10:19.943559+00:00,Wi-Fi,Wi-Fi,61.13,2.58,14.34,5.47,6.27,39.7,63097382935,188351445456,52590387,156985451,1433.84,44.19,synthetic_demo,POOR
2026-10-07T04:10:24.943559+00:00,Ethernet0,Ethernet,11.07,0.0,1.31,113.39,56.68,,63132809960,188422312931,52619909,157044507,20760.64,19.88,synthetic_demo,GOOD
2026-10-07T04:10:29.943559+00:00,Ethernet0,Ethernet,11.45,0.0,0.1,182.26,65.53,,63173764476,188536227399,52654037,157139435,30247.85,22.5,synthetic_demo,GOOD
2026-10-07T04:10:34.943559+00:00,Ethernet0,Ethernet,265.9,17.67,60.56,0.86,0.35,,63173984961,188536767088,52654220,157139884,148.47,89.71,synthetic_demo,POOR
2026-10-07T04:10:39.943559+00:00,Wi-Fi,Wi-Fi,187.06,7.38,29.25,3.83,1.04,28.6,63174633565,188539162299,52654760,157141880,594.5,56.93,synthetic_demo,POOR
2026-10-07T04:10:44.943559+00:00,Wi-Fi,Wi-Fi,109.61,4.67,47.62,8.29,1.76,35.2,63175730469,188544344535,52655674,157146198,1226.39,84.54,synthetic_demo,POOR
2026-10-07T04:10:49.943559+00:00,Wi-Fi,Wi-Fi,85.81,1.11,15.23,24.11,3.86,54.7,63178144152,188559410825,52657685,157158753,3414.06,68.89,synthetic_demo,MODERATE
2026-10-07T04:10:54.943559+00:00,Wi-Fi,Wi-Fi,105.68,7.23,33.08,5.23,1.44,30.2,63179043280,188562680504,52658434,157161477,814.22,63.6,synthetic_demo,POOR
2026-10-07T04:10:59.943559+00:00,Ethernet0,Ethernet,11.39,0.0,0.45,154.72,40.52,,63204367892,188659377718,52679537,157242058,23832.39,12.33,synthetic_demo,GOOD
2026-10-07T04:11:04.943559+00:00,Wi-Fi,Wi-Fi,18.07,0.0,1.63,73.73,19.96,79.2,63216844344,188705461073,52689934,157280460,11437.46,17.56,synthetic_demo,GOOD
2026-10-07T04:11:09.943559+00:00,Wi-Fi,Wi-Fi,21.69,0.0,4.71,69.32,32.98,83.9,63237459041,188748785330,52707112,157316563,12488.08,15.74,synthetic_demo,GOOD
2026-10-07T04:11:14.943559+00:00,Wi-Fi,Wi-Fi,57.14,1.69,12.23,18.41,8.51,52.2,63242777170,188760293235,52711543,157326152,3286.33,43.6,synthetic_demo,MODERATE
2026-10-07T04:11:19.943559+00:00,Wi-Fi,Wi-Fi,28.99,0.03,7.74,84.29,27.45,86.9,63259933859,188812972476,52725840,157370051,13639.83,28.44,synthetic_demo,GOOD
2026-10-07T04:11:24.943559+00:00,Ethernet0,Ethernet,14.06,0.0,0.75,140.3,61.88,,63298608027,188900657148,52758068,157443121,24679.46,5.79,synthetic_demo,GOOD
2026-10-07T04:11:29.943559+00:00,Wi-Fi,Wi-Fi,57.98,3.08,5.0,7.01,8.35,40.3,63303823848,188905037315,52762414,157446771,1874.22,73.01,synthetic_demo,MODERATE
2026-10-07T04:11:34.943559+00:00,Wi-Fi,Wi-Fi,182.61,11.9,58.14,9.32,1.25,43.9,63304605952,188910862828,52763065,157451625,1290.55,58.57,synthetic_demo,POOR
2026-10-07T04:11:39.943559+00:00,Wi-Fi,Wi-Fi,39.31,0.0,7.96,85.3,21.04,79.7,63317759035,188964176574,52774025,157496053,12981.8,43.61,synthetic_demo,GOOD
2026-10-07T04:11:44.943559+00:00,Ethernet0,Ethernet,16.84,0.0,0.41,132.6,49.75,,63348853376,189047051676,52799936,157565115,22259.66,30.99,synthetic_demo,GOOD
2026-10-07T04:11:49.943559+00:00,Ethernet0,Ethernet,12.09,0.0,1.09,133.65,47.4,,63378480216,189130585756,52824625,157634726,22101.74,15.41,synthetic_demo,GOOD
2026-10-07T04:11:54.943559+00:00,Ethernet0,Ethernet,10.11,0.0,0.65,97.26,58.32,,63414930558,189191371885,52855000,157685381,18991.5,27.58,synthetic_demo,GOOD
2026-10-07T04:11:59.943559+00:00,Wi-Fi,Wi-Fi,24.04,0.32,13.8,53.83,29.11,90.1,63433123901,189225016362,52870161,157713418,10124.57,34.35,synthetic_demo,MODERATE
2026-10-07T04:12:04.943559+00:00,Wi-Fi,Wi-Fi,55.63,1.69,10.68,9.76,7.87,46.1,63438045062,189231115187,52874261,157718500,2152.34,71.47,synthetic_demo,MODERATE
2026-10-07T04:12:09.943559+00:00,Wi-Fi,Wi-Fi,56.14,0.67,14.69,10.64,4.36,51.9,63440770059,189237766917,52876531,157724043,1831.39,65.82,synthetic_demo,MODERATE
2026-10-07T04:12:14.943559+00:00,Ethernet0,Ethernet,66.76,1.76,35.95,19.29,5.93,,63444473311,189249823626,52879617,157734090,3078.12,90.5,synthetic_demo,POOR
2026-10-07T04:12:19.943559+00:00,Wi-Fi,Wi-Fi,25.9,0.0,2.91,83.41,30.66,80.3,63463635271,189301955838,52895585,157777533,13924.64,30.88,synthetic_demo,GOOD
2026-10-07T04:12:24.943559+00:00,Wi-Fi,Wi-Fi,104.29,7.52,29.25,2.67,1.31,41.5,63464454955,189303625832,52896268,157778924,486.27,67.45,synthetic_demo,POOR
2026-10-07T04:12:29.943559+00:00,Ethernet0,Ethernet,11.16,0.0,1.05,125.41,77.58,,63512939547,189382004100,52936671,157844239,24777.9,31.79,synthetic_demo,GOOD
2026-10-07T04:12:34.943559+00:00,Wi-Fi,Wi-Fi,19.5,0.0,2.91,77.54,20.3,94.7,63525623954,189430469645,52947241,157884626,11943.35,17.1,synthetic_demo,GOOD
2026-10-07T04:12:39.943559+00:00,Wi-Fi,Wi-Fi,131.34,6.95,40.09,8.8,2.03,36.5,63526892689,189435967149,52948298,157889207,1321.53,63.39,synthetic_demo,POOR
2026-10-07T04:12:44.943559+00:00,Ethernet0,Ethernet,10.49,0.0,2.87,151.19,47.73,,63556725956,189530461804,52973159,157967952,24282.8,16.83,synthetic_demo,GOOD
2026-10-07T04:12:49.943559+00:00,Ethernet0,Ethernet,9.33,0.0,1.33,161.75,45.81,,63585357989,189631553833,52997019,158052195,25336.73,22.71,synthetic_demo,GOOD
2026-10-07T04:12:54.943559+00:00,Wi-Fi,Wi-Fi,125.75,7.65,33.7,10.78,4.21,27.5,63587988026,189638290959,52999210,158057809,1829.52,73.7,synthetic_demo,POOR
2026-10-07T04:12:59.943559+00:00,Wi-Fi,Wi-Fi,25.8,0.0,5.15,68.65,21.16,96.9,63601214042,189681196846,53010231,158093563,10963.26,29.36,synthetic_demo,GOOD
2026-10-07T04:13:04.943559+00:00,Ethernet0,Ethernet,124.46,1.89,23.5,13.9,5.82,,63604852949,189689882147,53013263,158100800,2407.07,93.11,synthetic_demo,MODERATE
2026-10-07T04:13:09.943559+00:00,Ethernet0,Ethernet,10.7,0.0,0.86,152.7,55.65,,63639631418,189785318073,53042245,158180329,25432.5,34.22,synthetic_demo,GOOD
2026-10-07T04:13:14.943559+00:00,Wi-Fi,Wi-Fi,133.34,2.07,15.79,8.73,2.38,72.2,63641121174,189790774208,53043486,158184875,1356.62,97.88,synthetic_demo,MODERATE
2026-10-07T04:13:19.943559+00:00,Wi-Fi,Wi-Fi,23.8,0.0,5.54,68.27,31.19,91.3,63660615471,189833444792,53059731,158220433,12141.58,36.4,synthetic_demo,GOOD
2026-10-07T04:13:24.943559+00:00,Ethernet0,Ethernet,13.04,0.0,0.1,143.2,63.78,,63700477492,189922947713,53092949,158295018,25266.59,21.55,synthetic_demo,GOOD
2026-10-07T04:13:29.943559+00:00,Wi-Fi,Wi-Fi,97.35,1.14,2.56,15.35,4.65,41.6,63703381060,189932542687,53095368,158303013,2441.12,53.29,synthetic_demo,MODERATE
2026-10-07T04:13:34.943559+00:00,Ethernet0,Ethernet,13.39,0.0,0.1,115.22,61.38,,63741742367,190004556655,53127335,158363024,21557.67,21.85,synthetic_demo,GOOD
2026-10-07T04:13:39.943559+00:00,Wi-Fi,Wi-Fi,25.03,0.0,3.6,98.64,26.7,96.6,63758429034,190066208757,53141240,158414400,15300.54,33.79,synthetic_demo,GOOD
2026-10-07T04:13:44.943559+00:00,Ethernet0,Ethernet,7.85,0.0,0.21,91.98,46.66,,63787590920,190123695374,53165541,158462305,16923.54,28.35,synthetic_demo,GOOD
2026-10-07T04:13:49.943559+00:00,Ethernet0,Ethernet,7.69,0.0,0.1,133.52,30.42,,63806602940,190207142508,53181384,158531844,20011.55,21.66,synthetic_demo,GOOD
2026-10-07T04:13:54.943559+00:00,Wi-Fi,Wi-Fi,21.11,0.0,0.12,92.05,24.94,85.5,63822190820,190264672914,53194373,158579786,14280.92,28.24,synthetic_demo,GOOD
2026-10-07T04:13:59.943559+00:00,Ethernet0,Ethernet,5.91,0.0,0.2,144.16,55.06,,63856602791,190354773182,53223049,158654869,24318.8,13.26,synthetic_demo,GOOD
2026-10-07T04:14:04.943559+00:00,Wi-Fi,Wi-Fi,115.58,11.61,37.84,8.94,2.67,25.8,63858269040,190360363137,53224437,158659527,1417.23,60.19,synthetic_demo,POOR
2026-10-07T04:14:09.943559+00:00,Ethernet0,Ethernet,12.26,0.0,1.27,148.89,39.76,,63883117596,190453420957,53245144,158737075,23028.59,26.6,synthetic_demo,GOOD
2026-10-07T04:14:14.943559+00:00,Wi-Fi,Wi-Fi,27.5,0.06,0.99,65.15,27.25,80.1,63900146442,190494137339,53259334,158771005,11278.36,13.35,synthetic_demo,GOOD
2026-10-07T04:14:19.943559+00:00,Ethernet0,Ethernet,12.95,0.0,1.57,154.02,38.08,,63923946230,190590400909,53279167,158851224,23449.87,31.17,synthetic_demo,GOOD
2026-10-07T04:14:24.943559+00:00,Wi-Fi,Wi-Fi,29.34,0.0,5.08,55.63,26.93,77.7,63940775342,190625166719,53293191,158880195,10077.13,44.59,synthetic_demo,GOOD
2026-10-07T04:14:29.943559+00:00,Wi-Fi,Wi-Fi,319.09,35.34,20.64,0.33,0.93,26.9,63941356708,190625373083,53293675,158880366,153.85,79.3,synthetic_demo,POOR
2026-10-07T04:14:34.943559+00:00,Ethernet0,Ethernet,8.92,0.0,2.16,161.2,36.59,,63964225064,190726125340,53312731,158964326,24144.65,12.65,synthetic_demo,GOOD
2026-10-07T04:14:39.943559+00:00,Ethernet0,Ethernet,262.4,29.67,41.23,0.19,0.17,,63964329763,190726242113,53312818,158964423,43.26,89.65,synthetic_demo,POOR
2026-10-07T04:14:44.943559+00:00,Ethernet0,Ethernet,13.65,0.0,1.77,123.74,30.42,,63983345149,190803578035,53328664,159028869,18818.61,9.37,synthetic_demo,GOOD
2026-10-07T04:14:49.943559+00:00,Wi-Fi,Wi-Fi,107.84,2.78,17.11,13.98,2.47,65.5,63984890042,190812315706,53329951,159036150,2008.31,92.44,synthetic_demo,MODERATE
2026-10-07T04:14:54.943559+00:00,Wi-Fi,Wi-Fi,85.44,1.37,16.72,18.73,6.45,53.5,63988924407,190824023743,53333312,159045906,3074.69,46.18,synthetic_demo,MODERATE
2026-10-07T04:14:59.943559+00:00,Wi-Fi,Wi-Fi,95.35,7.25,35.29,3.38,3.21,35.8,63990929377,190826137759,53334982,159047667,804.49,76.12,synthetic_demo,POOR
2026-10-07T04:15:04.943559+00:00,Wi-Fi,Wi-Fi,99.89,0.61,17.55,21.82,8.96,54.6,63996529104,190839772589,53339648,159059029,3756.75,46.81,synthetic_demo,MODERATE
2026-10-07T04:15:09.943559+00:00,Wi-Fi,Wi-Fi,88.91,2.01,12.96,27.34,2.89,37.8,63998333380,190856857033,53341151,159073266,3689.2,51.9,synthetic_demo,POOR
2026-10-07T04:15:14.943559+00:00,Ethernet0,Ethernet,13.85,0.0,0.1,157.91,65.61,,64039339336,190955552171,53375322,159155511,27285.37,11.25,synthetic_demo,GOOD
2026-10-07T04:15:19.943559+00:00,Ethernet0,Ethernet,11.83,0.0,0.84,171.02,45.13,,64067548000,191062440576,53398829,159244584,26386.15,19.9,synthetic_demo,GOOD
2026-10-07T04:15:24.943559+00:00,Wi-Fi,Wi-Fi,93.09,7.2,37.19,6.56,0.72,39.8,64067994910,191066541291,53399201,159248001,888.21,68.57,synthetic_demo,POOR
2026-10-07T04:15:29.943559+00:00,Wi-Fi,Wi-Fi,18.24,0.0,5.04,78.17,29.57,79.3,64086473652,191115399567,53414599,159288716,13151.76,26.32,synthetic_demo,GOOD
2026-10-07T04:15:34.943559+00:00,Wi-Fi,Wi-Fi,10.9,0.0,1.92,77.73,17.86,95.8,64097639209,191163978899,53423903,159329198,11668.92,40.99,synthetic_demo,GOOD
2026-10-07T04:15:39.943559+00:00,Ethernet0,Ethernet,102.12,2.12,31.93,8.6,6.26,,64101549686,191169354191,53427161,159333677,1813.63,86.74,synthetic_demo,POOR
2026-10-07T04:15:44.943559+00:00,Wi-Fi,Wi-Fi,33.08,0.0,6.96,71.27,21.8,86.7,64115172654,191213897006,53438513,159370796,11360.5,34.01,synthetic_demo,GOOD
2026-10-07T04:15:49.943559+00:00,Wi-Fi,Wi-Fi,259.28,53.71,48.33,2.46,0.16,20.5,64115272609,191215432904,53438596,159372075,319.5,72.31,synthetic_demo,POOR
2026-10-07T04:15:54.943559+00:00,Wi-Fi,Wi-Fi,152.23,1.56,32.14,9.87,3.48,74.2,64117449156,191221603877,53440409,159377217,1630.38,90.04,synthetic_demo,POOR
2026-10-07T04:15:59.943559+00:00,Wi-Fi,Wi-Fi,85.48,1.33,18.54,13.27,6.25,48.2,64121356301,191229896652,53443664,159384127,2382.8,63.51,synthetic_demo,MODERATE
2026-10-07T04:16:04.943559+00:00,Wi-Fi,Wi-Fi,146.96,9.05,20.27,7.87,1.97,27.2,64122587408,191234813173,53444689,159388224,1200.71,64.23,synthetic_demo,POOR
2026-10-07T04:16:09.943559+00:00,Ethernet0,Ethernet,11.33,0.0,1.66,168.17,30.05,,64141368573,191339919722,53460339,159475812,24196.82,23.83,synthetic_demo,GOOD
2026-10-07T04:16:14.943559+00:00,Wi-Fi,Wi-Fi,22.35,0.0,3.16,56.21,28.93,80.7,64159449747,191375048194,53475406,159505085,10392.51,22.96,synthetic_demo,GOOD
2026-10-07T04:16:19.943559+00:00,Wi-Fi,Wi-Fi,28.91,0.0,0.73,58.43,24.48,77.9,64174751019,191411567639,53488157,159535517,10121.23,17.45,synthetic_demo,GOOD
2026-10-07T04:16:24.943559+00:00,Ethernet0,Ethernet,14.53,0.0,0.62,149.64,61.88,,64213427724,191505094995,53520387,159613456,25821.11,32.46,synthetic_demo,GOOD
2026-10-07T04:16:29.943559+00:00,Wi-Fi,Wi-Fi,132.8,1.82,24.32,11.47,2.34,84.0,64214891810,191512266249,53521607,159619432,1686.59,93.87,synthetic_demo,MODERATE
2026-10-07T04:16:34.943559+00:00,Wi-Fi,Wi-Fi,183.05,4.8,43.53,3.62,1.9,31.3,64216077929,191514526746,53522595,159621315,673.17,78.76,synthetic_demo,POOR
2026-10-07T04:16:39.943559+00:00,Wi-Fi,Wi-Fi,23.17,0.0,0.73,57.47,23.8,83.8,64230950689,191550446447,53534988,159651248,9920.4,44.31,synthetic_demo,GOOD
2026-10-07T04:16:44.943559+00:00,Wi-Fi,Wi-Fi,19.24,0.0,5.92,60.07,29.82,77.2,64249586073,191587992979,53550517,159682536,10973.03,40.61,synthetic_demo,GOOD
2026-10-07T04:16:49.943559+00:00,Wi-Fi,Wi-Fi,174.59,24.01,37.76,1.14,0.46,18.2,64249871621,191588707234,53550754,159683131,195.27,97.49,synthetic_demo,POOR
2026-10-07T04:16:54.943559+00:00,Wi-Fi,Wi-Fi,24.17,0.0,3.83,74.15,27.8,91.0,64267247826,191635053983,53565234,159721753,12445.89,16.8,synthetic_demo,GOOD
2026-10-07T04:16:59.943559+00:00,Wi-Fi,Wi-Fi,25.56,0.0,2.21,60.44,27.4,88.8,64284372095,191672828914,53579504,159753232,10722.5,40.28,synthetic_demo,GOOD
2026-10-07T04:17:04.943559+00:00,Wi-Fi,Wi-Fi,29.45,0.0,0.33,93.49,28.35,90.9,64302088661,191731260197,53594267,159801924,14872.63,32.59,synthetic_demo,GOOD
2026-10-07T04:17:09.943559+00:00,Wi-Fi,Wi-Fi,94.85,8.65,5.44,4.62,1.99,31.6,64303331615,191734147587,53595302,159804330,806.71,64.29,synthetic_demo,POOR
2026-10-07T04:17:14.943559+00:00,Wi-Fi,Wi-Fi,61.56,3.49,17.11,19.85,3.38,50.4,64305443305,191746551157,53597061,159814666,2835.01,68.27,synthetic_demo,MODERATE
2026-10-07T04:17:19.943559+00:00,Ethernet0,Ethernet,90.16,3.51,21.78,14.05,4.14,,64308031817,191755329946,53599218,159821981,2220.18,98.85,synthetic_demo,MODERATE
2026-10-07T04:17:24.943559+00:00,Wi-Fi,Wi-Fi,81.45,6.7,47.2,8.77,2.42,31.3,64309546230,191760808209,53600480,159826546,1365.76,79.9,synthetic_demo,POOR
2026-10-07T04:17:29.943559+00:00,Wi-Fi,Wi-Fi,18.16,0.0,5.25,69.9,30.26,79.1,64328458616,191804497000,53616240,159862953,12226.79,13.22,synthetic_demo,GOOD
2026-10-07T04:17:34.943559+00:00,Wi-Fi,Wi-Fi,19.04,0.0,3.9,75.84,29.57,78.6,64346938209,191851898983,53631639,159902454,12867.5,27.29,synthetic_demo,GOOD
2026-10-07T04:17:39.943559+00:00,Wi-Fi,Wi-Fi,137.78,5.72,15.82,3.5,2.7,38.6,64348626927,191854087194,53633046,159904277,757.21,80.82,synthetic_demo,POOR
2026-10-07T04:17:44.943559+00:00,Wi-Fi,Wi-Fi,22.85,0.0,1.94,85.28,26.52,83.8,64365202344,191907388646,53646858,159948694,13647.83,20.96,synthetic_demo,GOOD
2026-10-07T04:17:49.943559+00:00,Ethernet0,Ethernet,109.15,2.28,17.6,10.75,2.42,,64366712479,191914105205,53648116,159954291,1606.78,95.12,synthetic_demo,MODERATE
2026-10-07T04:17:54.943559+00:00,Wi-Fi,Wi-Fi,291.44,59.49,44.58,1.97,0.85,28.8,64367246245,191915336733,53648560,159955317,344.78,94.05,synthetic_demo,POOR
2026-10-07T04:17:59.943559+00:00,Wi-Fi,Wi-Fi,100.41,3.2,20.31,24.59,7.54,39.3,64371958142,191930705444,53652486,159968124,3921.99,71.94,synthetic_demo,POOR
2026-10-07T04:18:04.943559+00:00,Wi-Fi,Wi-Fi,122.56,2.0,18.69,9.68,2.87,60.9,64373752968,191936754388,53653981,159973164,1531.99,86.27,synthetic_demo,MODERATE
2026-10-07T04:18:09.943559+00:00,Wi-Fi,Wi-Fi,170.93,7.86,34.6,9.52,2.48,32.1,64375301826,191942707331,53655271,159978124,1465.2,72.9,synthetic_demo,POOR
2026-10-07T04:18:14.943559+00:00,Wi-Fi,Wi-Fi,180.41,6.13,18.4,0.47,2.05,37.0,64376580032,191943001610,53656336,159978369,307.13,64.99,synthetic_demo,POOR
2026-10-07T04:18:19.943559+00:00,Wi-Fi,Wi-Fi,19.64,0.0,4.58,62.57,28.5,86.2,64394392386,191982106075,53671179,160010956,11116.57,12.53,synthetic_demo,GOOD
2026-10-07T04:18:24.943559+00:00,Ethernet0,Ethernet,10.22,0.0,3.35,125.66,53.96,,64428119675,192060644443,53699285,160076404,21926.89,26.11,synthetic_demo,GOOD
2026-10-07T04:18:29.943559+00:00,Wi-Fi,Wi-Fi,22.4,0.0,1.04,89.91,24.11,92.3,64443187639,192116839597,53711841,160123233,13918.58,26.05,synthetic_demo,GOOD
2026-10-07T04:18:34.943559+00:00,Wi-Fi,Wi-Fi,87.65,2.02,8.43,10.25,3.06,80.2,64445102064,192123244536,53713436,160128570,1624.88,87.42,synthetic_demo,MODERATE
2026-10-07T04:18:39.943559+00:00,Wi-Fi,Wi-Fi,25.8,0.0,1.79,84.22,27.58,79.7,64462338575,192175884700,53727799,160172436,13647.79,33.7,synthetic_demo,GOOD
2026-10-07T04:18:44.943559+00:00,Wi-Fi,Wi-Fi,95.55,1.36,17.84,15.32,3.91,66.6,64464783531,192185457903,53729836,160180413,2347.3,92.59,synthetic_demo,MODERATE
2026-10-07T04:18:49.943559+00:00,Wi-Fi,Wi-Fi,16.26,0.0,2.46,60.84,29.92,76.2,64483480438,192223483495,53745416,160212100,11078.61,12.98,synthetic_demo,GOOD
2026-10-07T04:18:54.943559+00:00,Wi-Fi,Wi-Fi,67.11,3.47,18.82,21.74,3.15,47.6,64485446783,192237069875,53747054,160223421,3037.64,43.24,synthetic_demo,MODERATE
2026-10-07T04:18:59.943559+00:00,Ethernet0,Ethernet,16.57,0.0,1.17,152.5,54.16,,64519295791,192332384466,53775261,160302849,25227.27,9.55,synthetic_demo,GOOD
2026-10-07T04:19:04.943559+00:00,Wi-Fi,Wi-Fi,40.44,3.71,22.23,14.9,2.67,83.6,64520966894,192341695125,53776653,160310607,2144.88,92.99,synthetic_demo,MODERATE
2026-10-07T04:19:09.943559+00:00,Wi-Fi,Wi-Fi,86.78,3.14,12.35,11.68,8.07,38.8,64526012574,192348996657,53780857,160316691,2411.56,61.85,synthetic_demo,POOR
2026-10-07T04:19:14.943559+00:00,Ethernet0,Ethernet,17.17,0.0,0.22,145.78,36.66,,64548923283,192440111765,53799949,160392620,22270.67,23.58,synthetic_demo,GOOD
2026-10-07T04:19:19.943559+00:00,Wi-Fi,Wi-Fi,21.21,0.0,3.46,65.02,27.86,96.2,64566335326,192480747384,53814459,160426483,11337.43,37.55,synthetic_demo,GOOD
2026-10-07T04:19:24.943559+00:00,Ethernet0,Ethernet,102.74,2.18,24.96,11.64,2.72,,64568038413,192488022577,53815878,160432545,1753.57,92.09,synthetic_demo,MODERATE
2026-10-07T04:19:29.943559+00:00,Wi-Fi,Wi-Fi,21.9,0.17,0.63,77.47,28.79,82.5,64586032045,192536444331,53830872,160472896,12971.76,11.6,synthetic_demo,GOOD
2026-10-07T04:19:34.943559+00:00,Ethernet0,Ethernet,14.91,0.0,1.76,156.95,52.86,,64619067488,192634534979,53858401,160554638,25610.56,6.45,synthetic_demo,GOOD
2026-10-07T04:19:39.943559+00:00,Ethernet0,Ethernet,266.68,39.24,54.42,0.66,0.98,,64619677447,192634950194,53858909,160554984,200.23,77.3,synthetic_demo,POOR
2026-10-07T04:19:44.943559+00:00,Ethernet0,Ethernet,125.48,2.15,15.25,19.02,2.28,,64621104179,192646836412,53860097,160564889,2600.19,98.69,synthetic_demo,MODERATE
2026-10-07T04:19:49.943559+00:00,Wi-Fi,Wi-Fi,197.25,26.37,20.38,2.06,0.14,24.1,64621190051,192648124944,53860168,160565962,268.44,86.02,synthetic_demo,POOR
2026-10-07T04:19:54.943559+00:00,Wi-Fi,Wi-Fi,24.77,0.0,1.77,50.62,21.59,96.4,64634681314,192679761949,53871410,160592326,8814.11,31.6,synthetic_demo,GOOD
2026-10-07T04:19:59.943559+00:00,Wi-Fi,Wi-Fi,30.59,0.0,2.49,88.45,24.53,85.5,64650010373,192735041675,53884184,160638392,13790.78,13.64,synthetic_demo,GOOD
2026-10-07T04:20:04.943559+00:00,Wi-Fi,Wi-Fi,194.18,10.24,45.35,5.71,2.73,32.0,64651715165,192738612443,53885604,160641367,1030.38,67.18,synthetic_demo,POOR
2026-10-07T04:20:09.943559+00:00,Wi-Fi,Wi-Fi,40.79,1.6,14.89,8.08,3.48,40.6,64653892992,192743662502,53887418,160645575,1411.7,48.06,synthetic_demo,MODERATE
2026-10-07T04:20:14.943559+00:00,Ethernet0,Ethernet,141.26,2.03,14.74,10.06,4.66,,64656804740,192749952562,53889844,160650816,1797.23,87.21,synthetic_demo,POOR
2026-10-07T04:20:19.943559+00:00,Wi-Fi,Wi-Fi,27.91,0.0,0.23,78.78,25.7,93.5,64672864650,192799190781,53903227,160691847,12753.54,22.0,synthetic_demo,GOOD
2026-10-07T04:20:24.943559+00:00,Wi-Fi,Wi-Fi,24.6,0.0,2.52,78.0,22.89,87.4,64687172237,192847942028,53915149,160732473,12316.18,30.04,synthetic_demo,GOOD
2026-10-07T04:20:29.943559+00:00,Ethernet0,Ethernet,10.65,0.0,1.77,191.05,58.82,,64723934721,192967349132,53945784,160831978,30501.87,31.37,synthetic_demo,GOOD
2026-10-07T04:20:34.943559+00:00,Ethernet0,Ethernet,13.04,0.0,0.59,106.3,54.59,,64758054599,193033789156,53974217,160887344,19640.61,13.32,synthetic_demo,GOOD
2026-10-07T04:20:39.943559+00:00,Ethernet0,Ethernet,16.99,0.0,4.63,163.03,40.78,,64783544884,193135685201,53995458,160972257,24880.14,25.03,synthetic_demo,GOOD
2026-10-07T04:20:44.943559+00:00,Ethernet0,Ethernet,8.37,0.0,0.1,127.98,41.61,,64809548737,193215671732,54017127,161038912,20701.25,30.2,synthetic_demo,GOOD
2026-10-07T04:20:49.943559+00:00,Ethernet0,Ethernet,212.34,24.23,50.49,0.52,0.28,,64809720964,193215999084,54017270,161039184,97.57,77.04,synthetic_demo,POOR
2026-10-07T04:20:54.943559+00:00,Ethernet0,Ethernet,7.0,0.0,0.63,145.53,44.4,,64837471477,193306953145,54040395,161114979,23184.49,12.19,synthetic_demo,GOOD
2026-10-07T04:20:59.943559+00:00,Wi-Fi,Wi-Fi,106.42,1.97,24.01,20.79,5.18,63.3,64840710041,193319948957,54043093,161125808,3170.78,88.19,synthetic_demo,MODERATE
2026-10-07T04:21:04.943559+00:00,Wi-Fi,Wi-Fi,108.47,9.57,38.03,2.93,2.07,33.4,64842006650,193321782812,54044173,161127336,611.42,84.71,synthetic_demo,POOR
2026-10-07T04:21:09.943559+00:00,Wi-Fi,Wi-Fi,50.26,3.39,12.04,11.97,3.32,52.1,64844084555,193329263094,54045904,161133569,1866.83,51.55,synthetic_demo,MODERATE
2026-10-07T04:21:14.943559+00:00,Ethernet0,Ethernet,9.7,0.0,7.77,141.13,59.83,,64881476603,193417466707,54077064,161207072,24530.4,26.34,synthetic_demo,GOOD
2026-10-07T04:21:19.943559+00:00,Ethernet0,Ethernet,94.97,2.79,24.9,14.92,5.15,,64884692785,193426789744,54079744,161214841,2449.07,98.49,synthetic_demo,MODERATE
2026-10-07T04:21:24.943559+00:00,Wi-Fi,Wi-Fi,71.59,1.93,12.56,11.32,3.77,38.5,64887050934,193433864761,54081709,161220736,1842.42,68.45,synthetic_demo,MODERATE
2026-10-07T04:21:29.943559+00:00,Ethernet0,Ethernet,111.55,3.22,11.07,12.79,3.07,,64888970256,193441859111,54083308,161227397,1936.26,87.09,synthetic_demo,MODERATE
2026-10-07T04:21:34.943559+00:00,Ethernet0,Ethernet,109.11,1.46,15.17,6.39,4.79,,64891963686,193445854911,54085802,161230726,1365.08,95.79,synthetic_demo,MODERATE
2026-10-07T04:21:39.943559+00:00,Ethernet0,Ethernet,302.26,37.51,59.11,0.75,0.64,,64892363479,193446322188,54086135,161231115,169.35,98.71,synthetic_demo,POOR
2026-10-07T04:21:44.943559+00:00,Wi-Fi,Wi-Fi,108.26,3.3,21.49,18.99,6.01,38.2,64896119838,193458192105,54089265,161241006,3052.01,58.8,synthetic_demo,POOR
2026-10-07T04:21:49.943559+00:00,Wi-Fi,Wi-Fi,23.82,0.0,0.76,53.21,21.73,78.1,64909699016,193491445404,54100580,161268717,9146.97,38.33,synthetic_demo,GOOD
2026-10-07T04:21:54.943559+00:00,Wi-Fi,Wi-Fi,53.96,1.16,13.68,17.73,6.58,43.2,64913812858,193502524466,54104008,161277949,2967.36,44.95,synthetic_demo,MODERATE
2026-10-07T04:21:59.943559+00:00,Ethernet0,Ethernet,12.72,0.0,1.4,130.12,38.27,,64937730590,193583851582,54123939,161345721,20555.63,8.03,synthetic_demo,GOOD
2026-10-07T04:22:04.943559+00:00,Wi-Fi,Wi-Fi,109.01,8.11,41.08,6.21,2.12,26.1,64939055957,193587734542,54125043,161348956,1017.25,50.29,synthetic_demo,POOR
2026-10-07T04:22:09.943559+00:00,Ethernet0,Ethernet,12.66,0.0,0.26,178.84,53.34,,64972396411,193699511340,54152826,161442103,28343.21,31.73,synthetic_demo,GOOD
2026-10-07T04:22:14.943559+00:00,Wi-Fi,Wi-Fi,27.28,0.0,0.97,74.18,24.77,79.4,64987876462,193745874109,54165726,161480738,12078.68,37.0,synthetic_demo,GOOD
2026-10-07T04:22:19.943559+00:00,Wi-Fi,Wi-Fi,137.47,8.72,32.89,5.38,3.06,34.1,64989786603,193749234238,54167317,161483538,1029.35,54.47,synthetic_demo,POOR
2026-10-07T04:22:24.943559+00:00,Wi-Fi,Wi-Fi,73.66,0.94,8.46,24.54,7.45,51.7,64994444144,193764572139,54171198,161496319,3905.36,63.06,synthetic_demo,MODERATE
2026-10-07T04:22:29.943559+00:00,Wi-Fi,Wi-Fi,20.38,0.0,5.51,68.15,22.9,75.7,65008757186,193807164673,54183125,161531812,11114.37,19.32,synthetic_demo,GOOD
2026-10-07T04:22:34.943559+00:00,Wi-Fi,Wi-Fi,34.31,0.0,2.15,47.65,21.85,89.0,65022410728,193836946266,54194502,161556629,8483.42,43.82,synthetic_demo,GOOD
2026-10-07T04:22:39.943559+00:00,Wi-Fi,Wi-Fi,63.06,8.33,29.7,2.2,2.45,40.6,65023941184,193838320047,54195777,161557773,567.23,66.63,synthetic_demo,POOR
2026-10-07T04:22:44.943559+00:00,Wi-Fi,Wi-Fi,27.94,0.0,2.62,60.55,24.64,84.6,65039340318,193876166817,54208609,161589311,10399.59,41.87,synthetic_demo,GOOD
2026-10-07T04:22:49.943559+00:00,Wi-Fi,Wi-Fi,149.1,8.54,45.32,3.33,0.49,31.0,65039647043,193878248556,54208864,161591045,466.5,63.85,synthetic_demo,POOR
2026-10-07T04:22:54.943559+00:00,Ethernet0,Ethernet,14.33,0.0,4.29,140.13,44.89,,65067702674,193965827579,54232243,161664027,22584.89,24.41,synthetic_demo,GOOD
2026-10-07T04:22:59.943559+00:00,Ethernet0,Ethernet,87.88,3.45,31.79,3.06,6.4,,65071703874,193967740041,54235577,161665620,1155.01,96.35,synthetic_demo,POOR
2026-10-07T04:23:04.943559+00:00,Wi-Fi,Wi-Fi,155.0,8.54,27.93,5.85,2.07,43.7,65072996856,193971393864,54236654,161668664,966.17,74.08,synthetic_demo,POOR
2026-10-07T04:23:09.943559+00:00,Ethernet0,Ethernet,8.91,0.0,0.88,187.51,65.16,,65113720945,194088589191,54270590,161766326,30843.64,13.55,synthetic_demo,GOOD
2026-10-07T04:23:14.943559+00:00,Wi-Fi,Wi-Fi,24.96,0.0,4.48,77.47,24.05,89.4,65128754487,194137007078,54283117,161806674,12392.86,28.87,synthetic_demo,GOOD
2026-10-07T04:23:19.943559+00:00,Ethernet0,Ethernet,13.77,0.0,0.99,136.6,35.91,,65151200256,194222379859,54301821,161877817,21058.31,27.63,synthetic_demo,GOOD
2026-10-07T04:23:24.943559+00:00,Ethernet0,Ethernet,91.55,1.58,24.09,12.92,3.03,,65153094351,194230456089,54303399,161884547,1947.33,98.53,synthetic_demo,MODERATE
2026-10-07T04:23:29.943559+00:00,Wi-Fi,Wi-Fi,48.71,0.78,19.75,38.02,2.76,53.5,65154819076,194254221271,54304836,161904351,4978.5,49.45,synthetic_demo,MODERATE
2026-10-07T04:23:34.943559+00:00,Wi-Fi,Wi-Fi,95.4,2.45,6.27,17.82,10.11,50.7,65161136645,194265357002,54310100,161913630,3408.85,42.84,synthetic_demo,MODERATE
2026-10-07T04:23:39.943559+00:00,Ethernet0,Ethernet,15.02,0.0,0.27,137.28,54.26,,65195051749,194351157133,54338362,161985130,23381.88,29.97,synthetic_demo,GOOD
2026-10-07T04:23:44.943559+00:00,Ethernet0,Ethernet,9.54,0.0,0.24,181.17,34.15,,65216396038,194464390521,54356148,162079491,26284.7,34.89,synthetic_demo,GOOD
2026-10-07T04:23:49.943559+00:00,Ethernet0,Ethernet,11.58,0.0,0.24,131.68,72.58,,65261756393,194546690076,54393948,162148073,24933.58,13.8,synthetic_demo,GOOD
2026-10-07T04:23:54.943559+00:00,Wi-Fi,Wi-Fi,24.22,0.0,4.2,71.47,26.28,77.9,65278182708,194591360200,54407636,162185298,11932.9,37.07,synthetic_demo,GOOD
2026-10-07T04:23:59.943559+00:00,Wi-Fi,Wi-Fi,81.6,2.24,27.5,11.63,3.41,45.9,65280311023,194598629571,54409409,162191355,1835.49,52.4,synthetic_demo,POOR
2026-10-07T04:24:04.943559+00:00,Wi-Fi,Wi-Fi,138.6,11.31,43.28,7.55,2.39,43.6,65281807124,194603349629,54410655,162195288,1214.09,68.9,synthetic_demo,POOR
2026-10-07T04:24:09.943559+00:00,Wi-Fi,Wi-Fi,86.19,2.48,28.9,15.02,1.75,83.2,65282900250,194612739344,54411565,162203112,2047.43,95.83,synthetic_demo,POOR
2026-10-07T04:24:14.943559+00:00,Wi-Fi,Wi-Fi,25.63,0.0,5.01,55.12,19.63,94.9,65295166700,194647192175,54421787,162231822,9124.86,40.56,synthetic_demo,GOOD
2026-10-07T04:24:19.943559+00:00,Wi-Fi,Wi-Fi,147.23,28.62,48.37,2.25,0.36,20.2,65295390760,194648600467,54421973,162232995,318.82,91.93,synthetic_demo,POOR
2026-10-07T04:24:24.943559+00:00,Wi-Fi,Wi-Fi,87.47,2.83,12.88,12.78,5.98,63.3,65299126072,194656585068,54425085,162239648,2289.05,91.25,synthetic_demo,MODERATE
2026-10-07T04:24:29.943559+00:00,Wi-Fi,Wi-Fi,248.8,58.03,42.87,2.11,0.79,24.5,65299617164,194657903985,54425494,162240747,353.52,96.91,synthetic_demo,POOR
2026-10-07T04:24:34.943559+00:00,Wi-Fi,Wi-Fi,88.54,1.59,21.75,17.45,4.13,53.5,65302198093,194668811516,54427644,162249836,2634.46,60.41,synthetic_demo,MODERATE
2026-10-07T04:24:39.943559+00:00,Wi-Fi,Wi-Fi,27.56,0.0,8.04,58.73,27.51,90.7,65319389356,194705517543,54441970,162280424,10526.81,44.42,synthetic_demo,MODERATE
2026-10-07T04:24:44.943559+00:00,Ethernet0,Ethernet,10.0,0.0,3.08,173.78,34.65,,65341046430,194814127834,54460017,162370932,25442.84,18.47,synthetic_demo,GOOD
2026-10-07T04:24:49.943559+00:00,Wi-Fi,Wi-Fi,154.03,2.47,35.74,5.86,4.9,77.2,65344109197,194817788699,54462569,162373982,1313.21,89.45,synthetic_demo,POOR
2026-10-07T04:24:54.943559+00:00,Ethernet0,Ethernet,6.65,0.0,7.67,151.58,54.44,,65378132595,194912524469,54490921,162452928,25148.28,10.22,synthetic_demo,GOOD
2026-10-07T04:24:59.943559+00:00,Wi-Fi,Wi-Fi,18.08,0.0,1.58,61.61,36.11,95.8,65400704330,194951031511,54509730,162485017,11929.45,11.23,synthetic_demo,GOOD
2026-10-07T04:25:04.943559+00:00,Wi-Fi,Wi-Fi,92.09,2.45,21.44,16.49,5.91,48.8,65404398474,194961337943,54512808,162493605,2734.49,69.03,synthetic_demo,MODERATE
2026-10-07T04:25:09.943559+00:00,Wi-Fi,Wi-Fi,72.65,0.99,10.83,25.83,7.01,48.3,65408781935,194977480405,54516460,162507057,4008.97,51.13,synthetic_demo,MODERATE
2026-10-07T04:25:14.943559+00:00,Wi-Fi,Wi-Fi,81.8,1.47,12.92,18.33,5.27,39.9,65412074391,194988935559,54519203,162516602,2880.39,69.44,synthetic_demo,MODERATE
2026-10-07T04:25:19.943559+00:00,Ethernet0,Ethernet,11.49,0.0,1.75,127.7,64.33,,65452280277,195068748672,54552707,162583112,23441.21,18.76,synthetic_demo,GOOD
2026-10-07T04:25:24.943559+00:00,Wi-Fi,Wi-Fi,26.19,0.09,21.24,100.65,18.27,95.8,65463698531,195131654471,54562222,162635533,14516.42,10.72,synthetic_demo,MODERATE
2026-10-07T04:25:29.943559+00:00,Wi-Fi,Wi-Fi,49.56,1.34,19.8,21.71,4.95,42.5,65466790411,195145220249,54564798,162646837,3253.45,42.35,synthetic_demo,MODERATE
2026-10-07T04:25:34.943559+00:00,Wi-Fi,Wi-Fi,280.48,51.79,52.88,2.11,0.32,15.4,65466991967,195146539572,54564965,162647936,297.05,86.8,synthetic_demo,POOR
2026-10-07T04:25:39.943559+00:00,Wi-Fi,Wi-Fi,89.9,3.72,22.1,8.42,4.69,62.7,65469926101,195151801513,54567410,162652320,1600.8,87.15,synthetic_demo,MODERATE
2026-10-07T04:25:44.943559+00:00,Wi-Fi,Wi-Fi,197.62,37.44,41.19,1.15,0.5,22.3,65470238618,195152522096,54567670,162652920,201.78,76.93,synthetic_demo,POOR
2026-10-07T04:25:49.943559+00:00,Wi-Fi,Wi-Fi,119.35,1.17,28.17,12.05,4.05,63.8,65472769164,195160056206,54569778,162659198,1965.75,98.57,synthetic_demo,POOR
2026-10-07T04:25:54.943559+00:00,Wi-Fi,Wi-Fi,95.46,1.75,13.99,6.22,6.65,48.2,65476923344,195163946486,54573239,162662439,1571.18,51.14,synthetic_demo,MODERATE
2026-10-07T04:25:59.943559+00:00,Ethernet0,Ethernet,11.63,0.0,0.35,143.19,55.68,,65511724237,195253440187,54602239,162737017,24276.29,24.17,synthetic_demo,GOOD
2026-10-07T04:26:04.943559+00:00,Ethernet0,Ethernet,101.55,3.55,33.93,21.6,4.98,,65514833781,195266939730,54604830,162748266,3243.96,93.64,synthetic_demo,POOR
2026-10-07T04:26:09.943559+00:00,Wi-Fi,Wi-Fi,82.31,1.78,16.08,16.27,6.78,45.6,65519068195,195277105736,54608358,162756737,2812.58,53.5,synthetic_demo,MODERATE
2026-10-07T04:26:14.943559+00:00,Wi-Fi,Wi-Fi,62.27,2.34,16.79,22.25,6.17,49.9,65522923259,195291011447,54611570,162768325,3468.9,72.96,synthetic_demo,MODERATE
2026-10-07T04:26:19.943559+00:00,Wi-Fi,Wi-Fi,22.42,0.0,4.74,59.35,29.88,78.6,65541598328,195328104395,54627132,162799235,10892.19,36.28,synthetic_demo,GOOD
2026-10-07T04:26:24.943559+00:00,Wi-Fi,Wi-Fi,59.73,2.43,11.02,20.35,8.74,52.7,65547063620,195340820036,54631686,162809831,3550.96,47.4,synthetic_demo,MODERATE
2026-10-07T04:26:29.943559+00:00,Wi-Fi,Wi-Fi,28.65,0.0,2.33,55.19,22.03,76.2,65560834842,195375314802,54643162,162838576,9426.95,28.13,synthetic_demo,GOOD
2026-10-07T04:26:34.943559+00:00,Wi-Fi,Wi-Fi,91.65,0.63,13.56,17.7,4.92,37.2,65563907888,195386376789,54645722,162847794,2760.75,44.0,synthetic_demo,MODERATE
2026-10-07T04:26:39.943559+00:00,Ethernet0,Ethernet,8.65,0.0,0.1,169.08,55.73,,65598739887,195492049283,54674748,162935854,27442.28,8.92,synthetic_demo,GOOD
2026-10-07T04:26:44.943559+00:00,Wi-Fi,Wi-Fi,153.6,6.87,20.56,9.76,1.91,27.8,65599934894,195498150439,54675743,162940938,1425.03,71.69,synthetic_demo,POOR
2026-10-07T04:26:49.943559+00:00,Ethernet0,Ethernet,12.21,0.0,0.37,136.24,43.15,,65626906543,195583300419,54698219,163011896,21898.76,15.87,synthetic_demo,GOOD
2026-10-07T04:26:54.943559+00:00,Ethernet0,Ethernet,11.28,0.08,1.22,139.33,56.32,,65662105046,195670384548,54727551,163084466,23883.33,7.62,synthetic_demo,GOOD
2026-10-07T04:26:59.943559+00:00,Wi-Fi,Wi-Fi,27.51,0.0,0.35,111.69,19.02,84.7,65673993457,195740190225,54737458,163142637,15955.88,12.18,synthetic_demo,GOOD
2026-10-07T04:27:04.943559+00:00,Ethernet0,Ethernet,109.37,1.04,23.09,10.04,1.32,,65674821183,195746466747,54738147,163147867,1387.55,91.1,synthetic_demo,MODERATE
2026-10-07T04:27:09.943559+00:00,Wi-Fi,Wi-Fi,32.13,0.0,2.32,92.28,29.19,91.1,65693063704,195804138707,54753349,163195926,14827.05,26.12,synthetic_demo,GOOD
2026-10-07T04:27:14.943559+00:00,Wi-Fi,Wi-Fi,20.26,0.0,2.95,60.07,33.96,92.8,65714290732,195841680913,54771038,163227211,11478.37,36.19,synthetic_demo,GOOD
2026-10-07T04:27:19.943559+00:00,Wi-Fi,Wi-Fi,94.94,0.82,8.27,13.31,4.58,50.2,65717152227,195850001748,54773422,163234145,2184.05,43.73,synthetic_demo,MODERATE
2026-10-07T04:27:24.943559+00:00,Wi-Fi,Wi-Fi,25.31,0.0,4.58,77.23,22.92,96.3,65731477323,195898269883,54785359,163274368,12225.24,31.62,synthetic_demo,GOOD
2026-10-07T04:27:29.943559+00:00,Ethernet0,Ethernet,208.04,41.14,65.09,0.84,0.29,,65731656710,195898795968,54785508,163274806,137.79,75.77,synthetic_demo,POOR
2026-10-07T04:27:34.943559+00:00,Ethernet0,Ethernet,256.88,34.29,58.97,0.99,0.7,,65732096048,195899417816,54785874,163275324,207.26,93.41,synthetic_demo,POOR
2026-10-07T04:27:39.943559+00:00,Wi-Fi,Wi-Fi,57.99,2.1,9.83,28.7,5.04,45.1,65735243832,195917352882,54788497,163290269,4117.74,43.91,synthetic_demo,MODERATE
2026-10-07T04:27:44.943559+00:00,Wi-Fi,Wi-Fi,29.51,0.0,2.09,92.02,39.12,75.5,65759690900,195974865361,54808869,163338196,16007.72,24.42,synthetic_demo,GOOD
2026-10-07T04:27:49.943559+00:00,Ethernet0,Ethernet,123.44,2.32,24.35,15.48,5.04,,65762841416,195984541121,54811494,163346259,2505.13,94.65,synthetic_demo,MODERATE
2026-10-07T04:27:54.943559+00:00,Ethernet0,Ethernet,13.52,0.0,1.78,192.64,66.17,,65804197007,196104938170,54845956,163446589,31592.31,10.7,synthetic_demo,GOOD
2026-10-07T04:27:59.943559+00:00,Wi-Fi,Wi-Fi,22.36,0.0,0.86,88.79,27.41,88.1,65821329433,196160434737,54860233,163492836,14185.35,27.14,synthetic_demo,GOOD
2026-10-07T04:28:04.943559+00:00,Wi-Fi,Wi-Fi,31.11,0.0,1.28,84.09,24.36,84.8,65836555832,196212989037,54872921,163536631,13238.42,30.52,synthetic_demo,GOOD
2026-10-07T04:28:09.943559+00:00,Ethernet0,Ethernet,156.79,32.15,56.85,1.0,0.73,,65837011445,196213614845,54873300,163537152,211.22,78.88,synthetic_demo,POOR
2026-10-07T04:28:14.943559+00:00,Ethernet0,Ethernet,13.36,0.0,0.22,156.45,36.3,,65859698179,196311397228,54892205,163618637,23529.12,21.02,synthetic_demo,GOOD
2026-10-07T04:28:19.943559+00:00,Wi-Fi,Wi-Fi,102.29,2.4,18.66,17.05,2.76,52.7,65861423863,196322051127,54893643,163627515,2417.89,44.77,synthetic_demo,MODERATE
2026-10-07T04:28:24.943559+00:00,Wi-Fi,Wi-Fi,84.68,3.62,18.74,10.46,3.08,75.5,65863346931,196328587986,54895245,163632962,1652.33,91.34,synthetic_demo,MODERATE
2026-10-07T04:28:29.943559+00:00,Wi-Fi,Wi-Fi,25.24,0.0,1.0,71.07,27.31,89.7,65880418175,196373008098,54909471,163669978,12010.03,43.08,synthetic_demo,GOOD
2026-10-07T04:28:34.943559+00:00,Ethernet0,Ethernet,9.17,0.0,4.95,143.36,51.69,,65912725020,196462607601,54936393,163744644,23809.83,25.96,synthetic_demo,GOOD
2026-10-07T04:28:39.943559+00:00,Wi-Fi,Wi-Fi,245.32,20.54,54.72,1.05,0.6,12.1,65913099334,196463264864,54936704,163745191,201.48,79.28,synthetic_demo,POOR
2026-10-07T04:28:44.943559+00:00,Wi-Fi,Wi-Fi,90.6,2.41,26.77,19.21,6.76,52.9,65917326488,196475271796,54940226,163755196,3170.72,56.84,synthetic_demo,POOR
2026-10-07T04:28:49.943559+00:00,Wi-Fi,Wi-Fi,46.2,2.82,26.16,16.9,8.4,49.1,65922573740,196485832854,54944598,163763996,3087.56,54.74,synthetic_demo,POOR
2026-10-07T04:28:54.943559+00:00,Ethernet0,Ethernet,9.9,0.0,0.1,136.09,47.83,,65952465249,196570891637,54969507,163834878,22451.23,28.45,synthetic_demo,GOOD
2026-10-07T04:28:59.943559+00:00,Wi-Fi,Wi-Fi,31.16,0.0,4.77,56.57,20.72,83.5,65965417644,196606247993,54980300,163864341,9435.3,24.86,synthetic_demo,GOOD
2026-10-07T04:29:04.943559+00:00,Wi-Fi,Wi-Fi,24.84,0.0,2.5,93.23,28.03,88.1,65982939439,196664516338,54994901,163912897,14802.76,30.95,synthetic_demo,GOOD
2026-10-07T04:29:09.943559+00:00,Ethernet0,Ethernet,13.85,0.0,1.19,159.37,45.2,,66011189082,196764124073,55018442,163995903,24972.14,11.27,synthetic_demo,GOOD
2026-10-07T04:29:14.943559+00:00,Ethernet0,Ethernet,7.35,0.0,1.02,139.33,50.54,,66042778789,196851204609,55044766,164068470,23177.78,23.67,synthetic_demo,GOOD
2026-10-07T04:29:19.943559+00:00,Wi-Fi,Wi-Fi,117.89,7.6,19.53,1.47,1.72,42.0,66043851402,196852125373,55045659,164069237,389.33,64.97,synthetic_demo,POOR
2026-10-07T04:29:24.943559+00:00,Ethernet0,Ethernet,15.81,0.0,1.23,179.96,54.55,,66077947409,196964601258,55074072,164162966,28627.32,17.51,synthetic_demo,GOOD
2026-10-07T04:29:29.943559+00:00,Ethernet0,Ethernet,13.17,0.0,0.16,149.13,41.09,,66103626053,197057804408,55095470,164240635,23219.1,32.01,synthetic_demo,GOOD
2026-10-07T04:29:34.943559+00:00,Wi-Fi,Wi-Fi,101.66,0.97,20.91,4.63,3.9,50.7,66106064608,197060695552,55097502,164243044,1040.96,44.82,synthetic_demo,MODERATE
2026-10-07T04:29:39.943559+00:00,Ethernet0,Ethernet,99.18,3.64,29.11,13.62,4.53,,66108894522,197069207422,55099860,164250137,2215.19,98.05,synthetic_demo,POOR
2026-10-07T04:29:44.943559+00:00,Ethernet0,Ethernet,12.96,0.0,0.59,134.97,45.85,,66137549172,197153566350,55123738,164320436,22072.96,6.42,synthetic_demo,GOOD
2026-10-07T04:29:49.943559+00:00,Wi-Fi,Wi-Fi,78.5,1.56,18.1,12.79,6.3,48.1,66141486185,197161559940,55127018,164327097,2330.2,40.23,synthetic_demo,MODERATE
2026-10-07T04:29:54.943559+00:00,Ethernet0,Ethernet,13.04,0.0,2.55,126.16,56.75,,66176953699,197240411431,55156574,164392806,22327.93,30.45,synthetic_demo,GOOD
2026-10-07T04:29:59.943559+00:00,Ethernet0,Ethernet,10.47,0.0,3.1,127.79,51.93,,66209412991,197320278884,55183623,164459362,21938.82,27.93,synthetic_demo,GOOD
2026-10-07T04:30:04.943559+00:00,Ethernet0,Ethernet,13.56,0.0,0.71,171.22,54.17,,66243266702,197427292516,55211834,164548540,27513.15,29.3,synthetic_demo,GOOD
2026-10-07T04:30:09.943559+00:00,Wi-Fi,Wi-Fi,132.41,7.48,23.72,6.03,3.66,32.0,66245551343,197431059463,55213737,164551679,1181.95,74.72,synthetic_demo,POOR
2026-10-07T04:30:14.943559+00:00,Ethernet0,Ethernet,7.8,0.0,0.18,146.35,51.4,,66277678732,197522529291,55240509,164627903,24140.08,23.75,synthetic_demo,GOOD
2026-10-07T04:30:19.943559+00:00,Ethernet0,Ethernet,8.9,0.0,0.34,149.53,38.92,,66302006430,197615983885,55260782,164705781,23004.35,21.96,synthetic_demo,GOOD
2026-10-07T04:30:24.943559+00:00,Wi-Fi,Wi-Fi,19.94,0.01,0.34,64.36,20.98,75.6,66315116951,197656210386,55271707,164739303,10417.39,27.79,synthetic_demo,GOOD
2026-10-07T04:30:29.943559+00:00,Wi-Fi,Wi-Fi,178.71,8.52,22.49,5.48,2.8,32.9,66316868847,197659633752,55273166,164742155,1010.79,63.33,synthetic_demo,POOR
2026-10-07T04:30:34.943559+00:00,Wi-Fi,Wi-Fi,30.41,0.0,4.2,63.33,25.94,83.7,66333078468,197699213038,55286674,164775137,10896.27,41.62,synthetic_demo,GOOD
2026-10-07T04:30:39.943559+00:00,Wi-Fi,Wi-Fi,15.28,0.0,0.68,67.07,35.25,94.7,66355111271,197741132659,55305034,164810070,12490.71,34.24,synthetic_demo,GOOD
2026-10-07T04:30:44.943559+00:00,Ethernet0,Ethernet,12.72,0.0,2.19,148.94,59.48,,66392289170,197834220936,55336015,164887643,25442.61,5.14,synthetic_demo,GOOD
2026-10-07T04:30:49.943559+00:00,Wi-Fi,Wi-Fi,23.09,0.0,4.82,63.88,22.37,89.6,66406269144,197874147106,55347664,164920914,10528.54,33.49,synthetic_demo,GOOD
2026-10-07T04:30:54.943559+00:00,Wi-Fi,Wi-Fi,72.41,2.94,11.12,16.86,3.95,35.3,66408738960,197884685241,55349722,164929695,2540.62,67.25,synthetic_demo,POOR
2026-10-07T04:30:59.943559+00:00,Wi-Fi,Wi-Fi,77.87,1.71,25.41,19.92,4.87,40.1,66411780788,197897134553,55352256,164940069,3025.61,46.8,synthetic_demo,POOR
2026-10-07T04:31:04.943559+00:00,Wi-Fi,Wi-Fi,24.38,0.0,4.04,64.27,24.6,77.7,66427157838,197937305979,55365070,164973545,10849.31,38.45,synthetic_demo,GOOD
2026-10-07T04:31:09.943559+00:00,Wi-Fi,Wi-Fi,23.89,0.0,0.32,86.41,24.12,94.1,66442231087,197991310587,55377631,165018548,13491.77,17.92,synthetic_demo,GOOD
2026-10-07T04:31:14.943559+00:00,Ethernet0,Ethernet,15.86,0.0,0.19,160.92,60.84,,66480257707,198091888501,55409319,165102362,27071.2,9.98,synthetic_demo,GOOD
2026-10-07T04:31:19.943559+00:00,Wi-Fi,Wi-Fi,31.81,0.0,7.62,66.07,25.54,89.5,66496217585,198133182948,55422618,165136774,11182.49,32.86,synthetic_demo,GOOD
2026-10-07T04:31:24.943559+00:00,Ethernet0,Ethernet,14.1,0.0,0.68,109.77,56.33,,66531423974,198201790467,55451956,165193946,20276.15,29.46,synthetic_demo,GOOD
2026-10-07T04:31:29.943559+00:00,Wi-Fi,Wi-Fi,78.96,2.56,25.12,8.66,3.23,75.5,66533443025,198207205260,55453638,165198458,1451.92,93.94,synthetic_demo,POOR
2026-10-07T04:31:34.943559+00:00,Ethernet0,Ethernet,249.61,56.07,86.04,2.09,0.57,,66533800093,198208510181,55453935,165199545,324.61,85.34,synthetic_demo,POOR
2026-10-07T04:31:39.943559+00:00,Ethernet0,Ethernet,314.33,18.9,67.22,1.82,0.3,,66533988497,198209650139,55454092,165200494,259.45,73.47,synthetic_demo,POOR
2026-10-07T04:31:44.943559+00:00,Wi-Fi,Wi-Fi,150.99,7.56,40.36,1.96,1.7,25.2,66535047986,198210876094,55454974,165201515,446.38,62.23,synthetic_demo,POOR
2026-10-07T04:31:49.943559+00:00,Wi-Fi,Wi-Fi,70.02,3.0,9.41,19.53,6.84,36.1,66539320366,198223081494,55458534,165211686,3218.32,42.78,synthetic_demo,POOR
2026-10-07T04:31:54.943559+00:00,Ethernet0,Ethernet,152.13,2.13,16.31,11.5,3.49,,66541503956,198230266053,55460353,165217673,1829.72,92.89,synthetic_demo,POOR
2026-10-07T04:31:59.943559+00:00,Wi-Fi,Wi-Fi,25.24,0.0,0.29,62.61,30.5,96.6,66560566503,198269399325,55476238,165250284,11366.37,39.42,synthetic_demo,GOOD
2026-10-07T04:32:04.943559+00:00,Wi-Fi,Wi-Fi,106.02,3.33,14.69,20.97,2.37,45.2,66562046695,198282504805,55477471,165261205,2848.76,45.28,synthetic_demo,MODERATE
2026-10-07T04:32:09.943559+00:00,Wi-Fi,Wi-Fi,24.5,0.0,0.1,64.14,21.72,96.6,66575622195,198322590435,55488783,165294609,10480.69,15.07,synthetic_demo,GOOD
2026-10-07T04:32:14.943559+00:00,Wi-Fi,Wi-Fi,18.33,0.0,19.08,91.73,21.61,88.6,66589129237,198379924794,55500038,165342387,13836.21,35.93,synthetic_demo,MODERATE
2026-10-07T04:32:19.943559+00:00,Ethernet0,Ethernet,91.27,2.96,7.76,17.54,6.47,,66593174134,198390888194,55503408,165351523,2931.31,88.05,synthetic_demo,MODERATE
2026-10-07T04:32:24.943559+00:00,Wi-Fi,Wi-Fi,32.77,0.0,0.69,49.35,24.64,82.2,66608575555,198421729238,55516242,165377223,9031.73,31.49,synthetic_demo,GOOD
2026-10-07T04:32:29.943559+00:00,Wi-Fi,Wi-Fi,24.42,0.0,4.46,73.04,17.86,89.8,66619737916,198467382172,55525543,165415267,11096.74,35.52,synthetic_demo,GOOD
2026-10-07T04:32:34.943559+00:00,Wi-Fi,Wi-Fi,113.79,53.55,54.63,2.13,0.67,18.9,66620156588,198468714278,55525891,165416377,341.95,83.16,synthetic_demo,POOR
2026-10-07T04:32:39.943559+00:00,Ethernet0,Ethernet,11.87,0.0,0.56,153.64,60.13,,66657734925,198564738475,55557206,165496397,26094.24,19.52,synthetic_demo,GOOD
2026-10-07T04:32:44.943559+00:00,Wi-Fi,Wi-Fi,28.65,0.0,0.47,74.12,16.34,97.7,66667944760,198611064905,55565714,165535002,11042.24,24.54,synthetic_demo,GOOD
2026-10-07T04:32:49.943559+00:00,Wi-Fi,Wi-Fi,116.94,5.01,14.83,3.44,0.62,25.7,66668331719,198613215118,55566036,165536793,495.54,53.36,synthetic_demo,POOR
2026-10-07T04:32:54.943559+00:00,Wi-Fi,Wi-Fi,85.04,1.35,20.06,15.25,6.88,44.8,66672628798,198622744306,55569616,165544733,2700.44,49.97,synthetic_demo,MODERATE
2026-10-07T04:32:59.943559+00:00,Wi-Fi,Wi-Fi,81.66,2.82,15.67,24.59,5.03,43.0,66675775304,198638110825,55572238,165557538,3615.83,43.82,synthetic_demo,MODERATE
2026-10-07T04:33:04.943559+00:00,Ethernet0,Ethernet,12.6,0.0,0.6,142.33,52.15,,66708372113,198727067344,55599402,165631668,23740.88,8.85,synthetic_demo,GOOD
2026-10-07T04:33:09.943559+00:00,Wi-Fi,Wi-Fi,29.47,0.0,1.63,82.01,31.21,89.4,66727877308,198778325425,55615656,165674383,13820.95,13.34,synthetic_demo,GOOD
2026-10-07T04:33:14.943559+00:00,Wi-Fi,Wi-Fi,152.52,8.57,31.48,3.1,1.5,44.5,66728813052,198780261876,55616435,165675996,560.98,62.39,synthetic_demo,POOR
2026-10-07T04:33:19.943559+00:00,Wi-Fi,Wi-Fi,82.71,1.55,11.55,12.39,2.64,38.9,66730459965,198788006032,55617807,165682449,1834.19,68.32,synthetic_demo,MODERATE
2026-10-07T04:33:24.943559+00:00,Wi-Fi,Wi-Fi,111.96,0.69,12.41,22.62,1.21,46.4,66731216500,198802141387,55618437,165694228,2908.57,67.86,synthetic_demo,MODERATE
2026-10-07T04:33:29.943559+00:00,Ethernet0,Ethernet,11.79,0.0,0.55,119.33,74.28,,66777638814,198876720314,55657122,165756377,23633.05,34.97,synthetic_demo,GOOD
2026-10-07T04:33:34.943559+00:00,Ethernet0,Ethernet,10.96,0.0,0.42,174.85,56.28,,66812812380,198986003924,55686433,165847446,28214.29,33.95,synthetic_demo,GOOD
2026-10-07T04:33:39.943559+00:00,Ethernet0,Ethernet,263.21,45.18,86.97,0.94,0.75,,66813281632,198986589547,55686824,165847934,206.03,70.68,synthetic_demo,POOR
2026-10-07T04:33:44.943559+00:00,Wi-Fi,Wi-Fi,19.73,0.29,8.01,95.81,29.05,94.0,66831437525,199046470000,55701953,165897834,15241.47,22.66,synthetic_demo,MODERATE
2026-10-07T04:33:49.943559+00:00,Wi-Fi,Wi-Fi,73.16,1.15,18.47,19.94,7.21,35.2,66835946435,199058929446,55705710,165908216,3314.13,43.77,synthetic_demo,MODERATE
2026-10-07T04:33:54.943559+00:00,Ethernet0,Ethernet,12.98,0.0,0.4,114.9,36.9,,66859007885,199130740824,55724927,165968058,18529.85,29.1,synthetic_demo,GOOD
2026-10-07T04:33:59.943559+00:00,Ethernet0,Ethernet,84.92,1.78,20.94,11.75,3.91,,66861448914,199138086454,55726961,165974179,1911.46,96.79,synthetic_demo,MODERATE
2026-10-07T04:34:04.943559+00:00,Wi-Fi,Wi-Fi,189.7,30.56,57.82,2.39,0.83,18.3,66861966423,199139577410,55727392,165975421,392.28,88.89,synthetic_demo,POOR
2026-10-07T04:34:09.943559+00:00,Wi-Fi,Wi-Fi,94.91,0.87,6.68,20.16,4.68,42.2,66864891369,199152179314,55729829,165985922,3032.59,56.85,synthetic_demo,MODERATE
2026-10-07T04:34:14.943559+00:00,Ethernet0,Ethernet,11.05,0.0,0.55,152.09,64.58,,66905256126,199247236729,55763466,166065136,26449.64,24.14,synthetic_demo,GOOD
2026-10-07T04:34:19.943559+00:00,Wi-Fi,Wi-Fi,91.74,2.37,12.04,17.35,6.23,42.6,66909149422,199258083295,55766710,166074174,2878.88,43.96,synthetic_demo,MODERATE
2026-10-07T04:34:24.943559+00:00,Wi-Fi,Wi-Fi,136.07,2.56,20.37,16.72,2.78,60.5,66910889473,199268533087,55768160,166082882,2380.83,90.18,synthetic_demo,MODERATE
2026-10-07T04:34:29.943559+00:00,Wi-Fi,Wi-Fi,32.37,0.0,0.71,101.79,27.66,97.4,66928174227,199332154602,55782563,166135899,15802.01,20.92,synthetic_demo,GOOD
2026-10-07T04:34:34.943559+00:00,Wi-Fi,Wi-Fi,127.98,9.33,25.32,2.05,2.01,42.0,66929427919,199333438733,55783607,166136969,495.67,72.01,synthetic_demo,POOR
2026-10-07T04:34:39.943559+00:00,Wi-Fi,Wi-Fi,104.3,2.39,14.88,20.5,4.6,36.5,66932299895,199346253838,55786000,166147648,3063.88,43.88,synthetic_demo,POOR
2026-10-07T04:34:44.943559+00:00,Wi-Fi,Wi-Fi,78.18,6.12,53.08,11.3,3.42,34.9,66934434983,199353317984,55787779,166153534,1796.73,78.07,synthetic_demo,POOR
2026-10-07T04:34:49.943559+00:00,Wi-Fi,Wi-Fi,110.9,3.3,11.85,15.65,5.19,52.7,66937679319,199363096327,55790482,166161682,2543.49,48.39,synthetic_demo,MODERATE
2026-10-07T04:34:54.943559+00:00,Ethernet0,Ethernet,11.84,0.0,0.18,139.15,50.63,,66969321040,199450064686,55816850,166234155,23166.03,28.06,synthetic_demo,GOOD
2026-10-07T04:34:59.943559+00:00,Wi-Fi,Wi-Fi,24.59,0.0,1.78,77.87,19.06,93.5,66981233481,199498732218,55826777,166274711,11832.03,16.95,synthetic_demo,GOOD
2026-10-07T04:35:04.943559+00:00,Ethernet0,Ethernet,13.15,0.1,0.18,132.62,55.18,,67015720984,199581620899,55855516,166343784,22925.04,29.52,synthetic_demo,GOOD
2026-10-07T04:35:09.943559+00:00,Wi-Fi,Wi-Fi,223.77,5.9,20.66,7.11,1.0,30.1,67016348120,199586065276,55856038,166347487,990.53,63.51,synthetic_demo,POOR
2026-10-07T04:35:14.943559+00:00,Wi-Fi,Wi-Fi,130.85,3.63,17.55,15.23,3.8,82.1,67018724740,199595582383,55858018,166355417,2322.99,87.32,synthetic_demo,MODERATE
2026-10-07T04:35:19.943559+00:00,Wi-Fi,Wi-Fi,183.94,1.96,6.92,9.36,1.3,77.3,67019536392,199601430661,55858694,166360290,1300.77,86.18,synthetic_demo,POOR
2026-10-07T04:35:24.943559+00:00,Wi-Fi,Wi-Fi,27.01,0.0,0.64,77.98,24.9,97.0,67035097538,199650170266,55871661,166400906,12558.74,38.67,synthetic_demo,GOOD
2026-10-07T04:35:29.943559+00:00,Ethernet0,Ethernet,9.81,0.0,0.23,167.38,55.94,,67070057969,199754782369,55900794,166488082,27260.26,33.05,synthetic_demo,GOOD
2026-10-07T04:35:34.943559+00:00,Ethernet0,Ethernet,181.14,3.64,24.01,6.52,5.09,,67073237111,199758855986,55903443,166491476,1416.55,93.91,synthetic_demo,POOR
2026-10-07T04:35:39.943559+00:00,Wi-Fi,Wi-Fi,25.89,0.0,3.97,90.06,22.73,91.7,67087442510,199815142254,55915280,166538381,13767.9,24.26,synthetic_demo,GOOD
2026-10-07T04:35:44.943559+00:00,Ethernet0,Ethernet,12.41,0.0,5.3,159.62,49.47,,67118363875,199914903116,55941047,166621515,25523.87,14.32,synthetic_demo,GOOD
2026-10-07T04:35:49.943559+00:00,Wi-Fi,Wi-Fi,64.74,0.93,16.1,5.57,6.84,44.0,67122641014,199918383231,55944611,166624415,1515.09,70.44,synthetic_demo,MODERATE
2026-10-07T04:35:54.943559+00:00,Ethernet0,Ethernet,10.3,0.0,4.11,130.86,37.66,,67146175542,200000173194,55964223,166692573,20571.19,27.67,synthetic_demo,GOOD
2026-10-07T04:35:59.943559+00:00,Wi-Fi,Wi-Fi,28.33,0.0,0.46,99.38,25.07,79.4,67161844808,200062285759,55977280,166744333,15191.76,26.2,synthetic_demo,GOOD
2026-10-07T04:36:04.943559+00:00,Wi-Fi,Wi-Fi,23.18,0.0,2.11,64.27,23.36,81.3,67176442962,200102455401,55989445,166777807,10696.84,36.11,synthetic_demo,GOOD
2026-10-07T04:36:09.943559+00:00,Ethernet0,Ethernet,9.48,0.0,0.15,140.93,73.59,,67222439540,200190533956,56027775,166851205,26186.55,10.34,synthetic_demo,GOOD
2026-10-07T04:36:14.943559+00:00,Ethernet0,Ethernet,286.53,32.13,55.26,1.34,0.76,,67222911554,200191374422,56028168,166851905,256.34,71.43,synthetic_demo,POOR
2026-10-07T04:36:19.943559+00:00,Ethernet0,Ethernet,15.08,0.0,0.87,160.24,56.88,,67258460611,200291523130,56057792,166935362,26503.47,30.33,synthetic_demo,GOOD
2026-10-07T04:36:24.943559+00:00,Ethernet0,Ethernet,10.96,0.0,0.48,118.76,53.92,,67292162113,200365746141,56085876,166997214,21079.01,25.13,synthetic_demo,GOOD
2026-10-07T04:36:29.943559+00:00,Ethernet0,Ethernet,13.47,0.0,0.1,159.08,61.64,,67330687822,200465173114,56117980,167080069,26943.88,11.23,synthetic_demo,GOOD
2026-10-07T04:36:34.943559+00:00,Wi-Fi,Wi-Fi,110.98,1.72,24.62,9.95,2.06,83.5,67331976759,200471391474,56119054,167085250,1466.27,94.2,synthetic_demo,MODERATE
2026-10-07T04:36:39.943559+00:00,Wi-Fi,Wi-Fi,20.54,0.0,4.28,86.54,15.39,81.2,67341596819,200525476684,56127070,167130321,12442.44,39.21,synthetic_demo,GOOD
2026-10-07T04:36:44.943559+00:00,Wi-Fi,Wi-Fi,46.17,3.2,17.79,17.01,11.39,35.7,67348713380,200536105823,56133000,167139178,3465.96,71.84,synthetic_demo,POOR
2026-10-07T04:36:49.943559+00:00,Ethernet0,Ethernet,12.21,0.0,0.67,161.94,55.19,,67383205680,200637319269,56161743,167223522,26505.03,8.84,synthetic_demo,GOOD
2026-10-07T04:36:54.943559+00:00,Ethernet0,Ethernet,7.96,0.0,0.29,133.04,60.78,,67421194527,200720468181,56193400,167292812,23659.72,11.78,synthetic_demo,GOOD
2026-10-07T04:36:59.943559+00:00,Wi-Fi,Wi-Fi,32.64,0.0,0.8,80.0,29.15,91.6,67439412459,200770468974,56208581,167334479,13323.97,34.94,synthetic_demo,GOOD
2026-10-07T04:37:04.943559+00:00,Wi-Fi,Wi-Fi,121.65,6.52,26.26,9.55,0.42,27.4,67439675074,200776437463,56208799,167339452,1217.01,64.71,synthetic_demo,POOR
2026-10-07T04:37:09.943559+00:00,Wi-Fi,Wi-Fi,109.33,4.63,49.33,4.98,1.95,28.4,67440894590,200779550755,56209815,167342046,846.25,54.09,synthetic_demo,POOR
2026-10-07T04:37:14.943559+00:00,Ethernet0,Ethernet,7.46,0.0,1.3,135.86,56.96,,67476492852,200864465071,56239480,167412807,23537.61,27.44,synthetic_demo,GOOD
2026-10-07T04:37:19.943559+00:00,Wi-Fi,Wi-Fi,28.82,3.31,23.72,24.26,8.32,35.2,67481694486,200879630385,56243814,167425444,3977.92,70.28,synthetic_demo,POOR
2026-10-07T04:37:24.943559+00:00,Wi-Fi,Wi-Fi,111.89,6.69,41.63,2.92,2.55,43.5,67483289046,200881456655,56245142,167426965,668.13,79.48,synthetic_demo,POOR
2026-10-07T04:37:29.943559+00:00,Wi-Fi,Wi-Fi,18.93,0.0,0.29,52.07,24.75,96.7,67498758810,200913999368,56258033,167454083,9377.44,42.1,synthetic_demo,GOOD
2026-10-07T04:37:34.943559+00:00,Wi-Fi,Wi-Fi,117.98,10.57,41.92,7.07,0.67,38.7,67499175244,200918420491,56258380,167457767,944.84,82.22,synthetic_demo,POOR
2026-10-07T04:37:39.943559+00:00,Ethernet0,Ethernet,12.16,0.05,0.46,146.18,47.21,,67528682309,201009783993,56282969,167533903,23607.53,16.52,synthetic_demo,GOOD
2026-10-07T04:37:44.943559+00:00,Ethernet0,Ethernet,252.38,25.24,37.48,0.15,0.13,,67528763802,201009877446,56283036,167533980,34.17,91.29,synthetic_demo,POOR
2026-10-07T04:37:49.943559+00:00,Wi-Fi,Wi-Fi,92.15,2.84,12.81,14.71,3.93,70.9,67531220096,201019069336,56285082,167541639,2275.04,87.79,synthetic_demo,MODERATE
2026-10-07T04:37:54.943559+00:00,Ethernet0,Ethernet,312.45,57.08,51.28,2.11,0.42,,67531482338,201020386278,56285300,167542736,308.43,76.48,synthetic_demo,POOR
2026-10-07T04:37:59.943559+00:00,Ethernet0,Ethernet,150.37,3.77,18.02,9.28,7.93,,67536438911,201026184370,56289430,167547567,2100.52,94.8,synthetic_demo,POOR
2026-10-07T04:38:04.943559+00:00,Wi-Fi,Wi-Fi,24.73,0.0,0.54,54.01,31.51,92.5,67556130606,201059943247,56305839,167575699,10439.56,40.55,synthetic_demo,GOOD
2026-10-07T04:38:09.943559+00:00,Wi-Fi,Wi-Fi,334.66,50.09,75.85,2.14,0.29,22.0,67556313965,201061281107,56305991,167576813,297.11,84.41,synthetic_demo,POOR
2026-10-07T04:38:14.943559+00:00,Wi-Fi,Wi-Fi,17.84,0.0,3.58,63.62,29.82,91.2,67574954535,201101041156,56321524,167609946,11406.37,31.2,synthetic_demo,GOOD
2026-10-07T04:38:19.943559+00:00,Wi-Fi,Wi-Fi,14.04,0.0,0.1,63.29,26.68,80.1,67591630661,201140598151,56335420,167642910,10983.03,27.21,synthetic_demo,GOOD
2026-10-07T04:38:24.943559+00:00,Ethernet0,Ethernet,120.99,3.13,21.98,11.85,5.41,,67595013967,201148006036,56338239,167649083,2107.65,94.16,synthetic_demo,MODERATE
2026-10-07T04:38:29.943559+00:00,Wi-Fi,Wi-Fi,105.38,2.37,18.0,15.62,1.84,72.0,67596165609,201157770341,56339198,167657219,2132.02,85.35,synthetic_demo,MODERATE
2026-10-07T04:38:34.943559+00:00,Ethernet0,Ethernet,274.79,17.18,44.71,1.6,0.73,,67596624378,201158770582,56339580,167658052,284.96,72.41,synthetic_demo,POOR
2026-10-07T04:38:39.943559+00:00,Ethernet0,Ethernet,9.16,0.16,1.87,160.05,59.44,,67633775198,201258804517,56370539,167741413,26793.9,27.53,synthetic_demo,GOOD
2026-10-07T04:38:44.943559+00:00,Wi-Fi,Wi-Fi,148.65,1.48,24.66,18.29,3.24,73.3,67635801728,201270238835,56372227,167750941,2629.07,94.54,synthetic_demo,POOR
2026-10-07T04:38:49.943559+00:00,Wi-Fi,Wi-Fi,95.86,1.05,19.3,9.15,2.27,66.0,67637219360,201275959761,56373408,167755708,1394.25,96.16,synthetic_demo,MODERATE
2026-10-07T04:38:54.943559+00:00,Ethernet0,Ethernet,11.32,0.0,1.1,153.24,53.94,,67670930847,201371735405,56401500,167835521,25290.46,7.58,synthetic_demo,GOOD
2026-10-07T04:38:59.943559+00:00,Wi-Fi,Wi-Fi,21.98,0.0,0.48,77.38,26.76,84.5,67687656448,201420100661,56415438,167875825,12713.06,38.78,synthetic_demo,GOOD
2026-10-07T04:39:04.943559+00:00,Wi-Fi,Wi-Fi,27.73,0.0,3.11,102.05,21.9,76.5,67701341987,201483884617,56426842,167928978,15130.76,17.71,synthetic_demo,GOOD
2026-10-07T04:39:09.943559+00:00,Wi-Fi,Wi-Fi,21.4,0.0,0.1,91.06,21.35,94.3,67714686724,201540798596,56437962,167976406,13722.41,10.31,synthetic_demo,GOOD
2026-10-07T04:39:14.943559+00:00,Wi-Fi,Wi-Fi,258.07,54.93,54.66,2.24,0.17,19.5,67714794256,201542196288,56438051,167977570,293.99,99.81,synthetic_demo,POOR
2026-10-07T04:39:19.943559+00:00,Wi-Fi,Wi-Fi,79.77,1.53,9.36,23.25,5.5,46.8,67718230622,201556725145,56440914,167989677,3508.83,66.56,synthetic_demo,MODERATE
2026-10-07T04:39:24.943559+00:00,Ethernet0,Ethernet,153.63,3.72,23.01,6.98,3.93,,67720686367,201561087737,56442960,167993312,1331.71,85.62,synthetic_demo,POOR
2026-10-07T04:39:29.943559+00:00,Wi-Fi,Wi-Fi,197.4,25.11,49.48,0.3,0.55,12.5,67721028550,201561275555,56443245,167993468,103.52,92.28,synthetic_demo,POOR
2026-10-07T04:39:34.943559+00:00,Wi-Fi,Wi-Fi,31.14,0.0,0.27,57.08,24.3,95.4,67736217697,201596951503,56455902,168023197,9934.59,30.87,synthetic_demo,GOOD
2026-10-07T04:39:39.943559+00:00,Wi-Fi,Wi-Fi,123.28,6.65,37.3,6.96,1.24,36.7,67736993456,201601303747,56456548,168026823,1001.56,79.48,synthetic_demo,POOR
2026-10-07T04:39:44.943559+00:00,Wi-Fi,Wi-Fi,29.8,0.0,0.53,69.07,22.79,77.4,67751240279,201644471935,56468420,168062796,11213.87,39.32,synthetic_demo,GOOD
2026-10-07T04:39:49.943559+00:00,Wi-Fi,Wi-Fi,122.61,9.79,35.23,1.75,2.8,29.5,67752993020,201645563553,56469880,168063705,555.54,58.77,synthetic_demo,POOR
2026-10-07T04:39:54.943559+00:00,Ethernet0,Ethernet,9.75,0.0,0.1,173.02,52.12,,67785568187,201753701429,56497025,168153819,27483.02,19.18,synthetic_demo,GOOD
2026-10-07T04:39:59.943559+00:00,Ethernet0,Ethernet,257.13,28.21,37.03,0.85,0.85,,67786100983,201754235787,56497468,168154264,208.43,93.61,synthetic_demo,POOR
2026-10-07T04:40:04.943559+00:00,Ethernet0,Ethernet,14.69,0.0,0.13,175.36,43.06,,67813010756,201863836669,56519892,168245598,26662.24,8.02,synthetic_demo,GOOD
2026-10-07T04:40:09.943559+00:00,Wi-Fi,Wi-Fi,28.66,0.0,5.95,79.85,25.73,93.2,67829090737,201913741211,56533291,168287185,12887.6,25.57,synthetic_demo,GOOD
2026-10-07T04:40:14.943559+00:00,Wi-Fi,Wi-Fi,98.26,3.59,22.3,10.53,2.99,73.4,67830958833,201920322316,56534847,168292669,1650.23,92.49,synthetic_demo,MODERATE
2026-10-07T04:40:19.943559+00:00,Wi-Fi,Wi-Fi,14.0,0.0,3.42,116.02,17.98,81.3,67842196546,201992834305,56544211,168353095,16357.36,29.31,synthetic_demo,GOOD
2026-10-07T04:40:24.943559+00:00,Wi-Fi,Wi-Fi,31.56,2.46,16.16,17.93,7.18,50.7,67846686643,202004039712,56547952,168362432,3065.53,48.67,synthetic_demo,MODERATE
2026-10-07T04:40:29.943559+00:00,Wi-Fi,Wi-Fi,28.52,0.0,6.71,93.56,21.81,76.9,67860318106,202062514959,56559311,168411161,14083.34,35.41,synthetic_demo,GOOD
2026-10-07T04:40:34.943559+00:00,Ethernet0,Ethernet,71.21,2.14,31.58,7.06,3.68,,67862620827,202066926542,56561229,168414837,1311.39,90.13,synthetic_demo,POOR
2026-10-07T04:40:39.943559+00:00,Ethernet0,Ethernet,10.92,0.0,0.97,154.04,35.57,,67884854509,202163201304,56579757,168495065,23146.18,32.78,synthetic_demo,GOOD
2026-10-07T04:40:44.943559+00:00,Ethernet0,Ethernet,13.68,0.0,1.47,153.95,42.4,,67911351615,202259417658,56601837,168575245,23967.47,22.87,synthetic_demo,GOOD
2026-10-07T04:40:49.943559+00:00,Wi-Fi,Wi-Fi,29.42,0.0,1.73,71.64,22.73,81.4,67925555272,202304189900,56613673,168612555,11518.73,35.35,synthetic_demo,GOOD
2026-10-07T04:40:54.943559+00:00,Wi-Fi,Wi-Fi,24.82,0.4,3.53,75.86,27.71,78.5,67942872306,202351599783,56628103,168652063,12641.98,15.65,synthetic_demo,GOOD
2026-10-07T04:40:59.943559+00:00,Ethernet0,Ethernet,13.3,0.0,0.37,148.86,51.97,,67975353741,202444639760,56655170,168729596,24515.9,27.84,synthetic_demo,GOOD
2026-10-07T04:41:04.943559+00:00,Wi-Fi,Wi-Fi,22.71,0.0,0.34,93.4,27.05,78.9,67992257224,202503013871,56669256,168778241,14702.66,23.5,synthetic_demo,GOOD
2026-10-07T04:41:09.943559+00:00,Wi-Fi,Wi-Fi,24.55,0.0,3.28,89.94,26.85,75.7,68009041277,202559228481,56683242,168825086,14257.55,36.99,synthetic_demo,GOOD
2026-10-07T04:41:14.943559+00:00,Ethernet0,Ethernet,7.06,0.0,0.81,165.39,56.58,,68044400967,202662596488,56712708,168911226,27095.25,23.62,synthetic_demo,GOOD
2026-10-07T04:41:19.943559+00:00,Wi-Fi,Wi-Fi,79.52,3.07,13.67,15.91,7.22,42.3,68048915090,202672538093,56716469,168919510,2823.38,56.4,synthetic_demo,MODERATE
2026-10-07T04:41:24.943559+00:00,Wi-Fi,Wi-Fi,88.17,10.96,23.2,8.38,0.85,40.6,68049447515,202677774777,56716912,168923873,1126.78,67.15,synthetic_demo,POOR
2026-10-07T04:41:29.943559+00:00,Ethernet0,Ethernet,9.49,0.0,2.54,162.81,43.53,,68076653795,202779532050,56739583,169008670,25188.19,20.18,synthetic_demo,GOOD
2026-10-07T04:41:34.943559+00:00,Wi-Fi,Wi-Fi,60.3,3.42,8.38,28.84,5.74,44.5,68080238886,202797556018,56742570,169023689,4220.52,53.0,synthetic_demo,MODERATE
2026-10-07T04:41:39.943559+00:00,Ethernet0,Ethernet,111.93,1.89,9.36,10.65,4.37,,68082972557,202804209461,56744848,169029233,1833.42,96.17,synthetic_demo,MODERATE
2026-10-07T04:41:44.943559+00:00,Wi-Fi,Wi-Fi,17.55,0.0,0.61,87.5,29.26,83.6,68101262835,202858899063,56760089,169074807,14253.88,34.06,synthetic_demo,GOOD
2026-10-07T04:41:49.943559+00:00,Ethernet0,Ethernet,80.86,1.41,33.44,11.98,5.47,,68104682874,202866384259,56762939,169081044,2129.93,87.79,synthetic_demo,POOR
2026-10-07T04:41:54.943559+00:00,Wi-Fi,Wi-Fi,18.3,0.0,1.34,95.8,22.06,85.6,68118468605,202926257881,56774427,169130938,14386.59,12.84,synthetic_demo,GOOD
2026-10-07T04:41:59.943559+00:00,Wi-Fi,Wi-Fi,64.84,1.49,26.07,15.36,6.77,53.3,68122699263,202935858847,56777952,169138938,2701.49,51.69,synthetic_demo,POOR
2026-10-07T04:42:04.943559+00:00,Ethernet0,Ethernet,13.92,0.0,0.12,148.6,32.55,,68143044431,203028735847,56794906,169216335,22113.7,20.25,synthetic_demo,GOOD
2026-10-07T04:42:09.943559+00:00,Ethernet0,Ethernet,131.61,2.39,22.38,8.9,3.97,,68145525243,203034299141,56796973,169220971,1571.11,91.69,synthetic_demo,MODERATE
2026-10-07T04:42:14.943559+00:00,Ethernet0,Ethernet,108.07,2.42,12.65,16.39,4.6,,68148400836,203044542064,56799369,169229506,2562.21,92.84,synthetic_demo,MODERATE
2026-10-07T04:42:19.943559+00:00,Ethernet0,Ethernet,9.7,0.0,0.4,112.92,56.62,,68183786172,203115115358,56828856,169288317,20695.04,30.04,synthetic_demo,GOOD
2026-10-07T04:42:24.943559+00:00,Wi-Fi,Wi-Fi,27.46,0.0,3.77,85.55,35.06,82.2,68205696978,203168582966,56847115,169332873,14722.35,39.26,synthetic_demo,GOOD
2026-10-07T04:42:29.943559+00:00,Wi-Fi,Wi-Fi,193.96,46.12,62.0,0.56,0.32,20.3,68205897435,203168933453,56847282,169333165,107.61,79.88,synthetic_demo,POOR
2026-10-07T04:42:34.943559+00:00,Wi-Fi,Wi-Fi,30.24,0.02,4.38,98.37,23.27,77.9,68220442399,203230417262,56859402,169384401,14849.37,42.43,synthetic_demo,GOOD
2026-10-07T04:42:39.943559+00:00,Wi-Fi,Wi-Fi,104.62,1.35,14.66,22.94,7.48,53.2,68225115989,203244756895,56863296,169396350,3713.52,45.23,synthetic_demo,MODERATE
2026-10-07T04:42:44.943559+00:00,Wi-Fi,Wi-Fi,129.09,7.96,9.57,8.1,0.6,31.8,68225493970,203249820349,56863610,169400569,1062.78,62.81,synthetic_demo,POOR
2026-10-07T04:42:49.943559+00:00,Wi-Fi,Wi-Fi,162.06,3.12,29.21,12.8,4.46,65.9,68228278922,203257820659,56865930,169407235,2106.5,88.3,synthetic_demo,POOR
2026-10-07T04:42:54.943559+00:00,Wi-Fi,Wi-Fi,89.22,1.3,19.57,17.49,6.17,42.0,68232132964,203268749812,56869141,169416342,2887.34,52.13,synthetic_demo,MODERATE
2026-10-07T04:42:59.943559+00:00,Ethernet0,Ethernet,43.87,2.55,7.97,5.94,3.23,,68234152684,203272464024,56870824,169419437,1119.91,94.3,synthetic_demo,MODERATE
2026-10-07T04:43:04.943559+00:00,Wi-Fi,Wi-Fi,131.29,9.37,46.66,3.91,2.06,33.5,68235437632,203274906522,56871894,169421472,728.02,50.34,synthetic_demo,POOR
2026-10-07T04:43:09.943559+00:00,Wi-Fi,Wi-Fi,25.53,0.0,2.34,106.8,23.55,97.6,68250154735,203341656803,56884158,169477097,15911.6,43.58,synthetic_demo,GOOD
2026-10-07T04:43:14.943559+00:00,Wi-Fi,Wi-Fi,28.63,0.0,5.04,49.52,17.2,97.0,68260906437,203372603744,56893117,169502886,8144.27,22.82,synthetic_demo,GOOD
2026-10-07T04:43:19.943559+00:00,Wi-Fi,Wi-Fi,20.84,0.0,5.04,97.41,38.9,78.5,68285219568,203433487142,56913377,169553622,16639.95,16.75,synthetic_demo,GOOD
2026-10-07T04:43:24.943559+00:00,Wi-Fi,Wi-Fi,216.72,38.15,66.06,0.73,0.86,12.1,68285756425,203433941488,56913824,169554000,193.59,73.42,synthetic_demo,POOR
2026-10-07T04:43:29.943559+00:00,Ethernet0,Ethernet,136.24,1.68,23.51,8.79,0.96,,68286358824,203439436884,56914325,169558579,1190.98,96.23,synthetic_demo,MODERATE
2026-10-07T04:43:34.943559+00:00,Ethernet0,Ethernet,11.01,0.0,1.43,143.22,31.71,,68306176956,203528947748,56930840,169633171,21353.32,26.07,synthetic_demo,GOOD
2026-10-07T04:43:39.943559+00:00,Wi-Fi,Wi-Fi,127.88,10.67,26.77,11.17,0.7,26.9,68306615192,203535928548,56931205,169638988,1449.03,77.2,synthetic_demo,POOR
2026-10-07T04:43:44.943559+00:00,Wi-Fi,Wi-Fi,31.74,0.0,0.1,52.9,27.13,83.9,68323570300,203568988105,56945334,169666537,9768.49,34.72,synthetic_demo,GOOD
2026-10-07T04:43:49.943559+00:00,Ethernet0,Ethernet,11.39,0.0,1.7,153.76,46.31,,68352511769,203665088882,56969451,169746620,24422.31,14.71,synthetic_demo,GOOD
2026-10-07T04:43:54.943559+00:00,Wi-Fi,Wi-Fi,49.86,2.38,14.36,11.3,2.89,48.0,68354317664,203672151333,56970955,169752505,1732.1,46.26,synthetic_demo,MODERATE
2026-10-07T04:43:59.943559+00:00,Wi-Fi,Wi-Fi,27.26,0.0,0.41,84.96,21.92,77.7,68368019590,203725248623,56982373,169796752,13046.72,15.76,synthetic_demo,GOOD
2026-10-07T04:44:04.943559+00:00,Wi-Fi,Wi-Fi,168.42,11.72,24.72,8.28,2.85,41.4,68369797991,203730424048,56983855,169801064,1358.17,63.36,synthetic_demo,POOR
2026-10-07T04:44:09.943559+00:00,Ethernet0,Ethernet,15.15,0.0,1.47,140.25,48.92,,68400372082,203818083239,57009333,169874113,23092.44,26.89,synthetic_demo,GOOD
2026-10-07T04:44:14.943559+00:00,Wi-Fi,Wi-Fi,99.46,6.77,50.76,9.44,1.15,39.6,68401089573,203823981061,57009930,169879027,1292.05,78.66,synthetic_demo,POOR
2026-10-07T04:44:19.943559+00:00,Wi-Fi,Wi-Fi,90.55,1.26,18.95,19.44,5.27,37.0,68404382978,203836131048,57012674,169889151,3016.29,74.37,synthetic_demo,MODERATE
2026-10-07T04:44:24.943559+00:00,Ethernet0,Ethernet,12.24,0.0,1.12,171.21,58.91,,68441203152,203943139120,57043357,169978324,28091.45,7.21,synthetic_demo,GOOD
2026-10-07T04:44:29.943559+00:00,Ethernet0,Ethernet,280.73,43.87,53.98,1.33,0.23,,68441346295,203943967582,57043476,169979014,189.77,74.66,synthetic_demo,POOR
2026-10-07T04:44:34.943559+00:00,Wi-Fi,Wi-Fi,71.66,0.54,8.99,14.72,7.76,51.1,68446193192,203953165103,57047515,169986678,2743.05,61.59,synthetic_demo,MODERATE
2026-10-07T04:44:39.943559+00:00,Wi-Fi,Wi-Fi,30.1,0.0,1.57,62.27,26.5,90.7,68462758193,203992082256,57061319,170019108,10836.36,13.64,synthetic_demo,GOOD
2026-10-07T04:44:44.943559+00:00,Wi-Fi,Wi-Fi,25.09,0.0,2.64,92.06,24.4,84.8,68478009606,204049621365,57074028,170067057,14216.9,20.09,synthetic_demo,GOOD
2026-10-07T04:44:49.943559+00:00,Wi-Fi,Wi-Fi,188.65,5.46,35.6,7.5,0.01,40.5,68478015856,204054311363,57074033,170070965,917.24,64.1,synthetic_demo,POOR
2026-10-07T04:44:54.943559+00:00,Wi-Fi,Wi-Fi,23.82,0.0,0.3,83.88,24.08,75.3,68493068738,204106738656,57086577,170114654,13179.72,23.68,synthetic_demo,GOOD
2026-10-07T04:44:59.943559+00:00,Ethernet0,Ethernet,12.56,0.0,3.06,116.26,41.93,,68519272620,204179400868,57108413,170175205,19309.78,7.81,synthetic_demo,GOOD
2026-10-07T04:45:04.943559+00:00,Ethernet0,Ethernet,15.29,0.0,1.96,152.73,39.65,,68544055385,204274854824,57129065,170254749,23483.73,34.61,synthetic_demo,GOOD
2026-10-07T04:45:09.943559+00:00,Wi-Fi,Wi-Fi,18.98,0.0,0.37,59.17,21.26,75.4,68557341903,204311834848,57140137,170285565,9817.68,23.15,synthetic_demo,GOOD
2026-10-07T04:45:14.943559+00:00,Ethernet0,Ethernet,104.12,2.37,27.94,16.75,4.7,,68560277150,204322305389,57142583,170294290,2618.32,95.2,synthetic_demo,POOR
2026-10-07T04:45:19.943559+00:00,Wi-Fi,Wi-Fi,25.36,0.0,0.83,85.85,32.9,96.3,68580840589,204375962747,57159719,170339004,14496.25,27.87,synthetic_demo,GOOD
2026-10-07T04:45:24.943559+00:00,Ethernet0,Ethernet,10.06,0.0,0.37,120.37,59.75,,68618185107,204451193419,57190839,170401696,21987.34,10.76,synthetic_demo,GOOD
2026-10-07T04:45:29.943559+00:00,Ethernet0,Ethernet,11.82,0.0,2.88,155.49,49.05,,68648838777,204548374356,57216383,170482680,24967.7,13.07,synthetic_demo,GOOD
2026-10-07T04:45:34.943559+00:00,Wi-Fi,Wi-Fi,20.55,0.0,6.63,73.09,23.09,97.3,68663269385,204594055551,57228408,170520747,11740.59,42.52,synthetic_demo,GOOD
2026-10-07T04:45:39.943559+00:00,Wi-Fi,Wi-Fi,257.71,45.67,59.76,1.42,0.08,19.8,68663318137,204594944390,57228448,170521487,183.12,91.54,synthetic_demo,POOR
2026-10-07T04:45:44.943559+00:00,Wi-Fi,Wi-Fi,24.92,0.17,0.51,80.9,25.62,89.4,68679327750,204645507133,57241789,170563622,13002.41,34.32,synthetic_demo,GOOD
2026-10-07T04:45:49.943559+00:00,Wi-Fi,Wi-Fi,318.06,49.18,88.72,2.16,0.68,29.6,68679752588,204646855000,57242143,170564745,346.23,94.85,synthetic_demo,POOR
2026-10-07T04:45:54.943559+00:00,Wi-Fi,Wi-Fi,25.11,0.0,8.64,58.94,32.24,84.4,68699900736,204683695182,57258933,170595445,11130.53,14.33,synthetic_demo,MODERATE
2026-10-07T04:45:59.943559+00:00,Ethernet0,Ethernet,10.08,0.0,4.03,142.28,50.04,,68731174528,204772620132,57284994,170669549,23476.32,29.48,synthetic_demo,GOOD
2026-10-07T04:46:04.943559+00:00,Wi-Fi,Wi-Fi,106.94,5.92,31.57,7.38,1.14,31.0,68731888404,204777231361,57285588,170673391,1040.06,54.47,synthetic_demo,POOR
2026-10-07T04:46:09.943559+00:00,Wi-Fi,Wi-Fi,23.08,0.0,0.49,67.28,22.72,96.8,68746089639,204819280634,57297422,170708432,10986.43,43.69,synthetic_demo,GOOD
2026-10-07T04:46:14.943559+00:00,Ethernet0,Ethernet,81.45,2.95,20.28,19.13,7.32,,68750666689,204831234349,57301236,170718393,3228.67,95.24,synthetic_demo,MODERATE
2026-10-07T04:46:19.943559+00:00,Wi-Fi,Wi-Fi,264.84,25.12,53.68,0.74,0.45,15.8,68750948448,204831699560,57301470,170718780,145.89,72.74,synthetic_demo,POOR
2026-10-07T04:46:24.943559+00:00,Ethernet0,Ethernet,12.62,0.0,1.53,162.85,37.95,,68774669339,204933482307,57321237,170803598,24512.43,8.0,synthetic_demo,GOOD
2026-10-07T04:46:29.943559+00:00,Ethernet0,Ethernet,13.87,0.05,2.51,173.43,53.09,,68807849458,205041874087,57348887,170893924,27650.76,22.53,synthetic_demo,GOOD
2026-10-07T04:46:34.943559+00:00,Ethernet0,Ethernet,99.48,2.8,10.35,9.34,5.55,,68811316786,205047713409,57351776,170898790,1817.71,85.63,synthetic_demo,MODERATE
2026-10-07T04:46:39.943559+00:00,Wi-Fi,Wi-Fi,27.9,0.0,1.3,60.27,25.76,96.5,68827414542,205085381233,57365190,170930179,10501.09,29.2,synthetic_demo,GOOD
2026-10-07T04:46:44.943559+00:00,Ethernet0,Ethernet,11.22,0.0,1.15,144.79,31.07,,68846836023,205175873366,57381374,171005589,21467.5,20.5,synthetic_demo,GOOD
2026-10-07T04:46:49.943559+00:00,Ethernet0,Ethernet,11.36,0.0,0.18,122.16,39.16,,68871309984,205252222193,57401768,171069213,19691.95,30.19,synthetic_demo,GOOD
2026-10-07T04:46:54.943559+00:00,Ethernet0,Ethernet,10.78,0.0,0.75,177.27,51.69,,68903616667,205363018898,57428690,171161543,27949.88,21.07,synthetic_demo,GOOD
2026-10-07T04:46:59.943559+00:00,Ethernet0,Ethernet,110.74,3.09,23.69,10.76,4.18,,68906227194,205369744909,57430865,171167148,1823.54,93.59,synthetic_demo,MODERATE
2026-10-07T04:47:04.943559+00:00,Ethernet0,Ethernet,8.91,0.0,0.35,143.6,48.16,,68936328263,205459496896,57455949,171241941,23408.8,33.76,synthetic_demo,GOOD
2026-10-07T04:47:09.943559+00:00,Wi-Fi,Wi-Fi,32.95,0.0,0.72,54.1,23.34,79.7,68950915137,205493306604,57468104,171270115,9452.46,43.06,synthetic_demo,GOOD
2026-10-07T04:47:14.943559+00:00,Wi-Fi,Wi-Fi,77.48,3.36,8.6,17.6,8.0,36.4,68955915670,205504304836,57472271,171279280,3124.76,44.48,synthetic_demo,POOR
2026-10-07T04:47:19.943559+00:00,Wi-Fi,Wi-Fi,23.96,0.0,1.61,74.6,30.17,78.7,68974773201,205550928890,57487985,171318133,12789.37,41.29,synthetic_demo,GOOD
2026-10-07T04:47:24.943559+00:00,Ethernet0,Ethernet,8.24,0.0,0.49,159.53,59.01,,69011652281,205650637675,57518717,171401223,26677.32,21.17,synthetic_demo,GOOD
2026-10-07T04:47:29.943559+00:00,Wi-Fi,Wi-Fi,61.16,1.3,17.15,12.88,3.09,65.7,69013581897,205658690738,57520325,171407933,1949.74,94.06,synthetic_demo,MODERATE
2026-10-07T04:47:34.943559+00:00,Ethernet0,Ethernet,12.71,0.0,1.14,144.87,46.76,,69042808894,205749234063,57544680,171483385,23392.64,27.01,synthetic_demo,GOOD
2026-10-07T04:47:39.943559+00:00,Wi-Fi,Wi-Fi,103.13,1.06,19.82,10.9,3.24,62.3,69044831928,205756046877,57546365,171489062,1725.75,97.13,synthetic_demo,MODERATE
2026-10-07T04:47:44.943559+00:00,Wi-Fi,Wi-Fi,195.36,9.15,41.15,2.13,2.16,41.8,69046184596,205757381100,57547492,171490173,524.78,61.46,synthetic_demo,POOR
2026-10-07T04:47:49.943559+00:00,Wi-Fi,Wi-Fi,24.94,0.0,6.74,75.8,33.39,84.4,69067051724,205804754643,57564881,171529650,13328.26,41.04,synthetic_demo,GOOD
2026-10-07T04:47:54.943559+00:00,Wi-Fi,Wi-Fi,85.19,3.25,7.3,15.75,6.81,47.4,69071306464,205814596638,57568426,171537851,2753.27,73.4,synthetic_demo,MODERATE
2026-10-07T04:47:59.943559+00:00,Wi-Fi,Wi-Fi,25.66,0.0,7.4,70.49,20.88,86.4,69084353402,205858653601,57579298,171574565,11153.11,32.86,synthetic_demo,GOOD
2026-10-07T04:48:04.943559+00:00,Wi-Fi,Wi-Fi,27.18,0.0,4.82,71.83,32.96,77.8,69104953047,205903547305,57596464,171611976,12791.67,32.45,synthetic_demo,GOOD
2026-10-07T04:48:09.943559+00:00,Wi-Fi,Wi-Fi,134.61,8.46,27.22,11.01,1.14,29.3,69105665287,205910429753,57597057,171617711,1483.34,81.62,synthetic_demo,POOR
2026-10-07T04:48:14.943559+00:00,Wi-Fi,Wi-Fi,152.1,6.97,11.52,5.86,1.22,40.0,69106427367,205914089249,57597692,171620760,863.59,81.14,synthetic_demo,POOR
2026-10-07T04:48:19.943559+00:00,Wi-Fi,Wi-Fi,20.56,0.0,6.0,77.7,22.21,91.1,69120306819,205962649352,57609258,171661226,12195.23,16.66,synthetic_demo,GOOD
2026-10-07T04:48:24.943559+00:00,Wi-Fi,Wi-Fi,69.88,1.47,17.0,10.59,6.0,54.1,69124055063,205969270856,57612381,171666743,2025.34,45.66,synthetic_demo,MODERATE
2026-10-07T04:48:29.943559+00:00,Ethernet0,Ethernet,283.21,17.12,27.12,0.59,0.47,,69124350170,205969640873,57612626,171667051,129.91,90.32,synthetic_demo,POOR
2026-10-07T04:48:34.943559+00:00,Ethernet0,Ethernet,280.53,25.65,63.92,0.65,0.13,,69124433687,205970047852,57612695,171667390,95.8,74.51,synthetic_demo,POOR
2026-10-07T04:48:39.943559+00:00,Wi-Fi,Wi-Fi,84.04,3.32,22.71,20.58,6.73,47.8,69128638397,205982911849,57616198,171678109,3333.73,68.4,synthetic_demo,MODERATE
2026-10-07T04:48:44.943559+00:00,Wi-Fi,Wi-Fi,19.2,0.0,3.98,66.08,18.38,89.3,69140123118,206024213508,57625768,171712527,10309.84,29.9,synthetic_demo,GOOD
2026-10-07T04:48:49.943559+00:00,Wi-Fi,Wi-Fi,20.04,0.0,0.88,75.72,30.06,94.3,69158908768,206071537396,57641422,171751963,12912.02,34.62,synthetic_demo,GOOD
2026-10-07T04:48:54.943559+00:00,Wi-Fi,Wi-Fi,172.29,26.67,43.17,1.45,0.21,13.5,69159039060,206072442992,57641530,171752717,202.32,70.31,synthetic_demo,POOR
2026-10-07T04:48:59.943559+00:00,Ethernet0,Ethernet,12.83,0.0,0.81,162.62,40.68,,69184463750,206174079792,57662717,171837414,24816.7,7.44,synthetic_demo,GOOD
2026-10-07T04:49:04.943559+00:00,Wi-Fi,Wi-Fi,46.35,2.4,17.66,14.05,4.84,54.1,69187490094,206182863257,57665238,171844733,2306.6,43.69,synthetic_demo,MODERATE
2026-10-07T04:49:09.943559+00:00,Wi-Fi,Wi-Fi,21.7,0.0,0.19,78.59,21.33,89.5,69200821866,206231980493,57676347,171885664,12197.07,16.76,synthetic_demo,GOOD
2026-10-07T04:49:14.943559+00:00,Wi-Fi,Wi-Fi,26.94,0.0,0.86,85.72,29.12,78.4,69219019494,206285555175,57691511,171930309,14018.03,22.22,synthetic_demo,GOOD
2026-10-07T04:49:19.943559+00:00,Wi-Fi,Wi-Fi,29.48,0.0,1.05,86.97,28.56,81.4,69236872308,206339910697,57706388,171975605,14103.19,10.02,synthetic_demo,GOOD
2026-10-07T04:49:24.943559+00:00,Wi-Fi,Wi-Fi,152.27,23.68,61.5,0.22,0.88,22.0,69237423612,206340047658,57706847,171975719,134.43,73.22,synthetic_demo,POOR
2026-10-07T04:49:29.943559+00:00,Ethernet0,Ethernet,13.91,0.0,0.31,165.88,44.47,,69265216161,206443721338,57730007,172062113,25677.0,30.42,synthetic_demo,GOOD
2026-10-07T04:49:34.943559+00:00,Wi-Fi,Wi-Fi,95.38,0.63,8.33,17.98,4.25,41.4,69267872568,206454960234,57732220,172071478,2713.93,71.2,synthetic_demo,MODERATE
2026-10-07T04:49:39.943559+00:00,Ethernet0,Ethernet,11.52,0.0,0.4,152.6,54.82,,69302136863,206550334182,57760773,172150956,25319.97,10.04,synthetic_demo,GOOD
2026-10-07T04:49:44.943559+00:00,Ethernet0,Ethernet,8.31,0.0,0.63,193.84,52.01,,69334644152,206671483846,57787862,172251914,30011.12,25.24,synthetic_demo,GOOD
2026-10-07T04:49:49.943559+00:00,Wi-Fi,Wi-Fi,26.21,0.0,10.55,88.24,25.53,80.0,69350598478,206726631735,57801157,172297870,13887.15,44.42,synthetic_demo,MODERATE
2026-10-07T04:49:54.943559+00:00,Wi-Fi,Wi-Fi,68.21,0.79,7.96,15.48,4.59,54.0,69353466514,206736307150,57803547,172305932,2449.89,63.35,synthetic_demo,MODERATE
2026-10-07T04:49:59.943559+00:00,Wi-Fi,Wi-Fi,26.25,0.0,7.12,73.47,25.49,80.6,69369396286,206782223455,57816821,172344195,12079.31,44.88,synthetic_demo,GOOD
2026-10-07T04:50:04.943559+00:00,Wi-Fi,Wi-Fi,25.83,0.0,3.34,70.22,26.69,89.0,69386078081,206826111615,57830722,172380768,11830.07,23.13,synthetic_demo,GOOD
2026-10-07T04:50:09.943559+00:00,Ethernet0,Ethernet,12.64,0.0,2.65,169.14,27.67,,69403374370,206931822887,57845135,172468860,24024.91,9.16,synthetic_demo,GOOD
2026-10-07T04:50:14.943559+00:00,Wi-Fi,Wi-Fi,25.74,0.0,2.42,86.57,17.05,85.1,69414032408,206985931808,57854016,172513950,12649.8,38.19,synthetic_demo,GOOD
2026-10-07T04:50:19.943559+00:00,Ethernet0,Ethernet,241.56,54.94,66.27,1.35,0.58,,69414394991,206986775095,57854318,172514652,235.52,81.0,synthetic_demo,POOR
2026-10-07T04:50:24.943559+00:00,Wi-Fi,Wi-Fi,156.7,34.46,63.92,1.36,0.61,26.4,69414777824,206987624952,57854637,172515360,240.76,81.83,synthetic_demo,POOR
2026-10-07T04:50:29.943559+00:00,Wi-Fi,Wi-Fi,29.67,0.0,0.88,82.38,30.45,95.4,69433807695,207039115099,57870495,172558268,13773.44,37.67,synthetic_demo,GOOD
2026-10-07T04:50:34.943559+00:00,Wi-Fi,Wi-Fi,40.6,2.25,14.8,19.89,6.7,53.2,69437998217,207051545907,57873987,172568627,3246.35,74.57,synthetic_demo,MODERATE
2026-10-07T04:50:39.943559+00:00,Wi-Fi,Wi-Fi,148.27,8.22,30.22,1.84,2.21,31.7,69439382048,207052697154,57875140,172569586,495.13,51.66,synthetic_demo,POOR
2026-10-07T04:50:44.943559+00:00,Ethernet0,Ethernet,12.56,0.0,0.96,168.02,36.62,,69462270603,207157710031,57894213,172657096,24980.75,8.04,synthetic_demo,GOOD
2026-10-07T04:50:49.943559+00:00,Wi-Fi,Wi-Fi,149.69,7.41,38.33,2.54,2.48,44.7,69463819639,207159294685,57895503,172658416,612.05,77.86,synthetic_demo,POOR
2026-10-07T04:50:54.943559+00:00,Ethernet0,Ethernet,185.68,50.12,58.91,1.1,0.37,,69464051929,207159981299,57895696,172658988,179.47,72.21,synthetic_demo,POOR
2026-10-07T04:50:59.943559+00:00,Ethernet0,Ethernet,11.05,0.0,0.53,133.24,51.44,,69496201075,207243254377,57922486,172728382,22543.4,33.68,synthetic_demo,GOOD
2026-10-07T04:51:04.943559+00:00,Ethernet0,Ethernet,12.71,0.0,2.11,165.13,54.07,,69529994335,207346460237,57950647,172814386,26757.64,25.52,synthetic_demo,GOOD
2026-10-07T04:51:09.943559+00:00,Wi-Fi,Wi-Fi,251.09,59.19,87.85,1.32,0.09,15.3,69530048417,207347287685,57950692,172815075,172.17,97.52,synthetic_demo,POOR
2026-10-07T04:51:14.943559+00:00,Wi-Fi,Wi-Fi,94.84,1.46,16.71,22.29,4.24,48.2,69532698089,207361216348,57952900,172826682,3237.96,45.54,synthetic_demo,MODERATE
2026-10-07T04:51:19.943559+00:00,Ethernet0,Ethernet,10.53,0.0,0.1,129.09,67.17,,69574678698,207441894964,57987883,172893914,23956.88,10.14,synthetic_demo,GOOD
2026-10-07T04:51:24.943559+00:00,Wi-Fi,Wi-Fi,20.17,0.0,1.48,88.88,18.38,97.3,69586164726,207497443602,57997454,172940204,13092.71,10.16,synthetic_demo,GOOD
2026-10-07T04:51:29.943559+00:00,Wi-Fi,Wi-Fi,24.26,0.0,5.71,88.35,20.6,78.2,69599039483,207552665391,58008182,172986222,13300.11,37.62,synthetic_demo,GOOD
2026-10-07T04:51:34.943559+00:00,Wi-Fi,Wi-Fi,114.82,2.59,9.73,9.43,5.04,76.2,69602189269,207558559880,58010806,172991134,1766.46,90.22,synthetic_demo,MODERATE
2026-10-07T04:51:39.943559+00:00,Wi-Fi,Wi-Fi,135.81,2.44,24.13,17.09,3.27,72.7,69604234811,207569240492,58012510,173000034,2485.58,96.16,synthetic_demo,MODERATE
2026-10-07T04:51:44.943559+00:00,Ethernet0,Ethernet,288.85,30.03,72.5,2.34,0.47,,69604526590,207570703480,58012753,173001253,342.73,80.59,synthetic_demo,POOR
2026-10-07T04:51:49.943559+00:00,Wi-Fi,Wi-Fi,18.71,0.0,3.45,66.24,24.26,91.6,69619690788,207612100487,58025389,173035750,11047.11,22.35,synthetic_demo,GOOD
2026-10-07T04:51:54.943559+00:00,Wi-Fi,Wi-Fi,78.49,1.47,11.66,16.37,1.8,49.3,69620814899,207622334718,58026325,173044278,2218.43,49.67,synthetic_demo,MODERATE
2026-10-07T04:51:59.943559+00:00,Wi-Fi,Wi-Fi,72.15,0.66,11.06,18.21,6.03,48.2,69624583653,207633715699,58029465,173053762,2958.93,49.64,synthetic_demo,MODERATE
2026-10-07T04:52:04.943559+00:00,Wi-Fi,Wi-Fi,22.24,0.0,1.13,65.12,26.34,76.4,69641045520,207674415730,58043183,173087678,11164.43,38.14,synthetic_demo,GOOD
2026-10-07T04:52:09.943559+00:00,Ethernet0,Ethernet,14.24,0.0,0.17,135.54,31.57,,69660775983,207759128364,58059625,173158271,20399.04,15.62,synthetic_demo,GOOD
2026-10-07T04:52:14.943559+00:00,Wi-Fi,Wi-Fi,178.43,36.91,46.02,0.19,0.62,15.0,69661163649,207759246099,58059948,173158369,98.71,87.95,synthetic_demo,POOR
2026-10-07T04:52:19.943559+00:00,Wi-Fi,Wi-Fi,177.39,6.22,36.47,7.65,1.96,39.5,69662386445,207764027824,58060966,173162353,1172.76,84.14,synthetic_demo,POOR
2026-10-07T04:52:24.943559+00:00,Wi-Fi,Wi-Fi,25.89,0.0,4.24,85.25,28.74,91.1,69680347980,207817306359,58075933,173206751,13914.08,31.48,synthetic_demo,GOOD
2026-10-07T04:52:29.943559+00:00,Wi-Fi,Wi-Fi,108.33,2.06,12.27,17.4,2.92,35.6,69682171397,207828178774,58077452,173215811,2479.65,40.05,synthetic_demo,POOR
2026-10-07T04:52:34.943559+00:00,Ethernet0,Ethernet,13.56,0.0,0.67,138.01,42.05,,69708452728,207914436262,58099353,173287692,21980.24,25.99,synthetic_demo,GOOD
2026-10-07T04:52:39.943559+00:00,Wi-Fi,Wi-Fi,79.85,3.3,14.92,9.89,3.79,39.8,69710818781,207920617172,58101324,173292842,1669.33,45.44,synthetic_demo,POOR
2026-10-07T04:52:44.943559+00:00,Wi-Fi,Wi-Fi,146.93,1.66,16.41,8.4,5.51,74.8,69714260007,207925867208,58104191,173297217,1697.51,93.94,synthetic_demo,POOR
2026-10-07T04:52:49.943559+00:00,Wi-Fi,Wi-Fi,55.37,1.35,17.6,20.75,2.95,36.5,69716102374,207938833967,58105726,173308022,2892.41,58.14,synthetic_demo,MODERATE
2026-10-07T04:52:54.943559+00:00,Wi-Fi,Wi-Fi,303.12,33.57,38.47,0.77,0.64,24.8,69716499289,207939316979,58106056,173308424,171.86,77.64,synthetic_demo,POOR
2026-10-07T04:52:59.943559+00:00,Wi-Fi,Wi-Fi,94.37,3.4,8.07,21.74,3.69,53.1,69718805235,207952902383,58107977,173319745,3103.78,56.17,synthetic_demo,MODERATE
2026-10-07T04:53:04.943559+00:00,Wi-Fi,Wi-Fi,30.64,0.14,0.9,56.42,21.89,92.0,69732483535,207988163895,58119375,173349129,9558.56,43.43,synthetic_demo,GOOD
2026-10-07T04:53:09.943559+00:00,Wi-Fi,Wi-Fi,93.93,1.14,24.17,19.1,5.31,82.6,69735799993,208000099459,58122138,173359075,2978.91,86.97,synthetic_demo,MODERATE
2026-10-07T04:53:14.943559+00:00,Ethernet0,Ethernet,15.29,0.0,0.63,166.03,49.84,,69766948674,208103867274,58148095,173445548,26350.88,32.21,synthetic_demo,GOOD
2026-10-07T04:53:19.943559+00:00,Wi-Fi,Wi-Fi,23.36,0.0,1.45,81.57,25.63,91.5,69782964909,208154851200,58161441,173488034,13085.97,38.75,synthetic_demo,GOOD
2026-10-07T04:53:24.943559+00:00,Wi-Fi,Wi-Fi,24.34,0.0,6.48,91.99,31.64,88.4,69802738654,208212346387,58177919,173535946,15091.59,36.77,synthetic_demo,GOOD
2026-10-07T04:53:29.943559+00:00,Wi-Fi,Wi-Fi,19.82,0.0,4.14,71.43,22.83,91.0,69817006842,208256987021,58189809,173573146,11505.63,19.44,synthetic_demo,GOOD
2026-10-07T04:53:34.943559+00:00,Wi-Fi,Wi-Fi,93.65,3.49,18.84,8.07,2.7,69.0,69818691328,208262030016,58191212,173577348,1313.96,97.78,synthetic_demo,MODERATE
2026-10-07T04:53:39.943559+00:00,Wi-Fi,Wi-Fi,11.95,0.0,1.34,75.7,13.79,75.8,69827311717,208309341080,58198395,173616773,10924.11,42.43,synthetic_demo,GOOD
2026-10-07T04:53:44.943559+00:00,Wi-Fi,Wi-Fi,140.26,3.32,27.02,12.55,2.12,62.1,69828638239,208317184492,58199500,173623309,1791.0,96.27,synthetic_demo,POOR
2026-10-07T04:53:49.943559+00:00,Wi-Fi,Wi-Fi,50.35,2.66,14.76,13.44,5.33,44.2,69831971874,208325582411,58202278,173630307,2291.32,48.23,synthetic_demo,MODERATE
2026-10-07T04:53:54.943559+00:00,Wi-Fi,Wi-Fi,24.28,0.0,8.89,82.0,16.85,78.7,69842503146,208376831100,58211054,173673014,12066.4,42.84,synthetic_demo,MODERATE
2026-10-07T04:53:59.943559+00:00,Wi-Fi,Wi-Fi,92.26,10.51,25.26,2.63,2.08,36.1,69843800935,208378472753,58212135,173674382,574.11,72.69,synthetic_demo,POOR
2026-10-07T04:54:04.943559+00:00,Ethernet0,Ethernet,14.13,0.0,4.2,144.61,61.15,,69882017500,208468855983,58243982,173749701,25117.15,15.65,synthetic_demo,GOOD
2026-10-07T04:54:09.943559+00:00,Ethernet0,Ethernet,11.44,0.0,0.53,152.56,28.97,,69900121871,208564204389,58259068,173829158,22158.75,5.9,synthetic_demo,GOOD
2026-10-07T04:54:14.943559+00:00,Wi-Fi,Wi-Fi,85.11,2.47,19.64,11.73,5.53,36.4,69903575752,208571533638,58261946,173835265,2106.08,40.3,synthetic_demo,POOR
2026-10-07T04:54:19.943559+00:00,Wi-Fi,Wi-Fi,26.42,0.0,0.22,62.2,14.98,86.0,69912940302,208610411656,58269749,173867663,9422.38,14.98,synthetic_demo,GOOD
2026-10-07T04:54:24.943559+00:00,Ethernet0,Ethernet,11.38,0.0,0.69,149.63,51.37,,69945046603,208703933330,58296504,173945597,24536.71,11.04,synthetic_demo,GOOD
2026-10-07T04:54:29.943559+00:00,Wi-Fi,Wi-Fi,71.67,2.76,4.9,2.37,5.2,36.6,69948294766,208705416605,58299210,173946833,924.11,51.44,synthetic_demo,POOR
2026-10-07T04:54:34.943559+00:00,Wi-Fi,Wi-Fi,77.56,1.75,24.14,13.66,4.92,53.1,69951369410,208713951853,58301772,173953945,2267.56,40.19,synthetic_demo,MODERATE
2026-10-07T04:54:39.943559+00:00,Wi-Fi,Wi-Fi,21.5,0.0,0.11,70.1,22.62,85.1,69965503959,208757764365,58313550,173990455,11317.79,28.15,synthetic_demo,GOOD
2026-10-07T04:54:44.943559+00:00,Wi-Fi,Wi-Fi,254.23,32.54,52.54,1.93,0.23,11.3,69965648133,208758972876,58313670,173991462,264.2,86.63,synthetic_demo,POOR
2026-10-07T04:54:49.943559+00:00,Wi-Fi,Wi-Fi,38.76,0.83,17.03,10.66,7.87,51.9,69970567148,208765634595,58317769,173997013,2261.86,61.18,synthetic_demo,MODERATE
2026-10-07T04:54:54.943559+00:00,Wi-Fi,Wi-Fi,142.17,10.29,43.03,6.08,0.12,25.4,69970639287,208769437141,58317829,174000181,756.77,71.27,synthetic_demo,POOR
2026-10-07T04:54:59.943559+00:00,Ethernet0,Ethernet,16.04,0.0,1.48,154.27,63.4,,70010261299,208865855487,58350847,174080529,26570.38,18.95,synthetic_demo,GOOD
2026-10-07T04:55:04.943559+00:00,Wi-Fi,Wi-Fi,73.26,2.44,21.65,13.52,7.72,38.9,70015086336,208874305844,58354867,174087570,2592.85,65.28,synthetic_demo,POOR
2026-10-07T04:55:09.943559+00:00,Wi-Fi,Wi-Fi,101.27,6.7,40.45,4.2,2.58,43.5,70016697638,208876929555,58356209,174089756,827.15,55.47,synthetic_demo,POOR
2026-10-07T04:55:14.943559+00:00,Wi-Fi,Wi-Fi,93.95,1.31,9.82,11.43,8.43,40.4,70021963925,208884073408,58360597,174095709,2423.86,50.01,synthetic_demo,MODERATE
2026-10-07T04:55:19.943559+00:00,Ethernet0,Ethernet,78.23,1.54,18.25,11.34,3.83,,70024354674,208891163909,58362589,174101617,1851.81,96.9,synthetic_demo,MODERATE
2026-10-07T04:55:24.943559+00:00,Wi-Fi,Wi-Fi,26.44,0.0,0.78,84.1,20.23,97.2,70036999366,208943724772,58373126,174145417,12735.46,16.41,synthetic_demo,GOOD
2026-10-07T04:55:29.943559+00:00,Ethernet0,Ethernet,11.34,0.0,2.46,131.95,42.78,,70063737877,209026194828,58395408,174214142,21329.8,32.62,synthetic_demo,GOOD
2026-10-07T04:55:34.943559+00:00,Wi-Fi,Wi-Fi,24.74,0.0,3.31,68.54,25.81,75.1,70079870758,209069033860,58408852,174249841,11517.95,13.08,synthetic_demo,GOOD
2026-10-07T04:55:39.943559+00:00,Wi-Fi,Wi-Fi,26.52,0.0,0.1,60.4,33.51,79.3,70100816024,209106781322,58426306,174281297,11463.42,39.78,synthetic_demo,GOOD
2026-10-07T04:55:44.943559+00:00,Wi-Fi,Wi-Fi,115.04,9.45,44.44,2.88,1.31,32.1,70101634350,209108579491,58426987,174282795,511.03,67.83,synthetic_demo,POOR
2026-10-07T04:55:49.943559+00:00,Ethernet0,Ethernet,14.27,0.0,0.52,166.78,36.51,,70124450051,209212818377,58446000,174369660,24815.35,18.06,synthetic_demo,GOOD
2026-10-07T04:55:54.943559+00:00,Ethernet0,Ethernet,188.88,17.08,46.6,2.46,0.39,,70124694588,209214357340,58446203,174370942,348.34,76.62,synthetic_demo,POOR
2026-10-07T04:55:59.943559+00:00,Wi-Fi,Wi-Fi,190.8,42.74,43.49,0.28,0.53,17.7,70125028052,209214532112,58446480,174371087,99.26,85.98,synthetic_demo,POOR
2026-10-07T04:56:04.943559+00:00,Ethernet0,Ethernet,13.78,0.0,0.71,113.64,46.39,,70154023658,209285560154,58470643,174430277,19535.87,16.95,synthetic_demo,GOOD
2026-10-07T04:56:09.943559+00:00,Wi-Fi,Wi-Fi,17.35,0.0,2.97,56.34,23.31,88.4,70168590651,209320770913,58482782,174459619,9722.22,43.83,synthetic_demo,GOOD
2026-10-07T04:56:14.943559+00:00,Wi-Fi,Wi-Fi,114.84,6.8,16.43,5.92,3.27,29.9,70170632162,209324471449,58484483,174462702,1121.49,83.26,synthetic_demo,POOR
2026-10-07T04:56:19.943559+00:00,Wi-Fi,Wi-Fi,222.82,18.45,47.37,1.9,0.35,24.6,70170849143,209325661428,58484663,174463693,274.8,92.88,synthetic_demo,POOR
2026-10-07T04:56:24.943559+00:00,Wi-Fi,Wi-Fi,25.56,0.0,6.15,51.02,23.46,78.1,70185509794,209357549800,58496880,174490266,9091.61,30.16,synthetic_demo,GOOD
2026-10-07T04:56:29.943559+00:00,Wi-Fi,Wi-Fi,27.24,0.0,1.89,76.29,31.65,86.9,70205291443,209405231299,58513364,174530000,13176.4,19.74,synthetic_demo,GOOD
2026-10-07T04:56:34.943559+00:00,Wi-Fi,Wi-Fi,88.37,1.2,19.08,24.32,4.69,42.2,70208220382,209420431085,58515804,174542666,3540.77,54.12,synthetic_demo,MODERATE
2026-10-07T04:56:39.943559+00:00,Wi-Fi,Wi-Fi,96.24,3.25,15.17,0.01,3.02,63.9,70210106108,209420437335,58517375,174542671,369.53,87.49,synthetic_demo,POOR
2026-10-07T04:56:44.943559+00:00,Wi-Fi,Wi-Fi,12.08,0.0,13.83,69.88,31.6,79.8,70229856217,209464114067,58533833,174579068,12388.05,18.65,synthetic_demo,MODERATE
2026-10-07T04:56:49.943559+00:00,Ethernet0,Ethernet,96.02,1.01,23.07,5.91,2.3,,70231293566,209467805768,58535030,174582144,1001.77,88.35,synthetic_demo,MODERATE
2026-10-07T04:56:54.943559+00:00,Ethernet0,Ethernet,14.81,0.0,0.27,159.7,52.0,,70263796582,209567617279,58562115,174665320,25842.68,11.97,synthetic_demo,GOOD
2026-10-07T04:56:59.943559+00:00,Ethernet0,Ethernet,9.67,0.0,0.39,130.95,69.9,,70307485111,209649461913,58598522,174733523,24518.2,19.01,synthetic_demo,GOOD
2026-10-07T04:57:04.943559+00:00,Wi-Fi,Wi-Fi,15.01,0.0,13.17,69.43,28.65,87.7,70325392056,209692857588,58613444,174769686,11973.17,10.01,synthetic_demo,MODERATE
2026-10-07T04:57:09.943559+00:00,Wi-Fi,Wi-Fi,19.19,0.0,0.75,70.31,20.87,96.3,70338433489,209736800985,58624311,174806305,11129.85,25.59,synthetic_demo,GOOD
2026-10-07T04:57:14.943559+00:00,Wi-Fi,Wi-Fi,30.51,0.0,2.97,60.97,29.53,86.6,70356888561,209774908704,58639690,174838061,11047.42,20.15,synthetic_demo,GOOD
2026-10-07T04:57:19.943559+00:00,Wi-Fi,Wi-Fi,22.27,0.0,0.67,53.93,24.02,76.9,70371899336,209808616128,58652198,174866150,9515.27,28.91,synthetic_demo,GOOD
2026-10-07T04:57:24.943559+00:00,Wi-Fi,Wi-Fi,22.38,0.38,10.19,58.88,20.62,77.4,70384788698,209845416389,58662939,174896816,9705.0,41.67,synthetic_demo,MODERATE
2026-10-07T04:57:29.943559+00:00,Ethernet0,Ethernet,16.43,0.0,3.63,177.93,55.07,,70419209677,209956622104,58691623,174989487,28442.71,31.32,synthetic_demo,GOOD
2026-10-07T04:57:34.943559+00:00,Wi-Fi,Wi-Fi,28.05,0.0,1.38,61.28,14.76,90.8,70428434222,209994923843,58699310,175021405,9282.48,22.64,synthetic_demo,GOOD
2026-10-07T04:57:39.943559+00:00,Ethernet0,Ethernet,199.04,53.61,47.97,0.67,0.85,,70428966238,209995345537,58699753,175021756,186.27,78.89,synthetic_demo,POOR
2026-10-07T04:57:44.943559+00:00,Wi-Fi,Wi-Fi,21.15,0.0,1.3,73.52,26.64,78.9,70445614150,210041292503,58713626,175060045,12225.56,21.52,synthetic_demo,GOOD
2026-10-07T04:57:49.943559+00:00,Wi-Fi,Wi-Fi,25.34,0.0,0.56,64.06,32.98,96.8,70466224327,210081329561,58730801,175093409,11845.16,32.05,synthetic_demo,GOOD
2026-10-07T04:57:54.943559+00:00,Wi-Fi,Wi-Fi,102.55,3.02,10.7,14.16,7.62,43.3,70470988182,210090178174,58734770,175100782,2658.69,55.83,synthetic_demo,MODERATE
2026-10-07T04:57:59.943559+00:00,Wi-Fi,Wi-Fi,294.3,15.55,42.81,0.8,0.18,12.6,70471103517,210090680990,58734866,175101201,120.73,78.31,synthetic_demo,POOR
2026-10-07T04:58:04.943559+00:00,Ethernet0,Ethernet,6.71,0.0,0.1,153.84,47.35,,70500699299,210186832532,58759529,175181327,24560.02,18.45,synthetic_demo,GOOD
2026-10-07T04:58:09.943559+00:00,Ethernet0,Ethernet,89.11,3.59,18.79,25.17,3.63,,70502968047,210202562955,58761419,175194435,3515.46,97.93,synthetic_demo,MODERATE
2026-10-07T04:58:14.943559+00:00,Wi-Fi,Wi-Fi,66.5,1.59,23.32,3.57,1.97,79.0,70504199927,210204795760,58762445,175196295,676.7,93.18,synthetic_demo,POOR
2026-10-07T04:58:19.943559+00:00,Wi-Fi,Wi-Fi,114.47,2.5,17.56,10.63,4.53,51.9,70507030282,210211437970,58764803,175201830,1850.11,46.32,synthetic_demo,MODERATE
2026-10-07T04:58:24.943559+00:00,Ethernet0,Ethernet,13.13,0.0,0.26,136.89,54.5,,70541094419,210296997334,58793189,175273129,23363.97,16.36,synthetic_demo,GOOD
2026-10-07T04:58:29.943559+00:00,Wi-Fi,Wi-Fi,103.55,2.9,15.69,13.54,2.58,82.7,70542706716,210305459422,58794532,175280180,1967.65,96.56,synthetic_demo,MODERATE
2026-10-07T04:58:34.943559+00:00,Ethernet0,Ethernet,12.12,0.0,0.55,155.8,31.49,,70562387318,210402833364,58810932,175361324,22862.22,6.42,synthetic_demo,GOOD
2026-10-07T04:58:39.943559+00:00,Wi-Fi,Wi-Fi,47.05,2.99,10.23,10.18,6.17,45.9,70566242424,210409196225,58814144,175366626,1995.7,44.45,synthetic_demo,MODERATE
2026-10-07T04:58:44.943559+00:00,Wi-Fi,Wi-Fi,117.28,1.1,17.6,13.95,6.45,69.2,70570275170,210417915366,58817504,175373891,2490.6,93.86,synthetic_demo,MODERATE
2026-10-07T04:58:49.943559+00:00,Ethernet0,Ethernet,13.94,0.0,0.31,180.17,56.5,,70605590422,210530519043,58846933,175467727,28890.42,15.71,synthetic_demo,GOOD
2026-10-07T04:58:54.943559+00:00,Wi-Fi,Wi-Fi,117.26,11.5,24.0,3.6,1.71,26.7,70606659012,210532771344,58847823,175469603,648.61,56.32,synthetic_demo,POOR
2026-10-07T04:58:59.943559+00:00,Ethernet0,Ethernet,11.96,0.0,2.76,128.3,49.27,,70637455410,210612959827,58873486,175536426,21676.73,31.66,synthetic_demo,GOOD
2026-10-07T04:59:04.943559+00:00,Wi-Fi,Wi-Fi,171.23,7.88,21.71,7.3,2.84,28.5,70639229986,210617521619,58874964,175540227,1237.57,54.57,synthetic_demo,POOR
2026-10-07T04:59:09.943559+00:00,Wi-Fi,Wi-Fi,20.85,0.0,3.5,61.33,24.7,94.6,70654667314,210655854060,58887828,175572170,10501.91,13.79,synthetic_demo,GOOD
2026-10-07T04:59:14.943559+00:00,Ethernet0,Ethernet,15.98,0.0,3.63,171.08,71.29,,70699222506,210762777519,58924957,175661272,29585.67,34.6,synthetic_demo,GOOD
2026-10-07T04:59:19.943559+00:00,Ethernet0,Ethernet,14.57,0.0,2.39,157.24,45.95,,70727939539,210861049826,58948887,175743165,24802.61,27.83,synthetic_demo,GOOD
2026-10-07T04:59:24.943559+00:00,Ethernet0,Ethernet,283.57,43.83,53.89,1.21,0.15,,70728035471,210861807876,58948966,175743796,166.79,80.55,synthetic_demo,POOR
2026-10-07T04:59:29.943559+00:00,Ethernet0,Ethernet,14.84,0.0,0.1,163.57,56.69,,70763466250,210964041934,58978491,175828991,26887.66,19.89,synthetic_demo,GOOD
2026-10-07T04:59:34.943559+00:00,Ethernet0,Ethernet,12.53,0.0,0.66,154.7,53.17,,70796697990,211060729310,59006184,175909563,25374.83,33.85,synthetic_demo,GOOD
2026-10-07T04:59:39.943559+00:00,Wi-Fi,Wi-Fi,21.77,0.0,3.32,90.8,31.12,89.2,70816149024,211117476234,59022393,175956852,14882.41,28.45,synthetic_demo,GOOD
2026-10-07T04:59:44.943559+00:00,Wi-Fi,Wi-Fi,63.55,0.51,9.09,16.66,6.44,52.6,70820175637,211127891129,59025748,175965531,2820.61,50.87,synthetic_demo,MODERATE
2026-10-07T04:59:49.943559+00:00,Wi-Fi,Wi-Fi,74.59,2.28,9.51,18.04,5.94,45.1,70823889695,211139164440,59028843,175974925,2927.22,62.67,synthetic_demo,MODERATE
2026-10-07T04:59:54.943559+00:00,Ethernet0,Ethernet,12.47,0.0,0.38,140.88,37.86,,70847554069,211227213186,59048563,176048298,21818.97,10.99,synthetic_demo,GOOD
2026-10-07T04:59:59.943559+00:00,Wi-Fi,Wi-Fi,25.97,0.0,5.66,80.79,19.9,89.2,70859991895,211277705395,59058927,176090374,12291.02,16.52,synthetic_demo,GOOD
2026-10-07T05:00:04.943559+00:00,Ethernet0,Ethernet,14.01,0.0,1.5,128.93,53.82,,70893631210,211358288950,59086959,176157526,22309.15,15.57,synthetic_demo,GOOD
2026-10-07T05:00:09.943559+00:00,Ethernet0,Ethernet,12.4,0.0,2.02,143.63,49.16,,70924358963,211448055060,59112565,176232331,23533.96,7.87,synthetic_demo,GOOD
2026-10-07T05:00:14.943559+00:00,Wi-Fi,Wi-Fi,31.08,0.0,0.89,98.05,20.77,95.8,70937343040,211509334905,59123385,176283397,14504.67,27.02,synthetic_demo,GOOD
2026-10-07T05:00:19.943559+00:00,Ethernet0,Ethernet,78.31,2.45,22.39,12.48,5.69,,70940899868,211517132217,59126349,176289894,2217.61,95.47,synthetic_demo,MODERATE
2026-10-07T05:00:24.943559+00:00,Ethernet0,Ethernet,16.92,0.0,0.34,190.98,45.43,,70969293286,211636494715,59150010,176389362,28858.58,29.29,synthetic_demo,GOOD
2026-10-07T05:00:29.943559+00:00,Wi-Fi,Wi-Fi,16.46,0.0,0.54,42.71,31.77,88.1,70989152242,211663189854,59166559,176411607,9092.6,32.67,synthetic_demo,GOOD
2026-10-07T05:00:34.943559+00:00,Wi-Fi,Wi-Fi,27.06,0.0,0.33,71.75,19.62,90.4,71001417203,211708034459,59176779,176448977,11154.21,39.6,synthetic_demo,GOOD
2026-10-07T05:00:39.943559+00:00,Ethernet0,Ethernet,299.7,15.92,60.0,1.53,0.51,,71001733395,211708990314,59177042,176449773,248.45,73.33,synthetic_demo,POOR
2026-10-07T05:00:44.943559+00:00,Wi-Fi,Wi-Fi,255.03,37.07,59.38,1.29,0.8,25.3,71002231111,211709796708,59177456,176450444,254.71,87.37,synthetic_demo,POOR
2026-10-07T05:00:49.943559+00:00,Wi-Fi,Wi-Fi,147.32,6.15,21.94,4.64,2.18,40.9,71003590886,211712693594,59178589,176452858,831.38,76.27,synthetic_demo,POOR
2026-10-07T05:00:54.943559+00:00,Ethernet0,Ethernet,11.91,0.0,1.54,197.25,49.75,,71034687268,211835976822,59204502,176555594,30152.27,18.07,synthetic_demo,GOOD
2026-10-07T05:00:59.943559+00:00,Ethernet0,Ethernet,12.73,0.0,0.37,150.37,62.59,,71073803728,211929958620,59237099,176633912,25995.75,7.57,synthetic_demo,GOOD
2026-10-07T05:01:04.943559+00:00,Wi-Fi,Wi-Fi,11.67,0.0,1.64,101.53,20.17,92.8,71086407371,211993417919,59247602,176686794,14856.04,44.51,synthetic_demo,GOOD
2026-10-07T05:01:09.943559+00:00,Wi-Fi,Wi-Fi,22.56,0.0,6.38,59.53,30.78,97.7,71105644559,212030626466,59263632,176717801,11024.56,29.26,synthetic_demo,GOOD
2026-10-07T05:01:14.943559+00:00,Wi-Fi,Wi-Fi,78.18,0.85,13.28,17.38,4.21,35.2,71108273948,212041490277,59265823,176726854,2635.39,48.97,synthetic_demo,MODERATE
2026-10-07T05:01:19.943559+00:00,Ethernet0,Ethernet,116.29,1.21,32.94,16.17,6.08,,71112076894,212051599581,59268992,176735278,2717.24,90.09,synthetic_demo,POOR
2026-10-07T05:01:24.943559+00:00,Wi-Fi,Wi-Fi,146.07,8.89,15.05,2.98,1.06,32.6,71112741890,212053465183,59269546,176736832,494.26,62.85,synthetic_demo,POOR
2026-10-07T05:01:29.943559+00:00,Wi-Fi,Wi-Fi,171.68,11.03,27.96,2.63,3.81,44.8,71115124373,212055109904,59271531,176738202,786.56,69.42,synthetic_demo,POOR
2026-10-07T05:01:34.943559+00:00,Wi-Fi,Wi-Fi,20.14,0.34,0.43,83.55,23.15,80.9,71129591911,212107328278,59283587,176781717,13024.59,36.08,synthetic_demo,GOOD
2026-10-07T05:01:39.943559+00:00,Wi-Fi,Wi-Fi,86.69,2.17,27.28,7.52,2.78,67.9,71131331034,212112028045,59285036,176785633,1257.6,89.52,synthetic_demo,POOR
2026-10-07T05:01:44.943559+00:00,Wi-Fi,Wi-Fi,25.22,0.0,2.1,84.02,19.79,85.8,71143701379,212164538762,59295344,176829391,12672.08,16.44,synthetic_demo,GOOD
2026-10-07T05:01:49.943559+00:00,Ethernet0,Ethernet,14.84,0.0,0.63,134.11,56.88,,71179249961,212248356763,59324967,176899239,23313.79,17.11,synthetic_demo,GOOD
2026-10-07T05:01:54.943559+00:00,Wi-Fi,Wi-Fi,124.13,2.83,8.57,12.04,0.01,73.6,71179256211,212255882371,59324972,176905510,1471.07,92.17,synthetic_demo,MODERATE
2026-10-07T05:01:59.943559+00:00,Ethernet0,Ethernet,11.53,0.0,1.14,133.79,54.62,,71213394089,212339500964,59353420,176975192,22999.31,11.65,synthetic_demo,GOOD
2026-10-07T05:02:04.943559+00:00,Wi-Fi,Wi-Fi,32.5,0.0,0.11,49.33,15.62,80.4,71223153893,212370329309,59361553,177000882,7927.37,36.75,synthetic_demo,GOOD
2026-10-07T05:02:09.943559+00:00,Wi-Fi,Wi-Fi,32.87,0.0,2.78,59.18,25.78,83.1,71239265187,212407319558,59374979,177031707,10371.4,44.53,synthetic_demo,GOOD
2026-10-07T05:02:14.943559+00:00,Wi-Fi,Wi-Fi,100.92,1.51,10.79,14.56,4.91,60.7,71242332962,212416421342,59377535,177039291,2376.87,92.44,synthetic_demo,MODERATE
2026-10-07T05:02:19.943559+00:00,Wi-Fi,Wi-Fi,103.12,1.97,18.02,10.43,5.73,61.6,71245916241,212422939937,59380521,177044723,1973.02,85.21,synthetic_demo,MODERATE
2026-10-07T05:02:24.943559+00:00,Wi-Fi,Wi-Fi,28.34,0.0,3.86,51.23,17.58,83.8,71256902009,212454955860,59389675,177071402,8398.77,15.35,synthetic_demo,GOOD
2026-10-07T05:02:29.943559+00:00,Wi-Fi,Wi-Fi,107.83,6.93,38.92,7.01,2.23,26.0,71258293028,212459339987,59390834,177075055,1127.96,70.71,synthetic_demo,POOR
2026-10-07T05:02:34.943559+00:00,Wi-Fi,Wi-Fi,21.24,0.0,2.84,72.55,30.56,81.6,71277391013,212504685982,59406748,177112843,12586.71,33.7,synthetic_demo,GOOD
2026-10-07T05:02:39.943559+00:00,Wi-Fi,Wi-Fi,27.53,0.0,0.55,73.23,26.69,91.4,71294070720,212550453223,59420647,177150982,12196.67,36.39,synthetic_demo,GOOD
2026-10-07T05:02:44.943559+00:00,Ethernet0,Ethernet,98.31,1.66,17.48,5.16,4.2,,71296695970,212553676050,59422834,177153667,1142.2,92.65,synthetic_demo,MODERATE
2026-10-07T05:02:49.943559+00:00,Wi-Fi,Wi-Fi,150.75,1.08,25.71,15.4,2.91,72.7,71298511868,212563299122,59424347,177161686,2234.17,86.71,synthetic_demo,POOR
2026-10-07T05:02:54.943559+00:00,Ethernet0,Ethernet,246.26,29.37,84.4,0.96,0.38,,71298748678,212563897071,59424544,177162184,163.04,97.66,synthetic_demo,POOR
2026-10-07T05:02:59.943559+00:00,Ethernet0,Ethernet,10.67,0.0,0.79,124.82,66.15,,71340091962,212641907328,59458996,177227192,23311.24,22.08,synthetic_demo,GOOD
2026-10-07T05:03:04.943559+00:00,Wi-Fi,Wi-Fi,109.73,2.86,13.69,15.13,4.09,73.2,71342645093,212651360570,59461123,177235069,2344.99,87.47,synthetic_demo,MODERATE
2026-10-07T05:03:09.943559+00:00,Wi-Fi,Wi-Fi,73.52,1.29,18.48,25.26,5.89,36.0,71346329104,212667145275,59464193,177248222,3802.48,64.51,synthetic_demo,MODERATE
2026-10-07T05:03:14.943559+00:00,Wi-Fi,Wi-Fi,158.47,6.41,21.7,4.21,2.9,36.5,71348143212,212669774205,59465704,177250412,867.78,53.82,synthetic_demo,POOR
2026-10-07T05:03:19.943559+00:00,Ethernet0,Ethernet,10.69,0.0,1.51,162.2,59.94,,71385606942,212771151243,59496923,177334892,27117.34,25.61,synthetic_demo,GOOD
2026-10-07T05:03:24.943559+00:00,Ethernet0,Ethernet,137.42,3.73,24.43,16.41,3.3,,71387670655,212781404965,59498642,177343436,2405.75,96.89,synthetic_demo,MODERATE
2026-10-07T05:03:29.943559+00:00,Wi-Fi,Wi-Fi,82.3,1.02,10.07,24.14,5.71,50.8,71391240797,212796489425,59501617,177356006,3643.48,59.96,synthetic_demo,MODERATE
2026-10-07T05:03:34.943559+00:00,Wi-Fi,Wi-Fi,22.97,0.0,0.7,80.4,26.71,87.9,71407934213,212846741909,59515528,177397883,13075.37,43.53,synthetic_demo,GOOD
2026-10-07T05:03:39.943559+00:00,Wi-Fi,Wi-Fi,26.21,0.0,2.49,90.9,26.69,77.1,71424616655,212903553569,59529430,177445226,14354.32,15.88,synthetic_demo,GOOD
2026-10-07T05:03:44.943559+00:00,Wi-Fi,Wi-Fi,27.52,0.0,1.32,70.52,25.44,85.9,71440515561,212947626362,59542679,177481953,11713.22,39.15,synthetic_demo,GOOD
2026-10-07T05:03:49.943559+00:00,Wi-Fi,Wi-Fi,90.86,2.14,13.33,17.81,6.3,47.4,71444454992,212958758768,59545961,177491230,2943.72,56.02,synthetic_demo,MODERATE
2026-10-07T05:03:54.943559+00:00,Wi-Fi,Wi-Fi,125.45,9.82,43.9,6.59,4.74,26.7,71447419494,212962879980,59548431,177494664,1383.93,64.26,synthetic_demo,POOR
2026-10-07T05:03:59.943559+00:00,Wi-Fi,Wi-Fi,97.01,2.06,23.58,14.05,5.55,43.5,71450888781,212971659315,59551322,177501980,2392.31,64.69,synthetic_demo,MODERATE
2026-10-07T05:04:04.943559+00:00,Wi-Fi,Wi-Fi,105.67,2.17,14.72,24.55,3.93,51.7,71453345772,212987002508,59553369,177514765,3476.6,54.78,synthetic_demo,MODERATE
2026-10-07T05:04:09.943559+00:00,Wi-Fi,Wi-Fi,79.14,2.66,9.63,16.18,2.72,39.1,71455045060,212997115038,59554785,177523192,2307.0,44.33,synthetic_demo,POOR
2026-10-07T05:04:14.943559+00:00,Ethernet0,Ethernet,9.67,0.0,2.11,149.29,32.63,,71475437412,213090420592,59571778,177600946,22206.62,18.92,synthetic_demo,GOOD
2026-10-07T05:04:19.943559+00:00,Ethernet0,Ethernet,8.66,0.0,3.09,132.63,47.04,,71504840124,213173313661,59596280,177670023,21932.77,26.64,synthetic_demo,GOOD
2026-10-07T05:04:24.943559+00:00,Wi-Fi,Wi-Fi,30.95,0.0,0.27,67.2,27.99,91.3,71522330889,213215314694,59610855,177705023,11619.49,28.46,synthetic_demo,GOOD
2026-10-07T05:04:29.943559+00:00,Wi-Fi,Wi-Fi,23.54,0.0,0.1,103.96,28.49,85.5,71540136828,213280292546,59625693,177759171,16168.71,26.09,synthetic_demo,GOOD
2026-10-07T05:04:34.943559+00:00,Ethernet0,Ethernet,13.33,0.0,0.42,165.08,55.35,,71574727892,213383470525,59654518,177845152,26908.02,32.22,synthetic_demo,GOOD
2026-10-07T05:04:39.943559+00:00,Wi-Fi,Wi-Fi,23.14,2.99,17.59,21.35,6.77,48.1,71578957897,213396813723,59658043,177856271,3432.27,70.92,synthetic_demo,MODERATE
2026-10-07T05:04:44.943559+00:00,Wi-Fi,Wi-Fi,26.32,0.3,2.97,65.93,25.22,78.4,71594719914,213438022546,59671178,177890611,11127.12,14.98,synthetic_demo,GOOD
2026-10-07T05:04:49.943559+00:00,Wi-Fi,Wi-Fi,23.93,0.0,1.98,86.54,17.71,88.8,71605790798,213492112773,59680403,177935686,12726.78,43.93,synthetic_demo,GOOD
2026-10-07T05:04:54.943559+00:00,Wi-Fi,Wi-Fi,17.25,0.0,0.4,52.59,32.4,95.1,71626042295,213524982028,59697279,177963077,10375.15,43.7,synthetic_demo,GOOD
2026-10-07T05:04:59.943559+00:00,Ethernet0,Ethernet,11.72,0.0,1.46,171.46,49.93,,71657248171,213632146619,59723283,178052380,27025.48,27.19,synthetic_demo,GOOD
2026-10-07T05:05:04.943559+00:00,Wi-Fi,Wi-Fi,205.72,41.81,82.22,2.26,0.67,28.8,71657666884,213633556648,59723631,178053555,357.18,95.99,synthetic_demo,POOR
2026-10-07T05:05:09.943559+00:00,Wi-Fi,Wi-Fi,169.43,6.23,28.89,5.27,3.94,39.9,71660127314,213636851225,59725681,178056300,1124.02,55.77,synthetic_demo,POOR
2026-10-07T05:05:14.943559+00:00,Wi-Fi,Wi-Fi,118.92,1.81,10.94,9.87,5.63,76.5,71663642991,213643020060,59728610,178061440,1891.51,98.28,synthetic_demo,MODERATE
2026-10-07T05:05:19.943559+00:00,Ethernet0,Ethernet,8.47,0.0,0.1,161.7,43.38,,71690754577,213744081376,59751202,178145657,25033.77,10.88,synthetic_demo,GOOD
2026-10-07T05:05:24.943559+00:00,Ethernet0,Ethernet,67.01,2.56,10.64,9.05,1.4,,71691630435,213749736408,59751931,178150369,1275.56,88.1,synthetic_demo,MODERATE
2026-10-07T05:05:29.943559+00:00,Wi-Fi,Wi-Fi,115.81,7.13,48.63,9.44,2.24,30.2,71693032554,213755636788,59753099,178155285,1426.27,74.92,synthetic_demo,POOR
2026-10-07T05:05:34.943559+00:00,Wi-Fi,Wi-Fi,106.69,2.86,38.4,6.57,3.59,79.2,71695277348,213759741372,59754969,178158705,1240.11,95.74,synthetic_demo,POOR
2026-10-07T05:05:39.943559+00:00,Ethernet0,Ethernet,8.76,0.0,0.65,142.28,43.02,,71722165525,213848668818,59777375,178232811,22620.24,27.77,synthetic_demo,GOOD
2026-10-07T05:05:44.943559+00:00,Wi-Fi,Wi-Fi,104.24,2.76,15.26,17.97,11.29,53.6,71729219979,213859902913,59783253,178242172,3571.98,59.92,synthetic_demo,MODERATE
2026-10-07T05:05:49.943559+00:00,Wi-Fi,Wi-Fi,173.45,5.04,31.49,3.63,2.32,41.4,71730668809,213862173507,59784460,178244064,726.45,77.74,synthetic_demo,POOR
2026-10-07T05:05:54.943559+00:00,Wi-Fi,Wi-Fi,117.56,2.82,15.24,23.46,5.93,43.7,71734372010,213876837145,59787546,178256283,3587.27,71.22,synthetic_demo,MODERATE
2026-10-07T05:05:59.943559+00:00,Wi-Fi,Wi-Fi,42.33,0.51,24.16,22.35,5.19,43.6,71737618119,213890807576,59790251,178267925,3362.61,54.75,synthetic_demo,MODERATE
2026-10-07T05:06:04.943559+00:00,Wi-Fi,Wi-Fi,15.8,0.0,1.41,73.63,25.67,94.2,71753661141,213936827607,59803620,178306275,12121.69,34.04,synthetic_demo,GOOD
2026-10-07T05:06:09.943559+00:00,Wi-Fi,Wi-Fi,92.12,1.14,7.2,16.16,2.27,49.5,71755081222,213946925997,59804803,178314690,2249.7,72.79,synthetic_demo,MODERATE
2026-10-07T05:06:14.943559+00:00,Ethernet0,Ethernet,12.88,0.0,0.66,168.17,52.34,,71787794031,214052034844,59832063,178402280,26918.29,13.1,synthetic_demo,GOOD
2026-10-07T05:06:19.943559+00:00,Wi-Fi,Wi-Fi,110.02,2.47,14.81,28.25,5.31,47.7,71791114424,214069693875,59834829,178416995,4097.54,61.99,synthetic_demo,MODERATE
2026-10-07T05:06:24.943559+00:00,Ethernet0,Ethernet,10.42,0.0,2.48,129.92,42.66,,71817777488,214150896564,59857048,178484663,21067.53,6.65,synthetic_demo,GOOD
2026-10-07T05:06:29.943559+00:00,Wi-Fi,Wi-Fi,29.08,0.0,1.58,69.46,23.65,75.3,71832558797,214194312003,59869365,178520842,11366.55,24.97,synthetic_demo,GOOD
2026-10-07T05:06:34.943559+00:00,Wi-Fi,Wi-Fi,31.39,0.0,0.69,59.37,21.23,85.7,71845826474,214231421034,59880421,178551766,9839.2,34.42,synthetic_demo,GOOD
2026-10-07T05:06:39.943559+00:00,Wi-Fi,Wi-Fi,51.17,1.56,16.49,14.93,4.69,37.7,71848757252,214240749666,59882863,178559539,2394.42,58.47,synthetic_demo,MODERATE
2026-10-07T05:06:44.943559+00:00,Ethernet0,Ethernet,13.91,0.0,0.7,136.15,56.85,,71884289021,214325842521,59912472,178630449,23559.5,29.19,synthetic_demo,GOOD
2026-10-07T05:06:49.943559+00:00,Ethernet0,Ethernet,114.27,2.72,11.44,10.34,3.48,,71886461490,214332307880,59914282,178635836,1687.08,92.44,synthetic_demo,MODERATE
2026-10-07T05:06:54.943559+00:00,Ethernet0,Ethernet,87.02,3.59,21.56,15.73,6.25,,71890366440,214342136836,59917536,178644026,2682.4,94.01,synthetic_demo,MODERATE
2026-10-07T05:06:59.943559+00:00,Ethernet0,Ethernet,12.5,0.0,2.02,149.17,59.8,,71927741498,214435368145,59948681,178721718,25509.06,26.52,synthetic_demo,GOOD
2026-10-07T05:07:04.943559+00:00,Ethernet0,Ethernet,11.49,0.0,4.16,161.67,39.81,,71952623899,214536411251,59969416,178805920,24594.83,32.66,synthetic_demo,GOOD
2026-10-07T05:07:09.943559+00:00,Ethernet0,Ethernet,10.71,0.0,0.32,148.44,28.66,,71970534140,214629185325,59984341,178883231,21618.03,21.74,synthetic_demo,GOOD
2026-10-07T05:07:14.943559+00:00,Wi-Fi,Wi-Fi,168.89,11.49,26.67,5.95,0.23,40.6,71970675371,214632904837,59984458,178886330,754.05,66.45,synthetic_demo,POOR
2026-10-07T05:07:19.943559+00:00,Wi-Fi,Wi-Fi,91.48,2.72,13.77,22.37,5.38,39.3,71974037549,214646885270,59987259,178897980,3387.23,62.18,synthetic_demo,POOR
2026-10-07T05:07:24.943559+00:00,Wi-Fi,Wi-Fi,25.48,0.04,1.03,70.76,25.22,86.1,71989800454,214691112804,60000394,178934836,11716.88,31.9,synthetic_demo,GOOD
2026-10-07T05:07:29.943559+00:00,Ethernet0,Ethernet,10.31,0.0,1.4,146.95,69.49,,72033232316,214782953691,60036587,179011370,26420.46,11.23,synthetic_demo,GOOD
2026-10-07T05:07:34.943559+00:00,Wi-Fi,Wi-Fi,76.22,2.54,13.23,11.31,6.95,53.8,72037573889,214790022123,60040204,179017260,2228.52,74.95,synthetic_demo,MODERATE
2026-10-07T05:07:39.943559+00:00,Wi-Fi,Wi-Fi,136.34,5.26,17.26,11.1,0.08,26.0,72037624997,214796958995,60040246,179023040,1364.84,74.77,synthetic_demo,POOR
2026-10-07T05:07:44.943559+00:00,Wi-Fi,Wi-Fi,146.47,11.74,11.78,7.15,1.83,43.3,72038766706,214801429235,60041197,179026765,1096.08,79.95,synthetic_demo,POOR
2026-10-07T05:07:49.943559+00:00,Wi-Fi,Wi-Fi,86.22,2.09,20.93,24.29,3.95,48.9,72041235424,214816608410,60043254,179039414,3446.85,40.11,synthetic_demo,MODERATE
2026-10-07T05:07:54.943559+00:00,Ethernet0,Ethernet,13.07,0.0,1.21,165.86,43.73,,72068566359,214920269116,60066029,179125797,25584.3,17.16,synthetic_demo,GOOD
2026-10-07T05:07:59.943559+00:00,Ethernet0,Ethernet,10.81,0.0,0.27,149.71,40.57,,72093923640,215013840277,60087160,179203772,23228.21,6.38,synthetic_demo,GOOD
2026-10-07T05:08:04.943559+00:00,Ethernet0,Ethernet,9.87,0.0,1.11,124.62,73.87,,72140090447,215091729326,60125632,179268679,24229.66,31.09,synthetic_demo,GOOD
2026-10-07T05:08:09.943559+00:00,Wi-Fi,Wi-Fi,25.53,0.0,0.13,68.56,38.12,79.4,72163916637,215134576892,60145487,179304385,13022.22,18.84,synthetic_demo,GOOD
2026-10-07T05:08:14.943559+00:00,Ethernet0,Ethernet,11.73,0.0,1.26,171.74,42.44,,72190439603,215241913885,60167589,179393832,26144.52,27.4,synthetic_demo,GOOD
2026-10-07T05:08:19.943559+00:00,Wi-Fi,Wi-Fi,24.21,0.0,1.26,42.62,18.25,81.7,72201844061,215268552702,60177092,179416031,7430.33,20.87,synthetic_demo,GOOD
2026-10-07T05:08:24.943559+00:00,Wi-Fi,Wi-Fi,28.5,0.0,5.38,102.39,34.31,76.3,72223290507,215332545316,60194964,179469358,16687.32,32.73,synthetic_demo,GOOD
2026-10-07T05:08:29.943559+00:00,Wi-Fi,Wi-Fi,294.82,17.05,60.43,1.56,0.59,14.1,72223656751,215333518411,60195269,179470168,261.59,89.39,synthetic_demo,POOR
2026-10-07T05:08:34.943559+00:00,Wi-Fi,Wi-Fi,105.49,0.83,16.56,24.69,8.29,41.4,72228837417,215348947426,60199586,179483025,4025.33,43.29,synthetic_demo,MODERATE
2026-10-07T05:08:39.943559+00:00,Wi-Fi,Wi-Fi,116.62,8.34,22.98,5.93,1.99,37.3,72230083361,215352656097,60200624,179486115,967.7,74.88,synthetic_demo,POOR
2026-10-07T05:08:44.943559+00:00,Wi-Fi,Wi-Fi,92.89,2.84,15.49,18.78,3.94,65.5,72232545364,215364396106,60202675,179495898,2773.83,96.79,synthetic_demo,MODERATE
2026-10-07T05:08:49.943559+00:00,Ethernet0,Ethernet,10.86,0.0,2.0,131.56,40.34,,72257755169,215446623157,60223683,179564420,20983.76,26.77,synthetic_demo,GOOD
2026-10-07T05:08:54.943559+00:00,Ethernet0,Ethernet,131.17,3.11,23.67,13.87,5.75,,72261347331,215455293486,60226676,179571645,2395.02,94.74,synthetic_demo,MODERATE
2026-10-07T05:08:59.943559+00:00,Wi-Fi,Wi-Fi,22.03,0.0,1.31,75.38,29.14,89.4,72279558673,215502403528,60241852,179610903,12758.08,24.54,synthetic_demo,GOOD
2026-10-07T05:09:04.943559+00:00,Wi-Fi,Wi-Fi,61.96,2.93,20.76,19.94,4.79,44.5,72282550247,215514866218,60244344,179621288,3018.41,64.46,synthetic_demo,MODERATE
2026-10-07T05:09:09.943559+00:00,Wi-Fi,Wi-Fi,19.46,0.0,10.02,76.43,20.93,96.7,72295633621,215562632954,60255246,179661093,11884.79,37.26,synthetic_demo,MODERATE
2026-10-07T05:09:14.943559+00:00,Wi-Fi,Wi-Fi,291.87,42.16,41.84,2.03,0.23,19.2,72295778323,215563904498,60255366,179662152,276.61,91.08,synthetic_demo,POOR
2026-10-07T05:09:19.943559+00:00,Wi-Fi,Wi-Fi,24.2,0.0,0.19,98.65,17.66,92.9,72306814782,215625561268,60264563,179713532,14197.9,42.23,synthetic_demo,GOOD
2026-10-07T05:09:24.943559+00:00,Wi-Fi,Wi-Fi,27.28,0.0,2.44,66.08,18.57,81.9,72318422936,215666860847,60274236,179747948,10333.54,13.76,synthetic_demo,GOOD
2026-10-07T05:09:29.943559+00:00,Wi-Fi,Wi-Fi,263.77,25.78,82.54,2.0,0.12,15.4,72318495609,215668113686,60274296,179748992,258.89,93.11,synthetic_demo,POOR
2026-10-07T05:09:34.943559+00:00,Ethernet0,Ethernet,12.34,0.0,0.3,120.19,43.01,,72345379423,215743232818,60296699,179811591,19922.45,6.52,synthetic_demo,GOOD
2026-10-07T05:09:39.943559+00:00,Ethernet0,Ethernet,117.13,3.49,21.22,8.16,5.8,,72349003096,215748330886,60299718,179815839,1703.47,88.92,synthetic_demo,MODERATE
2026-10-07T05:09:44.943559+00:00,Wi-Fi,Wi-Fi,132.46,1.35,20.1,14.95,6.24,80.2,72352901168,215757672775,60302966,179823623,2585.93,92.59,synthetic_demo,MODERATE
2026-10-07T05:09:49.943559+00:00,Wi-Fi,Wi-Fi,148.43,5.19,33.07,5.3,1.14,34.5,72353610854,215760986326,60303557,179826384,785.79,57.0,synthetic_demo,POOR
2026-10-07T05:09:54.943559+00:00,Wi-Fi,Wi-Fi,301.16,31.24,54.2,1.79,0.51,22.2,72353932163,215762103995,60303824,179827315,281.05,81.11,synthetic_demo,POOR
2026-10-07T05:09:59.943559+00:00,Wi-Fi,Wi-Fi,248.52,28.52,53.95,1.16,0.77,16.2,72354411774,215762830980,60304223,179827920,235.66,79.74,synthetic_demo,POOR
2026-10-07T05:10:04.943559+00:00,Ethernet0,Ethernet,9.87,0.0,0.1,101.42,47.72,,72384239342,215826217150,60329079,179880741,18205.81,8.05,synthetic_demo,GOOD
2026-10-07T05:10:09.943559+00:00,Wi-Fi,Wi-Fi,157.74,10.19,23.13,4.29,2.28,35.6,72385666661,215828896620,60330268,179882973,802.11,57.61,synthetic_demo,POOR
2026-10-07T05:10:14.943559+00:00,Wi-Fi,Wi-Fi,91.51,0.86,20.92,20.35,4.12,40.8,72388239777,215841612901,60332412,179893569,2986.21,59.12,synthetic_demo,MODERATE
2026-10-07T05:10:19.943559+00:00,Wi-Fi,Wi-Fi,86.13,2.37,15.9,13.95,4.45,39.9,72391023836,215850334441,60334732,179900836,2247.19,49.06,synthetic_demo,POOR
2026-10-07T05:10:24.943559+00:00,Ethernet0,Ethernet,13.43,0.0,0.78,185.28,52.4,,72423776401,215966134218,60362025,179997335,29014.13,16.14,synthetic_demo,GOOD
2026-10-07T05:10:29.943559+00:00,Wi-Fi,Wi-Fi,149.12,1.73,30.42,12.31,3.67,77.6,72426071359,215973828746,60363937,180003747,1951.07,85.36,synthetic_demo,POOR
2026-10-07T05:10:34.943559+00:00,Ethernet0,Ethernet,335.71,25.35,58.11,1.9,0.87,,72426618036,215975018569,60364392,180004738,339.16,94.44,synthetic_demo,POOR
2026-10-07T05:10:39.943559+00:00,Wi-Fi,Wi-Fi,162.6,7.6,25.75,3.76,1.47,43.2,72427539731,215977368275,60365160,180006696,638.95,64.94,synthetic_demo,POOR
2026-10-07T05:10:44.943559+00:00,Wi-Fi,Wi-Fi,24.82,0.0,0.35,75.57,24.65,95.2,72442943698,216024596547,60377996,180046052,12232.86,38.68,synthetic_demo,GOOD
2026-10-07T05:10:49.943559+00:00,Ethernet0,Ethernet,10.04,0.0,1.42,133.21,52.79,,72475937662,216107854350,60405490,180115433,22705.42,13.55,synthetic_demo,GOOD
2026-10-07T05:10:54.943559+00:00,Wi-Fi,Wi-Fi,20.44,0.0,0.87,52.67,18.69,86.2,72487619425,216140771259,60415224,180142863,8710.68,16.07,synthetic_demo,GOOD
2026-10-07T05:10:59.943559+00:00,Wi-Fi,Wi-Fi,81.9,10.41,27.9,7.76,2.37,43.5,72489101764,216145621649,60416459,180146904,1236.86,51.23,synthetic_demo,POOR
2026-10-07T05:11:04.943559+00:00,Wi-Fi,Wi-Fi,91.1,1.51,25.16,18.2,2.48,77.2,72490652841,216156993885,60417751,180156380,2524.08,89.5,synthetic_demo,POOR
2026-10-07T05:11:09.943559+00:00,Wi-Fi,Wi-Fi,28.77,0.0,0.81,92.24,28.61,88.4,72508532762,216214642730,60432650,180204420,14751.71,12.23,synthetic_demo,GOOD
2026-10-07T05:11:14.943559+00:00,Ethernet0,Ethernet,10.23,0.0,1.94,118.15,40.54,,72533871302,216288483508,60453765,180265953,19370.96,21.89,synthetic_demo,GOOD
2026-10-07T05:11:19.943559+00:00,Wi-Fi,Wi-Fi,31.52,0.0,1.61,81.06,29.5,77.4,72552308929,216339148908,60469129,180308174,13496.68,39.67,synthetic_demo,GOOD
2026-10-07T05:11:24.943559+00:00,Wi-Fi,Wi-Fi,22.5,0.0,0.57,103.82,35.72,96.3,72574635370,216404036100,60487734,180362246,17033.91,12.34,synthetic_demo,GOOD
2026-10-07T05:11:29.943559+00:00,Wi-Fi,Wi-Fi,285.9,57.16,64.17,0.1,0.07,16.6,72574681988,216404101008,60487772,180362300,21.78,93.06,synthetic_demo,POOR
2026-10-07T05:11:34.943559+00:00,Wi-Fi,Wi-Fi,63.96,0.81,10.17,16.16,6.03,41.4,72578452835,216414199309,60490914,180370715,2708.82,47.42,synthetic_demo,MODERATE
2026-10-07T05:11:39.943559+00:00,Wi-Fi,Wi-Fi,17.3,0.0,3.62,74.16,19.8,81.3,72590826073,216460551262,60501225,180409341,11469.76,23.25,synthetic_demo,GOOD
2026-10-07T05:11:44.943559+00:00,Wi-Fi,Wi-Fi,88.41,2.53,8.37,20.18,5.95,54.4,72594545891,216473166381,60504324,180419853,3190.42,57.73,synthetic_demo,MODERATE
2026-10-07T05:11:49.943559+00:00,Ethernet0,Ethernet,17.0,0.0,1.63,160.02,44.6,,72622419297,216573177265,60527551,180503195,24977.4,30.58,synthetic_demo,GOOD
2026-10-07T05:11:54.943559+00:00,Ethernet0,Ethernet,240.83,16.18,47.41,1.51,0.52,,72622747418,216574118212,60527824,180503979,247.86,86.54,synthetic_demo,POOR
2026-10-07T05:11:59.943559+00:00,Wi-Fi,Wi-Fi,31.41,0.0,5.76,62.76,33.57,90.8,72643726604,216613346247,60545306,180536669,11759.22,43.78,synthetic_demo,GOOD
2026-10-07T05:12:04.943559+00:00,Wi-Fi,Wi-Fi,24.03,0.0,4.03,64.13,26.67,93.7,72660397971,216653424503,60559198,180570067,11083.91,30.9,synthetic_demo,GOOD
2026-10-07T05:12:09.943559+00:00,Wi-Fi,Wi-Fi,27.08,0.22,1.57,100.41,25.95,88.7,72676618683,216716180206,60572715,180622363,15425.08,20.24,synthetic_demo,GOOD
2026-10-07T05:12:14.943559+00:00,Ethernet0,Ethernet,153.27,3.3,18.13,16.32,4.22,,72679255914,216726382344,60574912,180630864,2507.69,86.76,synthetic_demo,POOR
2026-10-07T05:12:19.943559+00:00,Ethernet0,Ethernet,115.2,1.16,27.16,6.78,3.72,,72681581320,216730621765,60576849,180634396,1282.19,93.8,synthetic_demo,POOR
2026-10-07T05:12:24.943559+00:00,Wi-Fi,Wi-Fi,66.49,1.51,21.37,8.06,5.65,77.5,72685113068,216735661224,60579792,180638595,1674.06,94.15,synthetic_demo,MODERATE
2026-10-07T05:12:29.943559+00:00,Wi-Fi,Wi-Fi,24.06,0.0,7.52,68.5,25.62,92.3,72701124060,216778471149,60593134,180674269,11488.46,38.12,synthetic_demo,GOOD
2026-10-07T05:12:34.943559+00:00,Wi-Fi,Wi-Fi,12.28,0.0,2.06,84.03,21.52,77.9,72714571919,216830987105,60604340,180718032,12883.56,24.64,synthetic_demo,GOOD
2026-10-07T05:12:39.943559+00:00,Ethernet0,Ethernet,15.66,0.0,0.32,169.54,52.79,,72747563121,216936951860,60631832,180806335,27139.84,32.3,synthetic_demo,GOOD
2026-10-07T05:12:44.943559+00:00,Ethernet0,Ethernet,89.42,2.67,17.91,12.2,2.37,,72749045743,216944574724,60633067,180812687,1778.42,98.1,synthetic_demo,MODERATE
2026-10-07T05:12:49.943559+00:00,Ethernet0,Ethernet,15.47,0.0,0.54,81.45,57.35,,72784888489,216995479029,60662935,180855107,16942.78,17.01,synthetic_demo,GOOD
2026-10-07T05:12:54.943559+00:00,Wi-Fi,Wi-Fi,58.15,2.96,12.78,30.9,2.98,45.9,72786751939,217014788893,60664487,180871198,4135.41,60.14,synthetic_demo,MODERATE
2026-10-07T05:12:59.943559+00:00,Wi-Fi,Wi-Fi,166.82,6.55,46.39,1.27,2.33,36.8,72788209238,217015580643,60665701,180871857,439.27,65.12,synthetic_demo,POOR
2026-10-07T05:13:04.943559+00:00,Wi-Fi,Wi-Fi,148.45,6.6,29.94,5.97,2.13,25.5,72789538099,217019312993,60666808,180874967,988.52,52.67,synthetic_demo,POOR
2026-10-07T05:13:09.943559+00:00,Wi-Fi,Wi-Fi,20.57,0.0,1.73,57.39,31.97,79.5,72809517960,217055181354,60683457,180904857,10907.86,41.99,synthetic_demo,GOOD
2026-10-07T05:13:14.943559+00:00,Wi-Fi,Wi-Fi,18.12,0.0,2.93,76.04,22.3,83.5,72823454627,217102706293,60695070,180944461,12004.22,42.35,synthetic_demo,GOOD
2026-10-07T05:13:19.943559+00:00,Ethernet0,Ethernet,12.75,0.0,1.55,166.84,55.38,,72858066133,217206979082,60723912,181031354,27125.84,5.32,synthetic_demo,GOOD
2026-10-07T05:13:24.943559+00:00,Wi-Fi,Wi-Fi,81.46,2.45,30.69,7.73,4.86,68.9,72861105286,217211810518,60726444,181035380,1537.22,95.11,synthetic_demo,POOR
2026-10-07T05:13:29.943559+00:00,Wi-Fi,Wi-Fi,135.99,10.77,40.44,3.55,1.02,25.1,72861745057,217214026375,60726977,181037226,557.74,76.03,synthetic_demo,POOR
2026-10-07T05:13:34.943559+00:00,Ethernet0,Ethernet,11.3,0.0,0.1,106.52,49.6,,72892747684,217280600545,60752812,181092704,19057.97,25.75,synthetic_demo,GOOD
2026-10-07T05:13:39.943559+00:00,Wi-Fi,Wi-Fi,27.66,0.0,2.64,37.55,24.26,88.7,72907907672,217304067039,60765445,181112259,7544.23,32.93,synthetic_demo,GOOD
2026-10-07T05:13:44.943559+00:00,Wi-Fi,Wi-Fi,142.43,9.94,31.81,6.86,3.0,28.5,72909784300,217308357042,60767008,181115834,1204.42,51.3,synthetic_demo,POOR
2026-10-07T05:13:49.943559+00:00,Wi-Fi,Wi-Fi,121.98,7.83,26.11,1.68,0.99,31.1,72910403727,217309408548,60767524,181116710,326.35,58.51,synthetic_demo,POOR
2026-10-07T05:13:54.943559+00:00,Ethernet0,Ethernet,14.1,0.0,0.38,169.2,61.63,,72948922325,217415159977,60799622,181204836,28177.74,17.64,synthetic_demo,GOOD
2026-10-07T05:13:59.943559+00:00,Wi-Fi,Wi-Fi,99.65,2.3,15.6,23.97,5.66,38.9,72952462723,217430143929,60802572,181217322,3618.04,52.58,synthetic_demo,POOR
2026-10-07T05:14:04.943559+00:00,Ethernet0,Ethernet,7.66,0.0,0.9,160.89,74.46,,72999001113,217530701354,60841353,181301119,28729.65,34.52,synthetic_demo,GOOD
2026-10-07T05:14:09.943559+00:00,Ethernet0,Ethernet,15.97,0.0,1.65,144.61,48.04,,73029025678,217621085656,60866373,181376439,23517.36,23.06,synthetic_demo,GOOD
2026-10-07T05:14:14.943559+00:00,Wi-Fi,Wi-Fi,143.74,7.82,42.42,3.03,4.48,27.8,73031825033,217622979652,60868705,181378017,916.67,75.94,synthetic_demo,POOR
2026-10-07T05:14:19.943559+00:00,Wi-Fi,Wi-Fi,52.15,8.7,39.77,4.73,0.48,37.4,73032125823,217625936873,60868955,181380481,636.33,57.92,synthetic_demo,POOR
2026-10-07T05:14:24.943559+00:00,Ethernet0,Ethernet,143.99,3.37,22.46,6.37,3.96,,73034602059,217629917279,60871018,181383798,1261.06,95.31,synthetic_demo,POOR
2026-10-07T05:14:29.943559+00:00,Ethernet0,Ethernet,16.47,0.0,1.5,119.28,35.13,,73056556904,217704469447,60889313,181445924,18849.03,34.4,synthetic_demo,GOOD
2026-10-07T05:14:34.943559+00:00,Wi-Fi,Wi-Fi,95.3,7.74,42.59,10.43,2.28,31.5,73057980458,217710987015,60890499,181451355,1551.0,77.96,synthetic_demo,POOR
2026-10-07T05:14:39.943559+00:00,Wi-Fi,Wi-Fi,22.78,0.0,1.14,94.86,20.89,87.7,73071037296,217770273688,60901379,181500760,14129.59,33.39,synthetic_demo,GOOD
2026-10-07T05:14:44.943559+00:00,Wi-Fi,Wi-Fi,27.17,0.0,2.9,67.25,23.3,89.9,73085600450,217812304755,60913514,181535785,11053.56,19.6,synthetic_demo,GOOD
2026-10-07T05:14:49.943559+00:00,Wi-Fi,Wi-Fi,60.34,3.14,19.24,20.21,5.16,46.5,73088828360,217824938389,60916203,181546313,3097.96,51.87,synthetic_demo,MODERATE
2026-10-07T05:14:54.943559+00:00,Ethernet0,Ethernet,11.77,0.0,1.71,149.24,65.72,,73129905973,217918215362,60950434,181624043,26241.13,21.7,synthetic_demo,GOOD
2026-10-07T05:14:59.943559+00:00,Wi-Fi,Wi-Fi,160.21,3.17,17.59,18.21,2.63,66.5,73131546621,217929594811,60951801,181633525,2542.99,96.65,synthetic_demo,POOR
2026-10-07T05:15:04.943559+00:00,Wi-Fi,Wi-Fi,101.87,1.93,17.68,15.69,3.05,42.6,73133454688,217939401223,60953391,181641697,2287.98,51.65,synthetic_demo,MODERATE
2026-10-07T05:15:09.943559+00:00,Ethernet0,Ethernet,13.69,0.0,3.28,134.98,49.81,,73164586584,218023762713,60979334,181711998,22557.3,34.63,synthetic_demo,GOOD
2026-10-07T05:15:14.943559+00:00,Ethernet0,Ethernet,12.23,0.0,0.13,156.65,37.5,,73188025367,218121667530,60998866,181793585,23699.92,7.42,synthetic_demo,GOOD
2026-10-07T05:15:19.943559+00:00,Ethernet0,Ethernet,14.35,0.0,4.29,150.72,59.18,,73225015743,218215864425,61029691,181872082,25622.51,25.05,synthetic_demo,GOOD
2026-10-07T05:15:24.943559+00:00,Ethernet0,Ethernet,11.06,0.0,3.0,155.74,58.45,,73261549275,218313203661,61060135,181953198,26147.03,29.99,synthetic_demo,GOOD
2026-10-07T05:15:29.943559+00:00,Wi-Fi,Wi-Fi,62.16,2.45,17.44,10.98,5.29,53.7,73264857740,218320063294,61062892,181958914,1985.96,41.59,synthetic_demo,MODERATE
2026-10-07T05:15:34.943559+00:00,Wi-Fi,Wi-Fi,189.31,6.88,30.28,11.65,2.27,44.0,73266276990,218327342380,61064074,181964979,1698.89,53.59,synthetic_demo,POOR
2026-10-07T05:15:39.943559+00:00,Ethernet0,Ethernet,12.08,0.0,0.79,125.44,55.31,,73300843521,218405743284,61092879,182030313,22063.95,31.5,synthetic_demo,GOOD
2026-10-07T05:15:44.943559+00:00,Ethernet0,Ethernet,7.56,0.0,0.36,141.64,51.61,,73333099076,218494268381,61119758,182104083,23589.97,25.21,synthetic_demo,GOOD
2026-10-07T05:15:49.943559+00:00,Wi-Fi,Wi-Fi,53.79,1.72,8.08,23.95,5.13,53.9,73336302924,218509235205,61122427,182116555,3548.96,59.18,synthetic_demo,MODERATE
2026-10-07T05:15:54.943559+00:00,Wi-Fi,Wi-Fi,109.82,9.85,33.37,4.24,2.11,29.0,73337621504,218511885280,61123525,182118763,775.13,57.07,synthetic_demo,POOR
2026-10-07T05:15:59.943559+00:00,Wi-Fi,Wi-Fi,27.43,0.0,4.32,59.86,12.6,83.9,73345495004,218549297150,61130086,182149939,8844.8,31.04,synthetic_demo,GOOD
2026-10-07T05:16:04.943559+00:00,Wi-Fi,Wi-Fi,22.08,0.0,0.77,51.03,32.52,75.3,73365818636,218581191969,61147022,182176518,10198.92,10.78,synthetic_demo,GOOD
2026-10-07T05:16:09.943559+00:00,Wi-Fi,Wi-Fi,76.96,1.56,6.11,10.93,7.41,46.3,73370451971,218588026171,61150883,182182213,2239.75,45.28,synthetic_demo,MODERATE
2026-10-07T05:16:14.943559+00:00,Wi-Fi,Wi-Fi,31.47,0.0,9.82,89.62,17.5,77.7,73381389145,218644037671,61159997,182228889,13075.91,17.28,synthetic_demo,MODERATE
2026-10-07T05:16:19.943559+00:00,Ethernet0,Ethernet,10.9,0.0,0.42,126.38,65.46,,73422302325,218723026225,61194091,182294712,23418.31,31.61,synthetic_demo,GOOD
2026-10-07T05:16:24.943559+00:00,Ethernet0,Ethernet,138.76,3.48,36.55,16.04,5.14,,73425514891,218733050159,61196768,182303065,2585.25,91.07,synthetic_demo,POOR
2026-10-07T05:16:29.943559+00:00,Wi-Fi,Wi-Fi,48.6,1.2,10.61,16.46,7.03,48.0,73429910564,218743336910,61200431,182311637,2867.66,67.55,synthetic_demo,MODERATE
2026-10-07T05:16:34.943559+00:00,Wi-Fi,Wi-Fi,99.82,1.28,9.72,17.45,5.73,41.7,73433492970,218754242718,61203416,182320725,2829.73,44.48,synthetic_demo,MODERATE
2026-10-07T05:16:39.943559+00:00,Ethernet0,Ethernet,134.2,2.68,13.44,13.74,3.49,,73435674952,218762827851,61205234,182327879,2102.95,96.51,synthetic_demo,MODERATE
2026-10-07T05:16:44.943559+00:00,Wi-Fi,Wi-Fi,116.03,3.69,20.78,14.21,3.32,70.6,73437750720,218771707092,61206963,182335278,2139.65,96.04,synthetic_demo,MODERATE
2026-10-07T05:16:49.943559+00:00,Ethernet0,Ethernet,10.24,0.0,0.24,146.97,48.59,,73468117505,218863564776,61232268,182411826,23871.97,7.46,synthetic_demo,GOOD
2026-10-07T05:16:54.943559+00:00,Wi-Fi,Wi-Fi,28.67,0.0,5.95,87.76,22.87,79.0,73482408258,218918411671,61244176,182457531,13503.45,26.39,synthetic_demo,GOOD
2026-10-07T05:16:59.943559+00:00,Ethernet0,Ethernet,13.4,0.0,1.89,144.66,50.84,,73514186381,219008821974,61270657,182532872,23864.93,30.36,synthetic_demo,GOOD
2026-10-07T05:17:04.943559+00:00,Ethernet0,Ethernet,15.06,0.0,1.74,136.93,57.87,,73550357720,219094400756,61300799,182604187,23779.32,22.4,synthetic_demo,GOOD
2026-10-07T05:17:09.943559+00:00,Wi-Fi,Wi-Fi,107.86,2.35,16.56,13.9,1.54,80.8,73551317346,219103085395,61301598,182611424,1883.65,89.12,synthetic_demo,MODERATE
2026-10-07T05:17:14.943559+00:00,Wi-Fi,Wi-Fi,141.72,10.14,25.76,5.88,2.93,29.7,73553151412,219106757352,61303126,182614483,1075.4,83.7,synthetic_demo,POOR
2026-10-07T05:17:19.943559+00:00,Wi-Fi,Wi-Fi,282.76,34.37,65.51,1.76,0.59,13.8,73553522570,219107854829,61303435,182615397,286.84,92.8,synthetic_demo,POOR
2026-10-07T05:17:24.943559+00:00,Wi-Fi,Wi-Fi,74.58,3.48,18.94,13.52,0.69,48.5,73553955846,219116305836,61303796,182622439,1735.21,46.5,synthetic_demo,MODERATE
2026-10-07T05:17:29.943559+00:00,Ethernet0,Ethernet,12.71,0.0,1.71,169.31,57.65,,73589985421,219222121636,61333820,182710618,27704.17,18.19,synthetic_demo,GOOD
2026-10-07T05:17:34.943559+00:00,Ethernet0,Ethernet,12.05,0.0,0.28,148.07,49.28,,73620784883,219314668109,61359486,182787740,24091.0,18.6,synthetic_demo,GOOD
2026-10-07T05:17:39.943559+00:00,Wi-Fi,Wi-Fi,167.81,6.81,23.18,3.4,2.63,29.6,73622427466,219316796141,61360854,182789513,736.45,78.22,synthetic_demo,POOR
2026-10-07T05:17:44.943559+00:00,Wi-Fi,Wi-Fi,57.99,3.38,13.59,16.04,5.4,42.2,73625800396,219326819573,61363664,182797865,2616.48,43.35,synthetic_demo,MODERATE
2026-10-07T05:17:49.943559+00:00,Wi-Fi,Wi-Fi,79.33,1.01,13.92,10.85,5.61,46.6,73629306355,219333603679,61366585,182803518,2009.78,41.45,synthetic_demo,MODERATE
2026-10-07T05:17:54.943559+00:00,Wi-Fi,Wi-Fi,125.63,1.91,22.72,9.96,4.55,70.8,73632151285,219339829027,61368955,182808705,1771.54,88.12,synthetic_demo,MODERATE
2026-10-07T05:17:59.943559+00:00,Wi-Fi,Wi-Fi,119.64,3.57,21.61,7.07,4.47,73.9,73634944864,219344248304,61371282,182812387,1408.76,96.09,synthetic_demo,MODERATE
2026-10-07T05:18:04.943559+00:00,Wi-Fi,Wi-Fi,132.4,4.82,26.8,5.02,1.79,44.2,73636066140,219347383117,61372216,182814999,831.27,55.91,synthetic_demo,POOR
2026-10-07T05:18:09.943559+00:00,Ethernet0,Ethernet,16.05,0.0,1.14,152.01,57.46,,73671978669,219442387560,61402143,182894169,25569.72,17.17,synthetic_demo,GOOD
2026-10-07T05:18:14.943559+00:00,Ethernet0,Ethernet,195.56,2.4,14.12,13.94,3.46,,73674141403,219451101576,61403945,182901430,2124.37,91.75,synthetic_demo,POOR
2026-10-07T05:18:19.943559+00:00,Wi-Fi,Wi-Fi,168.18,7.14,39.28,3.62,1.95,28.1,73675357290,219453362040,61404958,182903313,678.97,71.23,synthetic_demo,POOR
2026-10-07T05:18:24.943559+00:00,Wi-Fi,Wi-Fi,25.25,0.0,0.63,86.16,25.86,89.4,73691521258,219507213978,61418427,182948189,13674.98,11.15,synthetic_demo,GOOD
2026-10-07T05:18:29.943559+00:00,Wi-Fi,Wi-Fi,91.85,1.47,16.01,11.4,4.37,45.1,73694250686,219514338317,61420701,182954125,1924.56,48.33,synthetic_demo,MODERATE
2026-10-07T05:18:34.943559+00:00,Wi-Fi,Wi-Fi,29.31,0.0,3.85,94.97,26.25,88.9,73710657032,219573695959,61434372,183003589,14797.65,32.05,synthetic_demo,GOOD
2026-10-07T05:18:39.943559+00:00,Wi-Fi,Wi-Fi,219.88,42.82,3.28,0.87,0.06,18.5,73710692802,219574241239,61434401,183004043,113.49,82.03,synthetic_demo,POOR
2026-10-07T05:18:44.943559+00:00,Ethernet0,Ethernet,8.42,0.0,1.42,128.78,40.79,,73736189526,219654729451,61455648,183071116,20700.18,19.93,synthetic_demo,GOOD
2026-10-07T05:18:49.943559+00:00,Wi-Fi,Wi-Fi,103.64,3.14,24.82,6.09,9.07,42.2,73741855325,219658537917,61460369,183074289,1850.44,73.53,synthetic_demo,MODERATE
2026-10-07T05:18:54.943559+00:00,Ethernet0,Ethernet,16.4,0.0,0.25,143.07,48.56,,73772202730,219747956055,61485658,183148804,23391.71,6.33,synthetic_demo,GOOD
2026-10-07T05:18:59.943559+00:00,Wi-Fi,Wi-Fi,99.65,3.78,22.31,12.42,3.12,74.9,73774152540,219755721112,61487282,183155274,1897.43,87.16,synthetic_demo,MODERATE
2026-10-07T05:19:04.943559+00:00,Ethernet0,Ethernet,13.03,0.0,0.64,135.65,51.95,,73806618376,219840502660,61514336,183225925,22899.88,8.1,synthetic_demo,GOOD
2026-10-07T05:19:09.943559+00:00,Ethernet0,Ethernet,15.99,0.0,0.24,175.75,42.88,,73833415685,219950348320,61536667,183317463,26688.08,24.12,synthetic_demo,GOOD
2026-10-07T05:19:14.943559+00:00,Wi-Fi,Wi-Fi,27.15,0.0,4.89,70.75,24.69,93.7,73848846303,219994566864,61549525,183354311,11650.23,25.54,synthetic_demo,GOOD
2026-10-07T05:19:19.943559+00:00,Wi-Fi,Wi-Fi,150.09,8.24,37.42,9.18,3.22,35.4,73850861792,220000301292,61551204,183359089,1513.66,70.49,synthetic_demo,POOR
2026-10-07T05:19:24.943559+00:00,Ethernet0,Ethernet,12.81,0.0,1.63,177.16,47.98,,73880850176,220111025510,61576194,183451359,27482.93,31.15,synthetic_demo,GOOD
2026-10-07T05:19:29.943559+00:00,Ethernet0,Ethernet,9.45,0.0,5.4,142.73,53.51,,73914295972,220200230583,61604065,183525696,23955.25,11.42,synthetic_demo,GOOD
2026-10-07T05:19:34.943559+00:00,Wi-Fi,Wi-Fi,126.22,1.74,30.76,11.47,5.8,68.1,73917919152,220207401327,61607084,183531671,2108.19,93.18,synthetic_demo,POOR
2026-10-07T05:19:39.943559+00:00,Wi-Fi,Wi-Fi,101.31,2.62,24.5,14.81,6.51,40.7,73921989654,220216656543,61610476,183539383,2602.68,71.15,synthetic_demo,MODERATE
2026-10-07T05:19:44.943559+00:00,Wi-Fi,Wi-Fi,74.64,10.88,41.05,4.38,0.51,30.5,73922308308,220219395619,61610741,183541665,597.21,80.5,synthetic_demo,POOR
2026-10-07T05:19:49.943559+00:00,Ethernet0,Ethernet,11.25,0.0,3.94,184.56,55.98,,73957298238,220334744058,61639899,183637788,29362.96,26.58,synthetic_demo,GOOD
2026-10-07T05:19:54.943559+00:00,Wi-Fi,Wi-Fi,81.46,2.38,6.91,14.61,5.54,39.7,73960758069,220343872951,61642782,183645395,2458.74,55.91,synthetic_demo,POOR
2026-10-07T05:19:59.943559+00:00,Ethernet0,Ethernet,9.55,0.0,2.66,154.02,50.51,,73992328747,220440134905,61669090,183725613,24967.31,17.02,synthetic_demo,GOOD
2026-10-07T05:20:04.943559+00:00,Ethernet0,Ethernet,7.79,0.0,0.3,153.12,62.57,,74031435388,220535833923,61701678,183805362,26329.23,22.86,synthetic_demo,GOOD
2026-10-07T05:20:09.943559+00:00,Wi-Fi,Wi-Fi,123.91,2.71,17.29,14.3,4.85,84.7,74034469429,220544774526,61704206,183812812,2338.8,90.74,synthetic_demo,MODERATE
2026-10-07T05:20:14.943559+00:00,Wi-Fi,Wi-Fi,82.13,0.58,24.03,12.52,6.52,48.7,74038543970,220552602442,61707601,183819335,2324.7,40.08,synthetic_demo,MODERATE
2026-10-07T05:20:19.943559+00:00,Wi-Fi,Wi-Fi,130.2,3.54,19.72,19.71,3.6,73.9,74040792598,220564921420,61709474,183829600,2845.24,97.57,synthetic_demo,MODERATE
2026-10-07T05:20:24.943559+00:00,Wi-Fi,Wi-Fi,22.91,0.06,3.19,62.26,22.35,79.1,74054762955,220603831571,61721115,183862025,10328.22,27.24,synthetic_demo,GOOD
2026-10-07T05:20:29.943559+00:00,Wi-Fi,Wi-Fi,29.28,0.0,3.53,77.66,27.85,89.9,74072171721,220652369866,61735622,183902473,12880.29,17.57,synthetic_demo,GOOD
2026-10-07T05:20:34.943559+00:00,Wi-Fi,Wi-Fi,20.73,0.0,0.71,100.6,29.73,90.9,74090752248,220715243532,61751105,183954867,15909.02,41.82,synthetic_demo,GOOD
2026-10-07T05:20:39.943559+00:00,Ethernet0,Ethernet,251.24,15.87,57.76,0.97,0.09,,74090807083,220715850034,61751150,183955372,129.17,76.75,synthetic_demo,POOR
2026-10-07T05:20:44.943559+00:00,Wi-Fi,Wi-Fi,29.84,0.0,3.14,70.33,31.21,93.8,74110311855,220759805465,61767403,183992001,12394.57,20.54,synthetic_demo,GOOD
2026-10-07T05:20:49.943559+00:00,Wi-Fi,Wi-Fi,16.73,0.0,0.72,79.84,25.14,89.0,74126025715,220809705745,61780497,184033584,12815.26,29.42,synthetic_demo,GOOD
2026-10-07T05:20:54.943559+00:00,Wi-Fi,Wi-Fi,19.22,0.1,0.58,90.01,29.55,79.9,74144496639,220865964122,61795889,184080465,14595.57,16.99,synthetic_demo,GOOD
2026-10-07T05:20:59.943559+00:00,Wi-Fi,Wi-Fi,65.12,2.8,12.62,16.87,2.75,42.5,74146215051,220876505497,61797321,184089249,2394.49,62.7,synthetic_demo,MODERATE
2026-10-07T05:21:04.943559+00:00,Wi-Fi,Wi-Fi,27.27,0.0,6.52,64.66,35.2,90.6,74168217864,220916918844,61815656,184122926,12190.66,33.33,synthetic_demo,GOOD
2026-10-07T05:21:09.943559+00:00,Wi-Fi,Wi-Fi,136.42,6.06,16.88,5.1,2.67,41.1,74169889043,220920109285,61817048,184125584,949.54,63.2,synthetic_demo,POOR
2026-10-07T05:21:14.943559+00:00,Wi-Fi,Wi-Fi,21.27,0.0,0.59,85.59,19.93,87.1,74182343274,220973601166,61827426,184170160,12880.1,38.73,synthetic_demo,GOOD
2026-10-07T05:21:19.943559+00:00,Wi-Fi,Wi-Fi,134.16,10.17,31.89,4.04,2.41,26.2,74183846446,220976125843,61828678,184172263,786.69,61.4,synthetic_demo,POOR
2026-10-07T05:21:24.943559+00:00,Ethernet0,Ethernet,14.38,0.0,0.28,171.2,64.3,,74224033873,221083125834,61862167,184261429,28747.54,11.07,synthetic_demo,GOOD
2026-10-07T05:21:29.943559+00:00,Ethernet0,Ethernet,95.9,1.69,30.19,10.33,4.29,,74226717713,221089580166,61864403,184266807,1784.8,96.66,synthetic_demo,POOR
2026-10-07T05:21:34.943559+00:00,Wi-Fi,Wi-Fi,204.18,10.93,21.18,8.69,1.73,35.1,74227799144,221095014067,61865304,184271335,1272.53,68.56,synthetic_demo,POOR
2026-10-07T05:21:39.943559+00:00,Ethernet0,Ethernet,13.71,0.0,1.23,185.15,63.06,,74267214356,221210735077,61898150,184367769,30300.04,26.85,synthetic_demo,GOOD
2026-10-07T05:21:44.943559+00:00,Ethernet0,Ethernet,308.26,55.5,76.61,1.97,0.84,,74267740339,221211968035,61898588,184368796,343.54,89.45,synthetic_demo,POOR
2026-10-07T05:21:49.943559+00:00,Wi-Fi,Wi-Fi,10.84,0.0,1.21,94.99,26.53,88.5,74284323982,221271339739,61912407,184418272,14835.03,11.4,synthetic_demo,GOOD
2026-10-07T05:21:54.943559+00:00,Wi-Fi,Wi-Fi,324.15,53.99,64.43,2.42,0.9,19.3,74284884730,221272853706,61912874,184419533,405.22,92.41,synthetic_demo,POOR
2026-10-07T05:21:59.943559+00:00,Wi-Fi,Wi-Fi,108.97,3.27,30.34,12.56,4.42,71.0,74287648121,221280701641,61915176,184426072,2072.52,93.37,synthetic_demo,POOR
2026-10-07T05:22:04.943559+00:00,Wi-Fi,Wi-Fi,27.48,0.0,1.95,75.63,30.53,85.0,74306729374,221327972560,61931077,184465464,12959.41,39.03,synthetic_demo,GOOD
2026-10-07T05:22:09.943559+00:00,Ethernet0,Ethernet,13.33,0.0,0.98,189.66,48.13,,74336812421,221446508881,61956146,184564244,29027.22,8.49,synthetic_demo,GOOD
2026-10-07T05:22:14.943559+00:00,Wi-Fi,Wi-Fi,19.68,0.0,1.61,56.89,23.29,92.5,74351366267,221482067903,61968274,184593876,9787.67,28.39,synthetic_demo,GOOD
2026-10-07T05:22:19.943559+00:00,Ethernet0,Ethernet,14.9,0.0,0.59,155.56,49.19,,74382108884,221579291271,61993892,184674895,24993.36,27.13,synthetic_demo,GOOD
2026-10-07T05:22:24.943559+00:00,Ethernet0,Ethernet,10.14,0.0,0.56,169.85,52.47,,74414901949,221685448232,62021219,184763359,27138.68,34.63,synthetic_demo,GOOD
2026-10-07T05:22:29.943559+00:00,Ethernet0,Ethernet,7.79,0.0,0.42,165.07,43.37,,74442006209,221788614020,62043805,184849330,25443.37,20.31,synthetic_demo,GOOD
2026-10-07T05:22:34.943559+00:00,Wi-Fi,Wi-Fi,30.37,0.0,1.49,69.6,23.11,87.1,74456448057,221832111128,62055839,184885577,11316.2,10.03,synthetic_demo,GOOD
2026-10-07T05:22:39.943559+00:00,Wi-Fi,Wi-Fi,83.04,1.49,17.14,9.95,6.15,80.5,74460294227,221838329929,62059044,184890759,1965.81,94.35,synthetic_demo,MODERATE
2026-10-07T05:22:44.943559+00:00,Ethernet0,Ethernet,13.29,0.0,1.5,161.77,52.05,,74492826379,221939435155,62086154,184975013,26101.05,10.57,synthetic_demo,GOOD
2026-10-07T05:22:49.943559+00:00,Ethernet0,Ethernet,10.82,0.0,0.89,144.78,48.19,,74522944043,222029920130,62111252,185050417,23555.2,18.28,synthetic_demo,GOOD
2026-10-07T05:22:54.943559+00:00,Wi-Fi,Wi-Fi,91.7,1.85,21.82,21.46,8.54,39.1,74528280438,222043332706,62115698,185061594,3661.91,59.39,synthetic_demo,MODERATE
2026-10-07T05:22:59.943559+00:00,Ethernet0,Ethernet,8.38,0.0,3.29,149.38,59.65,,74565561868,222136692982,62146765,185139394,25515.96,5.74,synthetic_demo,GOOD
2026-10-07T05:23:04.943559+00:00,Ethernet0,Ethernet,11.01,0.0,1.52,149.64,56.48,,74600861597,222230218603,62176181,185217332,25161.2,24.22,synthetic_demo,GOOD
2026-10-07T05:23:09.943559+00:00,Ethernet0,Ethernet,11.51,0.0,0.7,155.02,68.03,,74643381109,222327108511,62211613,185298073,27228.4,17.49,synthetic_demo,GOOD
2026-10-07T05:23:14.943559+00:00,Ethernet0,Ethernet,282.72,44.61,69.87,2.27,0.63,,74643774480,222328526676,62211940,185299254,353.82,70.44,synthetic_demo,POOR
2026-10-07T05:23:19.943559+00:00,Wi-Fi,Wi-Fi,186.12,5.02,47.32,11.66,1.1,39.1,74644460420,222335814532,62212511,185305327,1557.38,81.26,synthetic_demo,POOR
2026-10-07T05:23:24.943559+00:00,Wi-Fi,Wi-Fi,32.37,0.0,0.61,99.94,22.4,93.5,74658461712,222398279156,62224178,185357380,14934.75,15.19,synthetic_demo,GOOD
2026-10-07T05:23:29.943559+00:00,Wi-Fi,Wi-Fi,95.47,1.61,16.47,13.97,3.9,67.6,74660901929,222407010717,62226211,185364656,2181.99,90.57,synthetic_demo,MODERATE
2026-10-07T05:23:34.943559+00:00,Wi-Fi,Wi-Fi,70.17,2.76,17.46,16.15,5.61,50.0,74664405448,222417102546,62229130,185373065,2655.34,58.16,synthetic_demo,MODERATE
2026-10-07T05:23:39.943559+00:00,Ethernet0,Ethernet,151.23,2.63,18.36,12.7,6.22,,74668295662,222425042580,62232371,185379681,2310.6,89.35,synthetic_demo,POOR
2026-10-07T05:23:44.943559+00:00,Ethernet0,Ethernet,133.89,1.4,23.86,14.47,5.22,,74671559371,222434083832,62235090,185387215,2403.31,96.64,synthetic_demo,MODERATE
2026-10-07T05:23:49.943559+00:00,Wi-Fi,Wi-Fi,82.12,1.54,14.01,18.54,7.43,40.5,74676206109,222445673466,62238962,185396873,3171.17,41.75,synthetic_demo,MODERATE
2026-10-07T05:23:54.943559+00:00,Wi-Fi,Wi-Fi,24.71,0.0,1.32,93.82,15.84,89.3,74686108871,222504313423,62247214,185445739,13387.25,25.31,synthetic_demo,GOOD
2026-10-07T05:23:59.943559+00:00,Ethernet0,Ethernet,12.58,0.0,1.84,150.07,45.74,,74714693974,222598107813,62271034,185523900,23902.24,31.49,synthetic_demo,GOOD
2026-10-07T05:24:04.943559+00:00,Wi-Fi,Wi-Fi,19.85,0.0,9.33,92.04,24.82,75.8,74730204159,222655634757,62283959,185571839,14265.06,25.2,synthetic_demo,MODERATE
2026-10-07T05:24:09.943559+00:00,Wi-Fi,Wi-Fi,161.45,9.07,36.16,3.2,2.18,34.3,74731565442,222657635562,62285093,185573506,656.66,74.46,synthetic_demo,POOR
2026-10-07T05:24:14.943559+00:00,Wi-Fi,Wi-Fi,96.37,1.77,14.29,9.78,6.79,45.3,74735810379,222663746628,62288630,185578598,2022.66,47.8,synthetic_demo,MODERATE
2026-10-07T05:24:19.943559+00:00,Wi-Fi,Wi-Fi,109.09,4.83,22.76,5.2,0.81,27.6,74736317696,222666996084,62289052,185581305,733.74,54.67,synthetic_demo,POOR
2026-10-07T05:24:24.943559+00:00,Ethernet0,Ethernet,144.97,27.05,33.41,1.33,0.62,,74736702859,222667827254,62289372,185581997,237.57,82.55,synthetic_demo,POOR
2026-10-07T05:24:29.943559+00:00,Ethernet0,Ethernet,15.93,0.0,3.15,133.35,53.29,,74770009605,222751171232,62317127,185651450,22783.34,5.21,synthetic_demo,GOOD
2026-10-07T05:24:34.943559+00:00,Ethernet0,Ethernet,85.28,2.3,40.33,10.94,5.31,,74773328002,222758010273,62319892,185657149,1983.87,85.62,synthetic_demo,POOR
2026-10-07T05:24:39.943559+00:00,Ethernet0,Ethernet,137.69,3.32,20.61,10.06,3.95,,74775795571,222764296031,62321948,185662387,1709.63,94.73,synthetic_demo,MODERATE
2026-10-07T05:24:44.943559+00:00,Ethernet0,Ethernet,313.28,59.02,52.9,1.03,0.46,,74776082932,222764937358,62322187,185662921,181.38,73.13,synthetic_demo,POOR
2026-10-07T05:24:49.943559+00:00,Wi-Fi,Wi-Fi,253.92,49.87,33.13,1.3,0.85,18.7,74776615461,222765747975,62322630,185663596,262.33,99.71,synthetic_demo,POOR
2026-10-07T05:24:54.943559+00:00,Ethernet0,Ethernet,110.39,2.37,31.2,19.5,8.33,,74781819886,222777932752,62326967,185673749,3396.33,96.81,synthetic_demo,POOR
2026-10-07T05:24:59.943559+00:00,Ethernet0,Ethernet,15.22,0.0,1.2,129.01,56.51,,74817138358,222858561224,62356399,185740939,22645.89,32.74,synthetic_demo,GOOD
2026-10-07T05:25:04.943559+00:00,Ethernet0,Ethernet,111.02,1.35,21.96,6.91,4.21,,74819770970,222862877009,62358592,185744535,1357.11,91.15,synthetic_demo,MODERATE
2026-10-07T05:25:09.943559+00:00,Ethernet0,Ethernet,10.45,0.0,0.69,173.92,51.15,,74851741560,222971575821,62385234,185835117,27474.49,15.88,synthetic_demo,GOOD
2026-10-07T05:25:14.943559+00:00,Wi-Fi,Wi-Fi,98.45,3.62,25.79,12.67,2.98,60.7,74853606487,222979497287,62386788,185841718,1911.4,97.61,synthetic_demo,POOR
2026-10-07T05:25:19.943559+00:00,Wi-Fi,Wi-Fi,139.51,4.79,16.8,8.6,0.87,25.7,74854151326,222984872279,62387242,185846197,1156.22,75.58,synthetic_demo,POOR
2026-10-07T05:25:24.943559+00:00,Wi-Fi,Wi-Fi,29.92,0.0,2.4,86.05,29.98,83.0,74872886005,223038656305,62402854,185891017,14163.81,36.17,synthetic_demo,GOOD
2026-10-07T05:25:29.943559+00:00,Wi-Fi,Wi-Fi,78.59,2.61,18.47,15.79,2.86,52.7,74874672921,223048525292,62404343,185899241,2276.54,48.55,synthetic_demo,MODERATE
2026-10-07T05:25:34.943559+00:00,Wi-Fi,Wi-Fi,28.19,0.0,0.1,56.61,21.75,81.3,74888268685,223083906369,62415672,185928725,9565.79,29.11,synthetic_demo,GOOD
2026-10-07T05:25:39.943559+00:00,Wi-Fi,Wi-Fi,10.23,0.0,1.17,85.09,26.92,88.6,74905093334,223137089956,62429692,185973044,13673.48,12.62,synthetic_demo,GOOD
2026-10-07T05:25:44.943559+00:00,Wi-Fi,Wi-Fi,28.38,0.0,2.04,79.56,27.69,80.1,74922398764,223186811943,62444113,186014478,13091.29,19.94,synthetic_demo,GOOD
2026-10-07T05:25:49.943559+00:00,Ethernet0,Ethernet,143.7,2.28,19.77,11.75,6.78,,74926639067,223194152765,62447646,186020595,2261.94,87.49,synthetic_demo,POOR
2026-10-07T05:25:54.943559+00:00,Ethernet0,Ethernet,221.95,34.75,48.9,1.3,0.33,,74926845896,223194962916,62447818,186021270,198.63,71.45,synthetic_demo,POOR
2026-10-07T05:25:59.943559+00:00,Ethernet0,Ethernet,344.93,15.55,48.75,0.87,0.57,,74927204847,223195504054,62448117,186021720,175.8,83.85,synthetic_demo,POOR
2026-10-07T05:26:04.943559+00:00,Ethernet0,Ethernet,7.65,0.0,0.14,149.15,38.68,,74951378117,223288719882,62468261,186099399,22927.56,30.38,synthetic_demo,GOOD
2026-10-07T05:26:09.943559+00:00,Wi-Fi,Wi-Fi,145.43,10.44,25.29,8.75,0.78,38.7,74951866890,223294191016,62468668,186103958,1164.04,74.77,synthetic_demo,POOR
2026-10-07T05:26:14.943559+00:00,Ethernet0,Ethernet,66.95,2.52,18.02,11.27,3.28,,74953915474,223301234001,62470375,186109827,1775.7,97.37,synthetic_demo,MODERATE
2026-10-07T05:26:19.943559+00:00,Wi-Fi,Wi-Fi,12.53,0.0,0.86,93.93,28.22,97.7,74971555625,223359941696,62485075,186158750,14911.69,28.72,synthetic_demo,GOOD
2026-10-07T05:26:24.943559+00:00,Ethernet0,Ethernet,10.71,0.0,2.09,152.48,73.25,,75017336063,223455244501,62523225,186238169,27555.32,23.62,synthetic_demo,GOOD
2026-10-07T05:26:29.943559+00:00,Wi-Fi,Wi-Fi,30.11,0.0,3.61,89.46,20.78,95.7,75030322574,223511158720,62534047,186284764,13457.17,31.8,synthetic_demo,GOOD
2026-10-07T05:26:34.943559+00:00,Wi-Fi,Wi-Fi,145.67,9.96,38.22,5.3,4.03,44.0,75032839251,223514471357,62536144,186287524,1138.54,82.06,synthetic_demo,POOR
2026-10-07T05:26:39.943559+00:00,Wi-Fi,Wi-Fi,75.59,2.43,24.79,5.9,7.08,35.6,75037264254,223518156191,62539831,186290594,1583.95,71.94,synthetic_demo,POOR
2026-10-07T05:26:44.943559+00:00,Ethernet0,Ethernet,111.32,3.4,20.76,2.55,4.87,,75040308198,223519747995,62542367,186291920,905.42,92.3,synthetic_demo,POOR
2026-10-07T05:26:49.943559+00:00,Wi-Fi,Wi-Fi,24.38,0.11,1.86,76.32,27.9,91.0,75057745927,223567449726,62556898,186331671,12722.55,13.1,synthetic_demo,GOOD
2026-10-07T05:26:54.943559+00:00,Ethernet0,Ethernet,134.43,2.25,22.53,10.75,6.95,,75062090291,223574166344,62560518,186337268,2160.35,87.0,synthetic_demo,MODERATE
2026-10-07T05:26:59.943559+00:00,Ethernet0,Ethernet,11.34,0.0,1.57,147.23,49.39,,75092957514,223666187272,62586240,186413952,24001.59,18.77,synthetic_demo,GOOD
2026-10-07T05:27:04.943559+00:00,Wi-Fi,Wi-Fi,16.84,0.0,0.61,42.16,27.74,81.6,75110294547,223692539312,62600687,186435912,8533.02,30.51,synthetic_demo,GOOD
2026-10-07T05:27:09.943559+00:00,Wi-Fi,Wi-Fi,78.81,1.41,17.58,26.0,9.31,42.8,75116112265,223708787221,62605535,186449451,4309.69,50.05,synthetic_demo,MODERATE
2026-10-07T05:27:14.943559+00:00,Ethernet0,Ethernet,10.8,0.0,3.26,138.7,40.72,,75141562886,223795475676,62626743,186521691,21902.16,5.38,synthetic_demo,GOOD
2026-10-07T05:27:19.943559+00:00,Wi-Fi,Wi-Fi,125.12,7.54,24.64,2.67,2.75,37.8,75143282534,223797145128,62628176,186523082,661.93,81.93,synthetic_demo,POOR
2026-10-07T05:27:24.943559+00:00,Ethernet0,Ethernet,9.04,0.0,0.27,135.68,55.65,,75178065512,223881943627,62657161,186593747,23355.76,21.76,synthetic_demo,GOOD
2026-10-07T05:27:29.943559+00:00,Wi-Fi,Wi-Fi,108.53,1.29,17.67,7.76,2.09,79.2,75179372330,223886791199,62658250,186597786,1202.03,89.66,synthetic_demo,MODERATE
2026-10-07T05:27:34.943559+00:00,Wi-Fi,Wi-Fi,32.79,0.0,4.9,74.51,14.67,91.1,75188542183,223933360948,62665891,186636594,10886.64,12.04,synthetic_demo,GOOD
2026-10-07T05:27:39.943559+00:00,Wi-Fi,Wi-Fi,57.13,0.62,21.13,12.71,6.61,40.4,75192670548,223941304685,62669331,186643213,2357.83,62.81,synthetic_demo,MODERATE
2026-10-07T05:27:44.943559+00:00,Ethernet0,Ethernet,9.86,0.0,0.18,134.24,42.9,,75219480902,224025206746,62691672,186713131,21623.52,9.94,synthetic_demo,GOOD
2026-10-07T05:27:49.943559+00:00,Ethernet0,Ethernet,13.52,0.0,2.71,149.15,50.31,,75250927729,224118428293,62717877,186790815,24349.29,12.14,synthetic_demo,GOOD
2026-10-07T05:27:54.943559+00:00,Wi-Fi,Wi-Fi,148.05,11.46,43.96,7.97,2.28,36.3,75252353077,224123409597,62719064,186794966,1251.3,66.52,synthetic_demo,POOR
2026-10-07T05:27:59.943559+00:00,Wi-Fi,Wi-Fi,27.11,0.0,4.44,74.57,13.51,89.6,75260798176,224170015605,62726101,186833804,10752.17,10.99,synthetic_demo,GOOD
2026-10-07T05:28:04.943559+00:00,Wi-Fi,Wi-Fi,106.2,11.12,23.68,7.59,0.02,41.6,75260809200,224174761346,62726110,186837758,929.06,59.09,synthetic_demo,POOR
2026-10-07T05:28:09.943559+00:00,Wi-Fi,Wi-Fi,244.98,22.97,58.27,2.07,0.8,26.8,75261307806,224176053413,62726525,186838834,349.74,78.29,synthetic_demo,POOR
2026-10-07T05:28:14.943559+00:00,Ethernet0,Ethernet,16.62,0.0,0.11,140.18,52.75,,75294277660,224263668973,62753999,186911846,23551.84,16.26,synthetic_demo,GOOD
2026-10-07T05:28:19.943559+00:00,Wi-Fi,Wi-Fi,19.85,0.31,1.62,92.04,20.05,85.5,75306806456,224321193647,62764439,186959783,13682.32,34.32,synthetic_demo,GOOD
2026-10-07T05:28:24.943559+00:00,Wi-Fi,Wi-Fi,110.78,3.75,20.5,15.67,2.28,64.3,75308234520,224330990229,62765629,186967946,2192.31,89.36,synthetic_demo,MODERATE
2026-10-07T05:28:29.943559+00:00,Wi-Fi,Wi-Fi,222.08,25.37,65.8,1.85,0.24,14.8,75308384187,224332148635,62765753,186968911,255.48,73.11,synthetic_demo,POOR
2026-10-07T05:28:34.943559+00:00,Wi-Fi,Wi-Fi,70.77,8.35,41.88,8.28,0.65,37.3,75308791067,224337323172,62766092,186973223,1090.12,52.81,synthetic_demo,POOR
2026-10-07T05:28:39.943559+00:00,Wi-Fi,Wi-Fi,73.32,1.09,19.36,22.62,5.19,42.7,75312034795,224351460896,62768795,186985004,3394.81,59.67,synthetic_demo,MODERATE
2026-10-07T05:28:44.943559+00:00,Ethernet0,Ethernet,149.78,1.7,30.01,7.9,6.44,,75316056814,224356399772,62772146,186989119,1750.17,97.75,synthetic_demo,POOR
2026-10-07T05:28:49.943559+00:00,Ethernet0,Ethernet,11.01,0.0,0.72,136.35,51.7,,75348367778,224441617878,62799071,187060134,22954.9,32.75,synthetic_demo,GOOD
2026-10-07T05:28:54.943559+00:00,Ethernet0,Ethernet,231.35,19.65,58.88,0.43,0.58,,75348729443,224441884829,62799372,187060356,122.78,80.59,synthetic_demo,POOR
2026-10-07T05:28:59.943559+00:00,Ethernet0,Ethernet,235.59,27.84,56.18,0.88,0.67,,75349151131,224442437437,62799723,187060816,190.29,73.14,synthetic_demo,POOR
2026-10-07T05:29:04.943559+00:00,Ethernet0,Ethernet,11.56,0.0,0.71,173.25,51.21,,75381156785,224550716879,62826394,187151048,27399.43,34.18,synthetic_demo,GOOD
2026-10-07T05:29:09.943559+00:00,Wi-Fi,Wi-Fi,29.02,0.0,0.31,86.44,20.49,80.7,75393964524,224604741818,62837067,187196068,13053.26,34.77,synthetic_demo,GOOD
2026-10-07T05:29:14.943559+00:00,Ethernet0,Ethernet,13.07,0.0,0.57,188.82,54.94,,75428304818,224722756450,62865683,187294413,29756.82,13.15,synthetic_demo,GOOD
2026-10-07T05:29:19.943559+00:00,Wi-Fi,Wi-Fi,29.26,0.0,7.56,84.0,20.82,75.8,75441318397,224775257541,62876527,187338163,12795.83,28.93,synthetic_demo,GOOD
2026-10-07T05:29:24.943559+00:00,Wi-Fi,Wi-Fi,175.96,10.8,33.69,6.55,1.64,37.3,75442340576,224779349169,62877378,187341572,998.79,73.36,synthetic_demo,POOR
2026-10-07T05:29:29.943559+00:00,Wi-Fi,Wi-Fi,17.96,0.0,3.54,96.67,34.83,90.2,75464112047,224839770296,62895520,187391922,16053.24,31.12,synthetic_demo,GOOD
2026-10-07T05:29:34.943559+00:00,Ethernet0,Ethernet,13.99,0.0,1.62,133.07,44.03,,75491628458,224922937700,62918450,187461228,21617.93,33.12,synthetic_demo,GOOD
2026-10-07T05:29:39.943559+00:00,Wi-Fi,Wi-Fi,26.58,0.0,0.35,74.09,30.7,81.4,75510814622,224969246895,62934438,187499818,12792.06,38.88,synthetic_demo,GOOD
2026-10-07T05:29:44.943559+00:00,Ethernet0,Ethernet,280.69,53.76,58.77,0.64,0.88,,75511367591,224969649582,62934898,187500153,186.65,81.22,synthetic_demo,POOR
2026-10-07T05:29:49.943559+00:00,Wi-Fi,Wi-Fi,83.55,2.78,14.69,24.71,3.3,45.8,75513430004,224985094844,62936616,187513024,3419.47,44.08,synthetic_demo,MODERATE
2026-10-07T05:29:54.943559+00:00,Wi-Fi,Wi-Fi,26.57,0.0,6.46,97.07,23.67,89.4,75528220637,225045764610,62948941,187563582,14738.36,34.79,synthetic_demo,GOOD
2026-10-07T05:29:59.943559+00:00,Ethernet0,Ethernet,8.21,0.0,1.22,171.5,55.4,,75562842540,225152953683,62977792,187652906,27697.46,26.6,synthetic_demo,GOOD
2026-10-07T05:30:04.943559+00:00,Ethernet0,Ethernet,238.33,57.63,55.57,0.59,0.99,,75563462352,225153322446,62978308,187653213,193.08,91.04,synthetic_demo,POOR
2026-10-07T05:30:09.943559+00:00,Wi-Fi,Wi-Fi,83.26,5.5,42.73,11.21,0.04,43.6,75563488155,225160326107,62978329,187659049,1372.94,58.94,synthetic_demo,POOR
2026-10-07T05:30:14.943559+00:00,Wi-Fi,Wi-Fi,24.12,0.0,5.75,98.71,21.83,87.5,75577130625,225222022494,62989697,187710462,14714.62,39.81,synthetic_demo,GOOD
2026-10-07T05:30:19.943559+00:00,Ethernet0,Ethernet,12.7,0.0,0.81,157.48,53.19,,75610371690,225320447979,63017397,187792483,25716.12,28.26,synthetic_demo,GOOD
2026-10-07T05:30:24.943559+00:00,Ethernet0,Ethernet,12.17,0.0,0.25,111.15,65.74,,75651456506,225389915548,63051634,187850372,21592.26,30.5,synthetic_demo,GOOD
2026-10-07T05:30:29.943559+00:00,Ethernet0,Ethernet,13.7,0.0,0.6,186.95,53.83,,75685098819,225506760176,63079669,187947742,29391.98,26.9,synthetic_demo,GOOD
2026-10-07T05:30:34.943559+00:00,Wi-Fi,Wi-Fi,86.39,2.89,16.35,19.38,6.12,43.7,75688922434,225518871390,63082855,187957834,3112.27,58.38,synthetic_demo,MODERATE
2026-10-07T05:30:39.943559+00:00,Wi-Fi,Wi-Fi,245.73,32.59,64.2,0.21,0.39,10.1,75689168870,225519000736,63083060,187957941,73.39,79.73,synthetic_demo,POOR
2026-10-07T05:30:44.943559+00:00,Wi-Fi,Wi-Fi,18.31,0.0,2.48,77.91,26.86,93.0,75705957761,225567693073,63097050,187998517,12789.3,43.3,synthetic_demo,GOOD
2026-10-07T05:30:49.943559+00:00,Wi-Fi,Wi-Fi,124.4,4.5,36.5,7.27,3.47,41.1,75708125518,225572235936,63098856,188002302,1310.67,53.23,synthetic_demo,POOR
2026-10-07T05:30:54.943559+00:00,Wi-Fi,Wi-Fi,29.18,0.0,5.07,87.99,22.85,92.9,75722407660,225627227724,63110757,188048128,13530.06,32.97,synthetic_demo,GOOD
2026-10-07T05:30:59.943559+00:00,Ethernet0,Ethernet,141.53,1.66,21.09,7.95,5.2,,75725659632,225632196373,63113466,188052268,1605.59,85.56,synthetic_demo,POOR
2026-10-07T05:31:04.943559+00:00,Wi-Fi,Wi-Fi,146.75,2.42,21.82,12.28,5.08,62.3,75728836342,225639871899,63116113,188058664,2119.58,94.74,synthetic_demo,POOR
2026-10-07T05:31:09.943559+00:00,Ethernet0,Ethernet,11.53,0.0,2.44,173.59,36.13,,75751414644,225748367955,63134928,188149077,25600.46,33.49,synthetic_demo,GOOD
2026-10-07T05:31:14.943559+00:00,Wi-Fi,Wi-Fi,26.03,0.0,1.37,77.64,22.07,82.3,75765205298,225796893733,63146420,188189515,12171.18,12.32,synthetic_demo,GOOD
2026-10-07T05:31:19.943559+00:00,Wi-Fi,Wi-Fi,100.44,0.7,11.11,13.0,5.45,36.1,75768608567,225805020244,63149256,188196287,2251.91,60.61,synthetic_demo,MODERATE
2026-10-07T05:31:24.943559+00:00,Ethernet0,Ethernet,11.46,0.0,0.47,177.73,42.15,,75794949404,225916098886,63171206,188288852,26839.74,7.02,synthetic_demo,GOOD
2026-10-07T05:31:29.943559+00:00,Wi-Fi,Wi-Fi,31.68,0.0,0.41,64.34,24.48,93.5,75810246896,225956311784,63183953,188322362,10841.87,41.78,synthetic_demo,GOOD
2026-10-07T05:31:34.943559+00:00,Wi-Fi,Wi-Fi,73.1,2.06,6.74,10.81,8.61,45.0,75815628419,225963065098,63188437,188327989,2370.09,47.6,synthetic_demo,MODERATE
2026-10-07T05:31:39.943559+00:00,Wi-Fi,Wi-Fi,237.5,27.51,54.55,1.76,0.67,21.1,75816046486,225964163124,63188785,188328904,296.11,70.01,synthetic_demo,POOR
2026-10-07T05:31:44.943559+00:00,Wi-Fi,Wi-Fi,27.13,0.0,0.5,71.46,26.29,89.5,75832479204,226008824943,63202478,188366122,11932.53,39.84,synthetic_demo,GOOD
2026-10-07T05:31:49.943559+00:00,Wi-Fi,Wi-Fi,163.18,7.54,40.6,9.62,2.69,26.6,75834160584,226014835864,63203879,188371131,1502.4,60.24,synthetic_demo,POOR
2026-10-07T05:31:54.943559+00:00,Wi-Fi,Wi-Fi,30.85,0.0,0.76,42.3,22.89,77.0,75848464713,226041272980,63215799,188393161,7957.27,16.34,synthetic_demo,GOOD
2026-10-07T05:31:59.943559+00:00,Wi-Fi,Wi-Fi,141.83,2.44,21.27,8.35,6.81,81.8,75852720125,226046491215,63219345,188397509,1850.32,94.28,synthetic_demo,POOR
2026-10-07T05:32:04.943559+00:00,Wi-Fi,Wi-Fi,74.02,2.98,10.55,20.68,6.52,39.6,75856792075,226059416633,63222738,188408280,3319.8,74.2,synthetic_demo,POOR
2026-10-07T05:32:09.943559+00:00,Wi-Fi,Wi-Fi,131.57,8.22,31.53,6.98,1.29,43.0,75857601188,226063782071,63223412,188411917,1010.65,82.25,synthetic_demo,POOR
2026-10-07T05:32:14.943559+00:00,Wi-Fi,Wi-Fi,28.82,0.0,2.6,109.78,30.5,94.2,75876661819,226132394284,63239295,188469093,17123.6,31.13,synthetic_demo,GOOD
2026-10-07T05:32:19.943559+00:00,Wi-Fi,Wi-Fi,71.3,0.97,24.23,12.12,4.99,49.7,75879783599,226139970742,63241896,188475406,2089.5,52.24,synthetic_demo,MODERATE
2026-10-07T05:32:24.943559+00:00,Wi-Fi,Wi-Fi,130.6,2.38,17.42,4.91,4.45,44.1,75882566586,226143040768,63244215,188477964,1143.17,66.15,synthetic_demo,MODERATE
2026-10-07T05:32:29.943559+00:00,Wi-Fi,Wi-Fi,19.82,0.16,2.44,107.23,28.08,89.7,75900119564,226210057451,63258842,188533811,16517.51,22.48,synthetic_demo,GOOD
2026-10-07T05:32:34.943559+00:00,Ethernet0,Ethernet,10.12,0.04,2.56,135.9,47.82,,75930009502,226294997152,63283750,188604594,22427.66,15.01,synthetic_demo,GOOD
2026-10-07T05:32:39.943559+00:00,Ethernet0,Ethernet,9.46,0.0,0.18,135.08,58.18,,75966372915,226379420042,63314052,188674946,23591.07,14.71,synthetic_demo,GOOD
2026-10-07T05:32:44.943559+00:00,Ethernet0,Ethernet,8.89,0.0,1.58,169.78,24.33,,75981579374,226485531103,63326724,188763371,23694.83,15.44,synthetic_demo,GOOD
2026-10-07T05:32:49.943559+00:00,Wi-Fi,Wi-Fi,154.89,10.33,40.8,9.21,3.29,44.2,75983635066,226491290148,63328437,188768170,1526.32,74.11,synthetic_demo,POOR
2026-10-07T05:32:54.943559+00:00,Ethernet0,Ethernet,10.54,0.0,2.39,168.84,52.73,,76016588699,226596813452,63355898,188856106,27046.28,26.4,synthetic_demo,GOOD
2026-10-07T05:32:59.943559+00:00,Ethernet0,Ethernet,13.78,0.0,1.0,172.9,49.21,,76047345329,226704873283,63381528,188946155,27112.59,26.49,synthetic_demo,GOOD
2026-10-07T05:33:04.943559+00:00,Wi-Fi,Wi-Fi,89.98,1.0,17.72,11.26,5.01,80.2,76050478424,226711911338,63384138,188952020,1986.55,85.42,synthetic_demo,MODERATE
2026-10-07T05:33:09.943559+00:00,Wi-Fi,Wi-Fi,28.34,0.36,0.4,91.09,28.09,85.3,76068033144,226768842371,63398766,188999462,14548.0,29.13,synthetic_demo,GOOD
2026-10-07T05:33:14.943559+00:00,Wi-Fi,Wi-Fi,55.05,2.08,11.5,21.53,4.05,45.3,76070563663,226782299254,63400874,189010676,3122.54,45.17,synthetic_demo,MODERATE
2026-10-07T05:33:19.943559+00:00,Ethernet0,Ethernet,10.97,0.0,0.1,134.04,46.11,,76099384785,226866071675,63424891,189080486,21990.93,21.6,synthetic_demo,GOOD
2026-10-07T05:33:24.943559+00:00,Ethernet0,Ethernet,203.34,56.45,41.47,0.61,0.32,,76099586588,226866454448,63425059,189080804,114.17,93.58,synthetic_demo,POOR
2026-10-07T05:33:29.943559+00:00,Wi-Fi,Wi-Fi,127.96,9.65,37.1,4.69,1.34,27.1,76100422492,226869383001,63425755,189083244,735.25,64.0,synthetic_demo,POOR
2026-10-07T05:33:34.943559+00:00,Wi-Fi,Wi-Fi,120.76,7.72,28.03,7.89,3.24,30.4,76102450365,226874313375,63427444,189087352,1359.03,59.35,synthetic_demo,POOR
2026-10-07T05:33:39.943559+00:00,Wi-Fi,Wi-Fi,27.74,0.0,3.89,83.25,29.6,77.7,76120952136,226926341999,63442862,189130709,13775.47,38.32,synthetic_demo,GOOD
2026-10-07T05:33:44.943559+00:00,Ethernet0,Ethernet,62.59,2.46,15.51,15.53,4.88,,76124001382,226936048433,63445403,189138797,2491.34,96.04,synthetic_demo,MODERATE
2026-10-07T05:33:49.943559+00:00,Ethernet0,Ethernet,13.98,0.0,0.42,152.51,39.43,,76148646090,227031369298,63465940,189218231,23430.78,26.74,synthetic_demo,GOOD
2026-10-07T05:33:54.943559+00:00,Ethernet0,Ethernet,10.99,0.0,1.83,135.63,45.97,,76177378353,227116136998,63489883,189288870,22167.96,8.96,synthetic_demo,GOOD
2026-10-07T05:33:59.943559+00:00,Ethernet0,Ethernet,11.33,0.0,1.3,145.87,42.0,,76203628508,227207306086,63511758,189364844,22933.45,6.58,synthetic_demo,GOOD
2026-10-07T05:34:04.943559+00:00,Wi-Fi,Wi-Fi,50.18,3.18,13.1,12.54,8.63,44.7,76209024936,227215146604,63516255,189371377,2585.34,53.4,synthetic_demo,MODERATE
2026-10-07T05:34:09.943559+00:00,Wi-Fi,Wi-Fi,22.08,0.0,2.73,71.56,22.42,97.5,76223034623,227259870105,63527929,189408646,11471.33,26.92,synthetic_demo,GOOD
2026-10-07T05:34:14.943559+00:00,Wi-Fi,Wi-Fi,52.42,3.02,13.78,6.6,2.34,54.6,76224498713,227263997793,63529149,189412085,1092.14,44.46,synthetic_demo,MODERATE
2026-10-07T05:34:19.943559+00:00,Ethernet0,Ethernet,8.42,0.0,0.75,148.45,36.64,,76247395628,227356779387,63548229,189489402,22593.46,21.94,synthetic_demo,GOOD
2026-10-07T05:34:24.943559+00:00,Wi-Fi,Wi-Fi,31.14,0.0,1.41,41.1,28.65,93.5,76265301012,227382469694,63563150,189510810,8514.78,27.33,synthetic_demo,GOOD
2026-10-07T05:34:29.943559+00:00,Ethernet0,Ethernet,99.35,2.07,20.22,10.37,2.19,,76266672306,227388952758,63564292,189516212,1534.05,87.9,synthetic_demo,MODERATE
2026-10-07T05:34:34.943559+00:00,Wi-Fi,Wi-Fi,25.98,0.0,4.65,90.87,19.37,93.8,76278778808,227445744070,63574380,189563538,13456.6,26.13,synthetic_demo,GOOD
2026-10-07T05:34:39.943559+00:00,Ethernet0,Ethernet,108.45,3.5,32.64,9.98,4.94,,76281866507,227451978635,63576953,189568733,1820.75,89.78,synthetic_demo,POOR
2026-10-07T05:34:44.943559+00:00,Ethernet0,Ethernet,10.74,0.0,3.33,129.99,46.09,,76310669784,227533222719,63600955,189636436,21493.63,32.31,synthetic_demo,GOOD
2026-10-07T05:34:49.943559+00:00,Wi-Fi,Wi-Fi,169.98,9.99,31.82,7.05,2.85,41.2,76312448670,227537627710,63602437,189640106,1207.79,54.21,synthetic_demo,POOR
2026-10-07T05:34:54.943559+00:00,Wi-Fi,Wi-Fi,75.57,2.64,12.81,12.38,8.52,50.1,76317775912,227545362731,63606876,189646551,2551.22,69.49,synthetic_demo,MODERATE
2026-10-07T05:34:59.943559+00:00,Ethernet0,Ethernet,8.14,0.0,2.97,179.78,21.53,,76331232666,227657723023,63618089,189740184,24573.64,21.37,synthetic_demo,GOOD
2026-10-07T05:35:04.943559+00:00,Ethernet0,Ethernet,11.15,0.0,0.68,140.61,36.99,,76354348541,227745601524,63637352,189813416,21678.59,5.27,synthetic_demo,GOOD
2026-10-07T05:35:09.943559+00:00,Wi-Fi,Wi-Fi,67.03,2.37,20.65,24.13,2.88,45.8,76356148220,227760684159,63638851,189825984,3297.33,47.3,synthetic_demo,MODERATE
2026-10-07T05:35:14.943559+00:00,Wi-Fi,Wi-Fi,105.31,8.11,34.72,7.17,3.74,39.9,76358487534,227765163355,63640800,189829716,1331.74,59.56,synthetic_demo,POOR
2026-10-07T05:35:19.943559+00:00,Wi-Fi,Wi-Fi,21.9,0.0,4.25,51.74,27.46,85.7,76375648270,227797499819,63655100,189856663,9667.42,19.26,synthetic_demo,GOOD
2026-10-07T05:35:24.943559+00:00,Wi-Fi,Wi-Fi,29.31,0.0,0.96,92.24,27.25,86.9,76392678036,227855149292,63669291,189904704,14585.79,11.6,synthetic_demo,GOOD
2026-10-07T05:35:29.943559+00:00,Wi-Fi,Wi-Fi,129.91,11.36,35.11,4.95,3.27,26.1,76394718875,227858240930,63670991,189907280,1002.44,83.17,synthetic_demo,POOR
2026-10-07T05:35:34.943559+00:00,Ethernet0,Ethernet,116.58,2.78,10.53,11.05,3.76,,76397068813,227865145884,63672949,189913034,1807.6,88.74,synthetic_demo,MODERATE
2026-10-07T05:35:39.943559+00:00,Wi-Fi,Wi-Fi,23.74,0.0,8.31,71.21,16.16,88.0,76407170386,227909652305,63681366,189950122,10665.62,10.2,synthetic_demo,MODERATE
2026-10-07T05:35:44.943559+00:00,Wi-Fi,Wi-Fi,33.65,0.0,2.28,85.25,24.63,91.8,76422561482,227962936422,63694191,189994525,13413.13,21.81,synthetic_demo,GOOD
2026-10-07T05:35:49.943559+00:00,Ethernet0,Ethernet,12.14,0.0,0.36,161.9,35.75,,76444904360,228064122967,63712810,190078847,24126.84,7.45,synthetic_demo,GOOD
2026-10-07T05:35:54.943559+00:00,Wi-Fi,Wi-Fi,67.05,3.37,15.66,28.42,7.32,38.6,76449477314,228081887864,63716620,190093651,4362.86,62.17,synthetic_demo,POOR
2026-10-07T05:35:59.943559+00:00,Wi-Fi,Wi-Fi,32.19,0.0,0.81,59.97,17.28,88.9,76460277672,228119371442,63725620,190124887,9430.46,14.44,synthetic_demo,GOOD
2026-10-07T05:36:04.943559+00:00,Ethernet0,Ethernet,305.68,56.98,39.18,2.19,0.75,,76460746860,228120738753,63726010,190126026,358.69,75.8,synthetic_demo,POOR
2026-10-07T05:36:09.943559+00:00,Wi-Fi,Wi-Fi,28.98,0.0,6.09,95.39,30.25,81.3,76479650347,228180359973,63741762,190175710,15336.86,22.12,synthetic_demo,GOOD
2026-10-07T05:36:14.943559+00:00,Wi-Fi,Wi-Fi,18.15,0.0,1.71,96.45,27.78,88.9,76497012831,228240638270,63756230,190225941,15164.22,43.94,synthetic_demo,GOOD
2026-10-07T05:36:19.943559+00:00,Wi-Fi,Wi-Fi,76.1,1.73,23.48,23.32,8.23,48.4,76502157957,228255211638,63760517,190238085,3851.27,65.26,synthetic_demo,MODERATE
2026-10-07T05:36:24.943559+00:00,Wi-Fi,Wi-Fi,123.24,8.74,36.59,1.29,2.78,44.8,76503897514,228256016606,63761966,190238755,496.98,77.49,synthetic_demo,POOR
2026-10-07T05:36:29.943559+00:00,Wi-Fi,Wi-Fi,96.49,9.89,18.11,5.94,1.71,31.9,76504968792,228259727138,63762858,190241847,933.95,79.89,synthetic_demo,POOR
2026-10-07T05:36:34.943559+00:00,Wi-Fi,Wi-Fi,21.85,0.0,7.35,91.37,18.97,92.7,76516827658,228316835502,63772740,190289437,13470.16,21.18,synthetic_demo,GOOD
2026-10-07T05:36:39.943559+00:00,Ethernet0,Ethernet,115.57,1.13,5.26,12.01,3.74,,76519162047,228324340016,63774685,190295690,1921.66,93.75,synthetic_demo,MODERATE
2026-10-07T05:36:44.943559+00:00,Wi-Fi,Wi-Fi,76.43,2.82,16.98,13.57,10.27,41.7,76525583358,228332819831,63780036,190302756,2910.38,48.59,synthetic_demo,MODERATE
2026-10-07T05:36:49.943559+00:00,Wi-Fi,Wi-Fi,15.81,0.35,2.83,78.98,30.01,76.9,76544337514,228382179890,63795664,190343889,13303.56,41.97,synthetic_demo,GOOD
2026-10-07T05:36:54.943559+00:00,Ethernet0,Ethernet,12.12,0.0,0.96,129.32,45.89,,76573020756,228463003518,63819566,190411242,21388.06,34.65,synthetic_demo,GOOD
2026-10-07T05:36:59.943559+00:00,Wi-Fi,Wi-Fi,19.59,0.0,3.72,62.73,18.01,75.3,76584277235,228502212711,63828946,190443916,9856.58,23.19,synthetic_demo,GOOD
2026-10-07T05:37:04.943559+00:00,Ethernet0,Ethernet,12.1,0.05,3.02,131.91,56.98,,76619891261,228584654970,63858624,190512617,23057.87,22.62,synthetic_demo,GOOD
2026-10-07T05:37:09.943559+00:00,Wi-Fi,Wi-Fi,116.33,8.9,23.44,2.32,2.98,28.6,76621752640,228586107153,63860175,190513827,647.18,76.89,synthetic_demo,POOR
2026-10-07T05:37:14.943559+00:00,Wi-Fi,Wi-Fi,26.29,0.13,0.74,57.16,26.39,85.9,76638249416,228621832707,63873922,190543598,10199.67,24.47,synthetic_demo,GOOD
2026-10-07T05:37:19.943559+00:00,Wi-Fi,Wi-Fi,265.37,27.5,63.85,1.57,0.39,25.4,76638496001,228622816199,63874127,190544417,240.25,90.77,synthetic_demo,POOR
2026-10-07T05:37:24.943559+00:00,Wi-Fi,Wi-Fi,66.46,2.7,12.9,16.9,5.69,41.7,76642053354,228633377226,63877091,190553217,2757.5,69.35,synthetic_demo,MODERATE
2026-10-07T05:37:29.943559+00:00,Wi-Fi,Wi-Fi,64.83,1.36,9.89,26.1,4.19,43.1,76644669831,228649689403,63879271,190566810,3697.0,66.59,synthetic_demo,MODERATE
2026-10-07T05:37:34.943559+00:00,Wi-Fi,Wi-Fi,47.89,1.8,21.85,19.9,9.71,52.4,76650736828,228662125835,63884326,190577173,3613.95,72.66,synthetic_demo,MODERATE
2026-10-07T05:37:39.943559+00:00,Ethernet0,Ethernet,10.79,0.0,0.39,152.04,48.75,,76681205654,228757148539,63909716,190656358,24510.06,13.85,synthetic_demo,GOOD
2026-10-07T05:37:44.943559+00:00,Wi-Fi,Wi-Fi,14.53,0.0,1.54,62.67,22.34,92.6,76695170493,228796315271,63921353,190688996,10377.26,23.83,synthetic_demo,GOOD
2026-10-07T05:37:49.943559+00:00,Ethernet0,Ethernet,10.51,0.0,0.25,178.91,39.99,,76720166869,228908135358,63942183,190782179,26721.97,24.67,synthetic_demo,GOOD
2026-10-07T05:37:54.943559+00:00,Wi-Fi,Wi-Fi,109.31,2.76,24.89,23.22,6.88,44.2,76724465007,228922648117,63945764,190794272,3674.0,54.98,synthetic_demo,MODERATE
2026-10-07T05:37:59.943559+00:00,Wi-Fi,Wi-Fi,18.22,0.0,1.12,91.41,19.67,87.8,76736756690,228979782028,63956007,190841883,13559.69,11.05,synthetic_demo,GOOD
2026-10-07T05:38:04.943559+00:00,Wi-Fi,Wi-Fi,144.65,1.12,23.64,16.75,4.04,60.1,76739279557,228990253041,63958109,190850608,2537.87,88.86,synthetic_demo,POOR
2026-10-07T05:38:09.943559+00:00,Ethernet0,Ethernet,12.43,0.0,0.1,199.51,67.37,,76781385984,229114948008,63993197,190954520,32578.4,10.32,synthetic_demo,GOOD
2026-10-07T05:38:14.943559+00:00,Ethernet0,Ethernet,12.05,0.0,1.19,177.62,38.06,,76805174468,229225959630,64013020,191047029,26328.15,10.76,synthetic_demo,GOOD
2026-10-07T05:38:19.943559+00:00,Wi-Fi,Wi-Fi,35.74,0.0,1.52,46.86,29.05,89.7,76823331152,229255246569,64028150,191071434,9266.33,41.21,synthetic_demo,GOOD
2026-10-07T05:38:24.943559+00:00,Ethernet0,Ethernet,302.52,40.52,72.76,0.44,0.54,,76823666941,229255522217,64028429,191071663,119.42,85.74,synthetic_demo,POOR
2026-10-07T05:38:29.943559+00:00,Ethernet0,Ethernet,90.67,3.77,21.1,17.69,1.12,,76824364961,229266576400,64029010,191080874,2295.35,96.62,synthetic_demo,MODERATE
2026-10-07T05:38:34.943559+00:00,Wi-Fi,Wi-Fi,27.52,0.0,4.43,70.66,19.84,87.4,76836766404,229310738382,64039344,191117675,11047.54,14.36,synthetic_demo,GOOD
2026-10-07T05:38:39.943559+00:00,Wi-Fi,Wi-Fi,60.54,3.38,13.85,21.97,8.76,39.1,76842238701,229324471405,64043904,191129119,3751.04,51.69,synthetic_demo,POOR
2026-10-07T05:38:44.943559+00:00,Ethernet0,Ethernet,12.29,0.0,0.1,126.94,47.74,,76872073494,229403806267,64068766,191195231,21322.2,26.42,synthetic_demo,GOOD
2026-10-07T05:38:49.943559+00:00,Ethernet0,Ethernet,223.41,48.89,40.52,1.91,0.15,,76872167467,229405001138,64068844,191196226,251.73,80.43,synthetic_demo,POOR
2026-10-07T05:38:54.943559+00:00,Wi-Fi,Wi-Fi,111.83,2.01,29.94,9.13,4.47,81.5,76874963637,229410705370,64071174,191200979,1660.23,91.87,synthetic_demo,POOR
2026-10-07T05:38:59.943559+00:00,Wi-Fi,Wi-Fi,23.5,0.0,2.57,66.54,29.3,94.3,76893275968,229452291814,64086434,191235634,11698.98,33.69,synthetic_demo,GOOD
2026-10-07T05:39:04.943559+00:00,Wi-Fi,Wi-Fi,70.23,0.81,8.02,19.12,5.22,53.3,76896537943,229464242854,64089152,191245593,2971.29,74.08,synthetic_demo,MODERATE
2026-10-07T05:39:09.943559+00:00,Ethernet0,Ethernet,9.89,0.0,0.34,137.0,58.34,,76933002932,229549864968,64119539,191316944,23845.14,29.31,synthetic_demo,GOOD
2026-10-07T05:39:14.943559+00:00,Ethernet0,Ethernet,214.75,36.7,77.36,0.67,0.83,,76933522893,229550286366,64119972,191317295,183.86,70.53,synthetic_demo,POOR
2026-10-07T05:39:19.943559+00:00,Ethernet0,Ethernet,12.88,0.0,2.24,171.43,40.68,,76958949235,229657428387,64141160,191406580,25892.26,11.42,synthetic_demo,GOOD
2026-10-07T05:39:24.943559+00:00,Wi-Fi,Wi-Fi,109.39,2.64,18.27,24.26,5.89,46.2,76962633346,229672591294,64144230,191419215,3681.06,70.67,synthetic_demo,MODERATE
2026-10-07T05:39:29.943559+00:00,Ethernet0,Ethernet,15.46,0.0,2.81,143.82,46.77,,76991864939,229762481191,64168589,191494123,23265.92,18.17,synthetic_demo,GOOD
2026-10-07T05:39:34.943559+00:00,Wi-Fi,Wi-Fi,122.83,1.51,26.03,11.94,5.62,83.4,76995380409,229769943129,64171518,191500341,2144.03,86.21,synthetic_demo,POOR
2026-10-07T05:39:39.943559+00:00,Wi-Fi,Wi-Fi,118.44,1.81,17.78,12.64,3.44,73.9,76997530915,229777845051,64173310,191506925,1963.36,97.34,synthetic_demo,MODERATE
2026-10-07T05:39:44.943559+00:00,Ethernet0,Ethernet,77.71,3.48,23.92,8.71,2.44,,76999054417,229783288491,64174579,191511461,1360.73,92.77,synthetic_demo,MODERATE
2026-10-07T05:39:49.943559+00:00,Wi-Fi,Wi-Fi,71.76,1.57,11.48,16.39,6.85,54.0,77003338066,229793534598,64178148,191519999,2837.84,68.36,synthetic_demo,MODERATE
2026-10-07T05:39:54.943559+00:00,Wi-Fi,Wi-Fi,127.14,9.44,21.42,0.02,2.64,40.2,77004987456,229793547638,64179522,191520009,324.69,60.22,synthetic_demo,POOR
2026-10-07T05:39:59.943559+00:00,Ethernet0,Ethernet,11.84,0.0,1.35,129.38,62.29,,77043920342,229874408556,64211966,191587393,23397.23,8.89,synthetic_demo,GOOD
2026-10-07T05:40:04.943559+00:00,Wi-Fi,Wi-Fi,20.61,0.0,0.53,93.12,30.03,78.1,77062686616,229932605443,64227604,191635890,15031.87,32.87,synthetic_demo,GOOD
2026-10-07T05:40:09.943559+00:00,Ethernet0,Ethernet,9.8,0.0,0.61,136.09,51.58,,77094922780,230017662436,64254467,191706770,22908.82,25.08,synthetic_demo,GOOD
2026-10-07T05:40:14.943559+00:00,Wi-Fi,Wi-Fi,185.92,24.23,35.99,2.36,0.91,27.4,77095491867,230019137422,64254941,191707999,399.23,73.19,synthetic_demo,POOR
2026-10-07T05:40:19.943559+00:00,Wi-Fi,Wi-Fi,27.87,0.0,2.79,54.54,30.0,78.1,77114243453,230053226558,64270567,191736406,10320.45,40.86,synthetic_demo,GOOD
2026-10-07T05:40:24.943559+00:00,Ethernet0,Ethernet,93.65,3.71,23.14,7.38,2.05,,77115522718,230057838294,64271633,191740249,1150.59,92.65,synthetic_demo,MODERATE
2026-10-07T05:40:29.943559+00:00,Ethernet0,Ethernet,120.87,1.92,19.19,11.33,2.28,,77116948841,230064917256,64272821,191746148,1661.15,94.26,synthetic_demo,MODERATE
2026-10-07T05:40:34.943559+00:00,Ethernet0,Ethernet,13.11,0.0,2.87,133.87,49.16,,77147671525,230148586676,64298423,191815872,22342.21,19.94,synthetic_demo,GOOD
2026-10-07T05:40:39.943559+00:00,Ethernet0,Ethernet,15.3,0.0,0.11,151.97,42.63,,77174317523,230243568415,64320627,191895023,23755.42,7.68,synthetic_demo,GOOD
2026-10-07T05:40:44.943559+00:00,Wi-Fi,Wi-Fi,27.08,0.0,0.24,72.86,31.38,88.5,77193926899,230289104929,64336968,191932970,12723.81,30.19,synthetic_demo,GOOD
2026-10-07T05:40:49.943559+00:00,Wi-Fi,Wi-Fi,23.25,0.0,2.69,90.74,17.58,77.2,77204914169,230345819612,64346124,191980232,13223.04,25.26,synthetic_demo,GOOD
2026-10-07T05:40:54.943559+00:00,Ethernet0,Ethernet,11.19,0.0,1.47,146.26,65.31,,77245730034,230437233657,64380137,192056410,25826.15,14.65,synthetic_demo,GOOD
2026-10-07T05:40:59.943559+00:00,Ethernet0,Ethernet,13.09,0.11,0.6,150.71,48.46,,77276015807,230531428304,64405375,192134905,24312.58,24.23,synthetic_demo,GOOD
2026-10-07T05:41:04.943559+00:00,Wi-Fi,Wi-Fi,102.38,8.46,32.71,4.73,1.3,31.2,77276827841,230534383403,64406051,192137367,735.77,80.05,synthetic_demo,POOR
2026-10-07T05:41:09.943559+00:00,Wi-Fi,Wi-Fi,180.77,30.66,79.07,1.99,0.74,25.1,77277291142,230535629350,64406437,192138405,333.84,75.77,synthetic_demo,POOR
2026-10-07T05:41:14.943559+00:00,Wi-Fi,Wi-Fi,17.9,0.0,1.6,60.46,26.35,97.1,77293758307,230573417894,64420159,192169895,10596.82,29.65,synthetic_demo,GOOD
2026-10-07T05:41:19.943559+00:00,Wi-Fi,Wi-Fi,13.09,0.0,9.16,64.22,27.93,89.5,77311213512,230613556349,64434705,192203343,11248.76,39.41,synthetic_demo,MODERATE
2026-10-07T05:41:24.943559+00:00,Ethernet0,Ethernet,16.38,0.0,0.18,161.71,67.81,,77353593905,230714625552,64470021,192287567,28017.5,33.99,synthetic_demo,GOOD
2026-10-07T05:41:29.943559+00:00,Ethernet0,Ethernet,83.44,2.35,19.35,8.15,4.8,,77356595463,230719718914,64472522,192291811,1581.04,94.09,synthetic_demo,MODERATE
2026-10-07T05:41:34.943559+00:00,Wi-Fi,Wi-Fi,123.02,9.79,35.25,6.28,1.67,44.5,77357639144,230723643072,64473391,192295081,970.28,77.0,synthetic_demo,POOR
2026-10-07T05:41:39.943559+00:00,Ethernet0,Ethernet,11.51,0.0,0.1,147.76,43.4,,77384764545,230815995668,64495995,192372041,23335.55,13.98,synthetic_demo,GOOD
2026-10-07T05:41:44.943559+00:00,Ethernet0,Ethernet,13.88,0.0,2.16,131.8,40.11,,77409833172,230898371329,64516885,192440687,20985.21,21.23,synthetic_demo,GOOD
2026-10-07T05:41:49.943559+00:00,Wi-Fi,Wi-Fi,112.67,1.52,15.8,6.93,3.47,82.0,77412005041,230902702450,64518694,192444296,1270.12,89.58,synthetic_demo,MODERATE
2026-10-07T05:41:54.943559+00:00,Wi-Fi,Wi-Fi,75.79,3.45,18.53,12.86,6.72,52.8,77416204614,230910739201,64522193,192450993,2389.91,56.4,synthetic_demo,MODERATE
2026-10-07T05:41:59.943559+00:00,Ethernet0,Ethernet,13.01,0.0,3.21,140.41,44.8,,77444203032,230998497272,64545525,192524124,22608.69,12.69,synthetic_demo,GOOD
2026-10-07T05:42:04.943559+00:00,Wi-Fi,Wi-Fi,93.93,2.7,11.36,18.74,5.29,46.8,77447510928,231010212362,64548281,192533886,2934.18,43.0,synthetic_demo,MODERATE
2026-10-07T05:42:09.943559+00:00,Wi-Fi,Wi-Fi,23.39,0.0,2.36,69.21,22.18,95.9,77461376358,231053466093,64559835,192569930,11156.09,34.4,synthetic_demo,GOOD
2026-10-07T05:42:14.943559+00:00,Wi-Fi,Wi-Fi,28.62,0.0,2.67,69.45,31.66,83.5,77481164174,231096870153,64576324,192606100,12342.16,18.71,synthetic_demo,GOOD
2026-10-07T05:42:19.943559+00:00,Ethernet0,Ethernet,89.16,3.09,34.53,13.2,6.04,,77484936374,231105122695,64579467,192612977,2348.58,93.19,synthetic_demo,POOR
2026-10-07T05:42:24.943559+00:00,Wi-Fi,Wi-Fi,122.46,5.97,32.74,7.5,2.83,26.1,77486706541,231109810830,64580942,192616883,1261.39,81.93,synthetic_demo,POOR
2026-10-07T05:42:29.943559+00:00,Wi-Fi,Wi-Fi,27.01,0.0,0.18,82.22,17.68,76.1,77497758565,231161201064,64590152,192659708,12195.75,10.03,synthetic_demo,GOOD
2026-10-07T05:42:34.943559+00:00,Ethernet0,Ethernet,299.78,26.59,52.57,0.77,0.12,,77497835858,231161684625,64590216,192660110,109.54,86.16,synthetic_demo,POOR
2026-10-07T05:42:39.943559+00:00,Wi-Fi,Wi-Fi,17.84,0.0,5.69,57.02,25.29,79.5,77513641369,231197322860,64603387,192689808,10047.61,17.43,synthetic_demo,GOOD
2026-10-07T05:42:44.943559+00:00,Wi-Fi,Wi-Fi,81.0,2.29,29.63,11.93,4.3,67.0,77516330824,231204781797,64605628,192696023,1982.11,96.46,synthetic_demo,POOR
2026-10-07T05:42:49.943559+00:00,Wi-Fi,Wi-Fi,29.57,0.0,4.8,79.74,30.31,92.3,77535271826,231254619118,64621412,192737554,13433.27,37.17,synthetic_demo,GOOD
2026-10-07T05:42:54.943559+00:00,Wi-Fi,Wi-Fi,182.78,10.44,32.29,4.5,2.03,25.4,77536541693,231257429378,64622470,192739895,796.9,82.86,synthetic_demo,POOR
2026-10-07T05:42:59.943559+00:00,Wi-Fi,Wi-Fi,95.09,8.02,16.86,7.79,0.45,40.7,77536823767,231262300391,64622705,192743954,1006.46,59.01,synthetic_demo,POOR
2026-10-07T05:43:04.943559+00:00,Ethernet0,Ethernet,14.08,0.0,0.59,173.51,47.42,,77566463234,231370741289,64647404,192834321,26968.82,16.24,synthetic_demo,GOOD
2026-10-07T05:43:09.943559+00:00,Ethernet0,Ethernet,289.41,56.41,81.95,1.2,0.26,,77566624401,231371489113,64647538,192834944,177.54,73.72,synthetic_demo,POOR
2026-10-07T05:43:14.943559+00:00,Wi-Fi,Wi-Fi,137.26,5.52,32.43,4.84,2.0,34.0,77567872407,231374517154,64648578,192837467,835.17,62.18,synthetic_demo,POOR
2026-10-07T05:43:19.943559+00:00,Ethernet0,Ethernet,121.19,2.7,13.06,6.9,5.15,,77571088220,231378830425,64651257,192841061,1470.52,95.06,synthetic_demo,MODERATE
2026-10-07T05:43:24.943559+00:00,Ethernet0,Ethernet,17.07,0.0,2.27,170.97,42.08,,77597389033,231485689723,64673174,192930110,26007.83,18.5,synthetic_demo,GOOD
2026-10-07T05:43:29.943559+00:00,Wi-Fi,Wi-Fi,147.62,6.37,34.59,4.82,0.48,26.0,77597688591,231488704675,64673423,192932622,647.37,74.0,synthetic_demo,POOR
2026-10-07T05:43:34.943559+00:00,Wi-Fi,Wi-Fi,108.12,7.99,44.41,3.83,2.15,39.2,77599034594,231491095517,64674544,192934614,729.85,68.43,synthetic_demo,POOR
2026-10-07T05:43:39.943559+00:00,Wi-Fi,Wi-Fi,32.15,0.0,0.3,86.91,27.57,91.4,77616263301,231545416517,64688901,192979881,13974.55,19.15,synthetic_demo,GOOD
2026-10-07T05:43:44.943559+00:00,Wi-Fi,Wi-Fi,305.89,52.17,74.56,1.42,0.61,11.4,77616641993,231546306410,64689216,192980622,247.77,79.07,synthetic_demo,POOR
2026-10-07T05:43:49.943559+00:00,Ethernet0,Ethernet,7.26,0.0,0.98,145.47,58.21,,77653023127,231637227990,64719533,193056389,24863.81,28.47,synthetic_demo,GOOD
2026-10-07T05:43:54.943559+00:00,Ethernet0,Ethernet,13.85,0.0,0.66,141.14,51.24,,77685048937,231725443532,64746221,193129901,23484.64,15.12,synthetic_demo,GOOD
2026-10-07T05:43:59.943559+00:00,Wi-Fi,Wi-Fi,113.43,0.67,17.45,14.4,5.03,40.8,77688194238,231734445702,64748842,193137402,2372.55,55.71,synthetic_demo,MODERATE
2026-10-07T05:44:04.943559+00:00,Wi-Fi,Wi-Fi,76.44,2.71,18.2,13.6,3.01,49.5,77690077994,231742947675,64750411,193144486,2028.46,48.27,synthetic_demo,MODERATE
2026-10-07T05:44:09.943559+00:00,Wi-Fi,Wi-Fi,98.35,1.16,14.24,14.26,5.65,35.2,77693609835,231751860412,64753354,193151913,2430.58,45.43,synthetic_demo,MODERATE
2026-10-07T05:44:14.943559+00:00,Ethernet0,Ethernet,9.82,0.0,2.38,165.69,40.52,,77718934437,231855415479,64774457,193238208,25171.81,25.05,synthetic_demo,GOOD
2026-10-07T05:44:19.943559+00:00,Wi-Fi,Wi-Fi,276.11,48.24,51.62,1.92,0.59,23.3,77719300494,231856618502,64774762,193239210,306.46,85.26,synthetic_demo,POOR
2026-10-07T05:44:24.943559+00:00,Ethernet0,Ethernet,14.2,0.13,1.49,168.21,48.57,,77749659158,231961748798,64800060,193326818,26462.69,31.96,synthetic_demo,GOOD
2026-10-07T05:44:29.943559+00:00,Ethernet0,Ethernet,10.28,0.0,2.29,142.59,39.69,,77774464832,232050865922,64820731,193401082,22250.55,10.48,synthetic_demo,GOOD
2026-10-07T05:44:34.943559+00:00,Ethernet0,Ethernet,14.99,0.0,2.96,163.34,26.47,,77791010838,232152951346,64834519,193486153,23170.2,21.58,synthetic_demo,GOOD
2026-10-07T05:44:39.943559+00:00,Wi-Fi,Wi-Fi,48.35,2.29,12.09,9.07,3.5,55.0,77793198954,232158619725,64836342,193490876,1534.47,49.9,synthetic_demo,MODERATE
2026-10-07T05:44:44.943559+00:00,Ethernet0,Ethernet,265.46,39.94,31.36,1.46,0.14,,77793284243,232159530254,64836413,193491634,194.5,81.61,synthetic_demo,POOR
2026-10-07T05:44:49.943559+00:00,Wi-Fi,Wi-Fi,101.13,1.35,23.48,13.8,2.97,63.3,77795140942,232168153575,64837960,193498820,2046.88,95.19,synthetic_demo,MODERATE
2026-10-07T05:44:54.943559+00:00,Wi-Fi,Wi-Fi,109.2,8.78,53.16,7.37,1.91,38.5,77796335583,232172758598,64838955,193502657,1132.75,75.68,synthetic_demo,POOR
2026-10-07T05:44:59.943559+00:00,Ethernet0,Ethernet,15.29,0.0,0.65,157.16,41.06,,77821999943,232270986114,64860341,193584513,24197.63,28.06,synthetic_demo,GOOD
2026-10-07T05:45:04.943559+00:00,Wi-Fi,Wi-Fi,74.54,1.69,8.09,14.07,4.49,39.8,77824803766,232279779629,64862677,193591840,2265.11,54.66,synthetic_demo,MODERATE
2026-10-07T05:45:09.943559+00:00,Wi-Fi,Wi-Fi,30.26,0.23,0.1,43.08,25.07,90.8,77840475595,232306705614,64875736,193614278,8319.89,36.99,synthetic_demo,GOOD
2026-10-07T05:45:14.943559+00:00,Wi-Fi,Wi-Fi,16.5,0.21,1.31,58.61,29.92,92.1,77859178373,232343337707,64891321,193644804,10807.59,31.08,synthetic_demo,GOOD
2026-10-07T05:45:19.943559+00:00,Ethernet0,Ethernet,12.47,0.0,0.25,166.38,50.43,,77890695586,232447327066,64917585,193731461,26466.13,34.23,synthetic_demo,GOOD
2026-10-07T05:45:24.943559+00:00,Ethernet0,Ethernet,92.31,1.85,20.14,12.39,1.62,,77891708125,232455070944,64918428,193737914,1710.24,85.69,synthetic_demo,MODERATE
2026-10-07T05:45:29.943559+00:00,Wi-Fi,Wi-Fi,71.45,1.25,16.99,28.36,5.87,50.0,77895377033,232472792865,64921485,193752682,4177.9,73.41,synthetic_demo,MODERATE
2026-10-07T05:45:34.943559+00:00,Ethernet0,Ethernet,99.72,1.0,17.39,9.46,6.68,,77899551135,232478707221,64924963,193757610,1970.4,87.14,synthetic_demo,MODERATE
2026-10-07T05:45:39.943559+00:00,Wi-Fi,Wi-Fi,19.68,0.0,4.5,101.12,16.64,87.5,77909950266,232541906110,64933628,193810275,14374.61,30.38,synthetic_demo,GOOD
2026-10-07T05:45:44.943559+00:00,Ethernet0,Ethernet,11.19,0.0,0.17,157.82,71.5,,77954636787,232640546519,64970866,193892475,27993.54,5.38,synthetic_demo,GOOD
